url,address,name,online_order,book_table,rate,votes,location,rest_type,cuisines,approx_costfor_two_people,listed_intype,listed_incity,popularity_score,price_tier,locality_avg_rating,above_locality_avg,rest_type_count,cuisine_count,log_votes,approx_cost,dbscan_cluster
https://www.zomato.com/bangalore/empire-restaurant-jayanagar?context=eyJzZSI6eyJlIjpbIjU5MDg2IiwiMTgzNTk5MTgiLCIxODYxODM0MyIsIjU3MzI1Iiw1NTM5NywiMTg1NjMwOTciLCI1Njg4MyIsIjE4MzA3ODA2IiwiNTg2MzYiLCI1MzYwMSIsIjE4NTY1Njc5IiwiMTg1NTk4OTciLCIxODY5NzIxMSIsIjUyMjU1IiwiNTEzNDgiLCIxODM3MTI3MiIsIjE4NzgyMjA5IiwiMTg3ODc4ODMiLCIxODA4OTY4MiIsIjE4NTIxOTEyIiwiNTYwOTgiLCIxODA4OTY5MyJdLCJ0IjoiRGVsaXZlcnkgUmVzdGF1cmFudHMgaW4gQmFuYXNoYW5rYXJpIn19,"4, Opposite NMKRV College, 21st C Cross Road, 3rd Block, Jayanagar, Bangalore",Empire Restaurant,1,0,4.4,4884,Jayanagar,Casual Dining,"North Indian, Mughlai, South Indian, Chinese",150.0,Delivery,Banashankari,21489.6,low,3.767613636363636,1,1,4,8.493924564476883,75.0,-1
https://www.zomato.com/bangalore/freshmenu-banashankari?context=eyJzZSI6eyJlIjpbIjE4Nzg3ODgzIiwiMTgwODk2ODIiLCIxODUyMTkxMiIsIjU2MDk4IiwxODA4OTY5MywiMTg2NDUyNjAiLCIxODY2NzU2NyIsIjU2NzA0IiwiMTg4NjY0NzgiLCIxODc0MzAyOSIsIjE4NzI2MTc0IiwiMTg3Mjc5NDEiLCI1MDAwMSIsIjU2NDU2IiwiNTE3MzMiLCIxODc0NTg4NSIsIjU5NTIxIiwiMTg1ODYyMzgiLCIxODgyMTc2NSIsIjE4ODc4OTgyIl0sInQiOiJEZWxpdmVyeSBSZXN0YXVyYW50cyBpbiBCYW5hc2hhbmthcmkifX0=,"10, Stavyah Arcade, 3rd Floor 9th Main, Yarab Nagar Main Road, Banashankari, Bangalore",FreshMenu,1,0,3.9,627,Banashankari,Delivery,"Healthy Food, Chinese, Biryani, North Indian, Continental, Salad, American, Burger",800.0,Delivery,Banashankari,2445.3,high,3.647349823321555,1,1,8,6.442540166468199,400.0,-1
https://www.zomato.com/bangalore/kabab-magic-basavanagudi?context=eyJzZSI6eyJlIjpbIjE4NzI2MTc0IiwiMTg3Mjc5NDEiLCI1MDAwMSIsIjU2NDU2Iiw1MTczMywiMTg3NDU4ODUiLCI1OTUyMSIsIjE4NTg2MjM4IiwiMTg4MjE3NjUiLCIxODg3ODk4MiIsIjYwNTg1IiwiMTg5MDI2MzgiLCIxODMwNjIwOCIsIjU0Nzg3IiwiMTg5MTg1MDQiXSwidCI6IkRlbGl2ZXJ5IFJlc3RhdXJhbnRzIGluIEJhbmFzaGFua2FyaSJ9fQ==,"31, Opposite Vijaya College, RV Road, Basavanagudi, Bangalore",Kabab Magic,1,0,4.1,1720,Basavanagudi,Quick Bites,"North Indian, Kebab, Chinese, Fast Food",1200.0,Delivery,Banashankari,7051.999999999999,high,3.6814634146341465,1,1,4,7.450660796211539,600.0,-1
https://www.zomato.com/bangalore/meghana-foods-jayanagar?context=eyJzZSI6eyJlIjpbIjYxMDMxIiwiNTg2MzkiLCIxODcyNDgyNyIsIjYwODg1Iiw1MTIzMiwiNTczMzkiLCIxODcxMDAyMSIsIjE4NjgwMDgwIiwiMTg0NDgzMzYiLCIxODY0NzIxOCIsIjE4NjM0OTIwIiwiMTg2MTE1MjUiLCI1MTQyNCIsIjU1OTQyIiwiNTgwNDMiLCI1Mjg5NCIsIjE4NTk4MTQ4IiwiMTgyNjMzODUiLCIxODIyMTU0MiJdLCJ0IjoiRGVsaXZlcnkgUmVzdGF1cmFudHMgaW4gQmFuYXNoYW5rYXJpIn19,"52, 1st Floor, 33rd Cross, 4th Block, Jayanagar, Bangalore",Meghana Foods,1,0,4.4,4401,Jayanagar,Casual Dining,"Biryani, North Indian, Chinese",500.0,Delivery,Banashankari,19364.4,medium,3.767613636363636,1,1,3,8.389814262086407,250.0,-1
https://www.zomato.com/bangalore/starlite-bakery-fastfood-jayanagar-bangalore?context=eyJzZSI6eyJlIjpbIjE4ODAwNDkxIiwiMTg4NzEwODgiLCIxODg4NTgxNSIsIjE4ODU5NTgyIiwxODg1OTYyNSwiMTg4NjU3ODIiLCIxODg2Njg2OCIsIjE4ODY1NTg4IiwiMTg4NDA0MTMiLCIxODg0ODkzOCIsIjE4NzYzMDE4IiwiMTg5MzA1MzIiLCIxODg5MDk0MCIsIjE4ODg2Mjc4IiwiMTg4ODczOTAiLCIxODkwMDQyNiIsIjU4Njk0IiwiNTE4MTUiLCIxODcyOTM5MiIsIjE4OTQ2MjE0IiwiMTg3MTYwNjEiXSwidCI6IkRlbGl2ZXJ5IFJlc3RhdXJhbnRzIGluIEJhbmFzaGFua2FyaSJ9fQ==,"25/4, 7th Block K.R Road, 8TH Cross Opposite, HDFC Bank, Jayanagar, Bangalore",Starlite Bakery & Fastfood,1,0,3.7,0,Jayanagar,Quick Bites,"North Indian, Chinese, Rolls, Bakery, Arabian, Charcoal Chicken, Desserts",800.0,Delivery,Banashankari,0.0,high,3.767613636363636,0,1,7,0.0,400.0,-1
https://www.zomato.com/bangalore/vidyarthi-bhavan-basavanagudi?context=eyJzZSI6eyJlIjpbIjU1OTk0IiwiNTE4MTEiLCI1NDM1MiIsIjE4MjI0Njc2Iiw1MTA2NSwiMTgyOTg3NjkiLCI1Njc5MSIsIjU0MzIzIiwiNTkyODkiLCI1MTQwMiIsIjE4Njc2NTUxIiwiNTI5OTMiLCI1MDE3NyIsIjU1MDkwIiwiNTE2MjkiLCI1NDM1MSIsIjE4ODY2ODY4IiwiMTg3MDk4MTkiLCI1NDA4NiIsIjYxNTc1IiwiNTc0MzUiLCI1OTY3NCIsIjYwMzE0Il0sInQiOiJEaW5lLU91dCBSZXN0YXVyYW50cyBpbiBCYW5hc2hhbmthcmkifX0=,"32, Gandhi Bazaar, Near Gandhi Bazaar Circle, Basavanagudi, Bangalore",Vidyarthi Bhavan,0,0,4.4,4460,Basavanagudi,Quick Bites,South Indian,900.0,Dine-out,Banashankari,19624.0,high,3.6814634146341465,1,1,1,8.403128235128264,450.0,-1
https://www.zomato.com/bangalore/fattoush-bannerghatta-road?context=eyJzZSI6eyJlIjpbIjU0MTY1IiwxODIzNzkzMSwiMTgyOTAwNzMiLCIxODAxMTY2MyIsIjUxNjkzIiwiNTAwNjciLCIxODY3NjY4OSIsIjUxNTQxIiwiNjA2ODEiLCIxODc2OTczNCIsIjE4MTk4ODc4IiwiMTg0NzIzODkiXSwidCI6IlJlc3RhdXJhbnRzIGluIEJhbm5lcmdoYXR0YSBSb2FkIHNlcnZpbmcgQnVmZmV0In19,"128/54/10, First floor, Opposite IIM - B, Dasarapalya, Bannerghatta Road, Bangalore",Fattoush,1,1,4.2,1964,Bannerghatta Road,Casual Dining,"Arabian, Biryani, Chinese, Middle Eastern, Fast Food, North Indian, Mughlai, Seafood",200.0,Buffet,Bannerghatta Road,8248.800000000001,low,3.4839285714285717,1,1,8,7.583247524303362,100.0,-1
https://www.zomato.com/bangalore/empire-restaurant-bannerghatta-road?context=eyJzZSI6eyJlIjpbIjU0MTY1IiwiMTgyMzc5MzEiLDE4MjkwMDczLCIxODAxMTY2MyIsIjUxNjkzIiwiNTAwNjciLCIxODY3NjY4OSIsIjUxNTQxIiwiNjA2ODEiLCIxODc2OTczNCIsIjE4MTk4ODc4IiwiMTg0NzIzODkiLCIxODg1NjI2MiJdLCJ0IjoiUmVzdGF1cmFudHMgaW4gQmFubmVyZ2hhdHRhIFJvYWQgc2VydmluZyBCdWZmZXQifX0=,"4 & 5, Green Orchards Layout, 1st Cross, Bannerghatta Road, Bangalore",Empire Restaurant,1,0,4.3,3178,Bannerghatta Road,Casual Dining,"North Indian, Mughlai, South Indian, Chinese",800.0,Buffet,Bannerghatta Road,13665.4,high,3.4839285714285717,1,1,4,8.064321960910803,400.0,-1
https://www.zomato.com/bangalore/barbeque-nation-jp-nagar?context=eyJzZSI6eyJlIjpbIjE4MjM3OTMxIiwiMTgyOTAwNzMiLCIxODAxMTY2MyIsIjUxNjkzIiw1MDA2NywiMTg2NzY2ODkiLCI1MTU0MSIsIjYwNjgxIiwiMTg3Njk3MzQiLCIxODE5ODg3OCIsIjE4NDcyMzg5IiwiMTg4NTYyNjIiLCIxODY0MjM4NSIsIjUzNTkyIiwiNTcxODEiLCIxODYyNjAxMyJdLCJ0IjoiUmVzdGF1cmFudHMgaW4gQmFubmVyZ2hhdHRhIFJvYWQgc2VydmluZyBCdWZmZXQifX0=,"67, 15th Cross, 6th B Main, JP Nagar, Bangalore",Barbeque Nation,0,1,4.7,3845,JP Nagar,Casual Dining,"North Indian, European, Mediterranean, BBQ, Kebab",600.0,Buffet,Bannerghatta Road,18071.5,medium,3.649800796812749,1,1,5,8.254788926148725,300.0,-1
https://www.zomato.com/bangalore/eat-fit-btm-bangalore?context=eyJzZSI6eyJlIjpbMTg2Mjg2NTQsIjE4Njk4NjYzIiwiMTg2MjkzMzkiLCIxODg4NzQxMCIsIjE4ODQ0NDIzIiwiMTg3OTY4MTgiLCIxODU3NjQ4MCIsIjE4Nzk2ODE2IiwiMTg3OTY3MjUiLCIxODc5Njc5MyIsIjE4NjQzNjE4Il0sInQiOiJEZWxpdmVyeSBSZXN0YXVyYW50cyBpbiBCYW5uZXJnaGF0dGEgUm9hZCJ9fQ==,"96, 29th Main, 23rd Cross, 2nd Stage, BTM, Bangalore",eat.fit,1,0,4.5,1178,BTM,Delivery,"Healthy Food, North Indian, Biryani, Continental, Sandwich, Desserts",1100.0,Delivery,Bannerghatta Road,5301.0,high,3.569241773962804,1,1,6,7.072421900537371,550.0,-1
https://www.zomato.com/bangalore/box8-desi-meals-bannerghatta-road?context=eyJzZSI6eyJlIjpbIjU3ODI4IiwiMTg1NTUxNTQiLCIxODc3Mjc0MCIsIjU2NDg4IiwxODE3MzA3OCwiMTg1NTYyNDgiLCIxODQ1NzYwNCIsIjE4Nzk2ODM0IiwiMTg2MzE4MDIiLCI1NjkxMyIsIjU2OTAxIiwiMTg2NTE4NDUiLCI1NjAyOCIsIjU4ODI4IiwiMTg3OTc3OTEiXSwidCI6IkRlbGl2ZXJ5IFJlc3RhdXJhbnRzIGluIEJhbm5lcmdoYXR0YSBSb2FkIn19,"Shbari Complex, Arakere Mico Layout, Govinda Reddy Layout, Off B G Road, Bannerghatta Road, Bangalore",BOX8- Desi Meals,1,0,4.1,427,Bannerghatta Road,"Takeaway, Delivery","North Indian, Mughlai, Fast Food",1000.0,Delivery,Bannerghatta Road,1750.6999999999998,high,3.4839285714285717,1,2,3,6.059123195581797,500.0,-1
https://www.zomato.com/bangalore/kitchens@jp-nagar-jp-nagar-bangalore?context=eyJzZSI6eyJlIjpbIjU2NDg4IiwiMTgxNzMwNzgiLCIxODU1NjI0OCIsIjE4NDU3NjA0IiwxODc5NjgzNCwiMTg2MzE4MDIiLCI1NjkxMyIsIjU2OTAxIiwiMTg2NTE4NDUiLCI1NjAyOCIsIjU4ODI4IiwiMTg3OTc3OTEiLCIxODI1NDU2OCIsIjE4NjA4Nzg1IiwiNTg4NzEiLCI1OTc5NiIsIjYwMTI0IiwiNTgzNTkiLCIxODcxMTgyNyIsIjE4ODk2NjcyIiwiMTg5MDExNjciLCI1MDMwNyJdLCJ0IjoiRGVsaXZlcnkgUmVzdGF1cmFudHMgaW4gQmFubmVyZ2hhdHRhIFJvYWQifX0=,"#35/4, 24th main JP Nagar 7th phase, Puttenahalli, JP Nagar, Bangalore",Kitchens@JP Nagar,1,0,3.9,488,JP Nagar,"Takeaway, Delivery","Biryani, Kerala, Mughlai, Street Food, North Indian, Chinese, South Indian, Andhra",500.0,Delivery,Bannerghatta Road,1903.2,medium,3.649800796812749,1,2,8,6.192362489474872,250.0,-1
https://www.zomato.com/bangalore/brewsky-jp-nagar?context=eyJzZSI6eyJlIjpbIjE4ODk0Mzc3IiwiMTgxOTg4NzgiLCIxODc2NTg4OCIsIjE4ODE4ODAzIiw1NjYxOSwiMTg0NTgzOTgiLCI1ODgzMyIsIjUyODMxIiwiMTg3OTU1NDciLCI1MTg1MCIsIjE4Nzc5NjUxIiwiMTg2MTU4NDMiLCIxODU1MTk0MiIsIjE4NjczNDIzIiwiMTg5MDQ1NzAiXSwidCI6IkRlbGl2ZXJ5IFJlc3RhdXJhbnRzIGluIEJhbm5lcmdoYXR0YSBSb2FkIn19,"55, 5th Floor, Goenka Chambers, 19th Main Road, Jeewan Griha Colony, Phase 2, JP Nagar, Bangalore",Brewsky,1,1,4.4,4309,JP Nagar,Microbrewery,"Continental, American",300.0,Delivery,Bannerghatta Road,18959.6,low,3.649800796812749,1,1,2,8.368693183097793,150.0,-1
https://www.zomato.com/bangalore/indian-desi-momo-bommanahalli-bangalore?context=eyJzZSI6eyJlIjpbIjE4OTQyNzQ2IiwiMTg5MDE4ODAiLCIxODY2MzY5OCIsIjE4ODg0NTE2IiwxODgwNjc3MiwiMTg0MDc4OTkiLCIxODYyNTg4MiIsIjE4NjgxMzQxIiwiMTg2NDc4MjAiLCI1NzMwMSIsIjU0MjQ3IiwiMTg4MTI5NjUiLCIxODY0NDgxMCIsIjE4NzI3Mjc3IiwiMTg1OTMxMzgiLCIxODY3ODU0MyIsIjE4NzAwODkzIiwiMTg3MDk3NjYiLCIxODc4MTU5NSIsIjE4ODYyODYyIiwiNjAxNjAiXSwidCI6IkRlbGl2ZXJ5IFJlc3RhdXJhbnRzIGluIEJhbm5lcmdoYXR0YSBSb2FkIn19,"Devarachikkanahalli Main Road, Kaveri Nagar, Hongasandra, Near Bommanahalli, Bangalore",Indian Desi Momo,1,0,3.3,0,Bommanahalli,Takeaway,Momos,1700.0,Delivery,Bannerghatta Road,0.0,premium,3.295833333333333,1,1,1,0.0,850.0,-1
https://www.zomato.com/bangalore/watsons-jp-nagar?context=eyJzZSI6eyJlIjpbIjE4NjIwMzY5IiwiMTg1OTQ1NzMiLCIxODg5MzQzMyIsIjE4NjQ5NzQ3IiwxODIxNjY1MiwiMTg4Njc3NDMiLCIxODY5MTUxNiIsIjE4OTI4MTg1IiwiMTg0MTc1NjMiLCIxODg1MzYwOCIsIjU3NTk2IiwiNTU0NzAiLCIxODkzMzI3MCIsIjE4ODQ4NjgyIiwiMTg3MDY5MDEiLCIxODQ2MDA3NiIsIjE4Njc1Njg0IiwiMTg2NzkyODMiLCIxODM3Nzk0MSIsIjE4NjIyODAyIiwiMTg2NDI5MzMiXSwidCI6IkRlbGl2ZXJ5IFJlc3RhdXJhbnRzIGluIEJhbm5lcmdoYXR0YSBSb2FkIn19,"688, 2nd,Floor, 15th cross, 100ft Ring Road, Above Lathangi Ford Showroom, JP Nagar, Bangalore",Watson's,1,1,4.0,1010,JP Nagar,"Pub, Bar","Finger Food, Chinese, Continental",1200.0,Delivery,Bannerghatta Road,4040.0,high,3.649800796812749,1,2,3,6.918695219020472,600.0,-1
https://www.zomato.com/bangalore/tgi-fridays-bannerghatta-road?context=eyJzZSI6eyJlIjpbIjE4NTU4NDI0IiwiMTg1NDczNjgiLCI1NTY3OCIsIjE4ODcxMDQ4Iiw1MTgzMiwiNjA4OTYiLCIxODMwNDcyMSIsIjE4NzE1NDE4IiwiMTg5MjY3NDQiLCIxODYwMTYzNCIsIjE4MjI0NjUzIiwiMTg3MzkzNjIiLCIxODM1Mzc4NiIsIjE4MzA0NzQwIiwiMTg3NTQ4ODkiLCIxODgwNjkxMSIsIjE4NTQxNjQxIiwiMTg0ODc0NzkiLCIxODQ4MDAyNyIsIjE4NTc1NDg5IiwiMTg2NDA2NzgiLCIxODMwNTY0OCJdLCJ0IjoiRGVsaXZlcnkgUmVzdGF1cmFudHMgaW4gQmFubmVyZ2hhdHRhIFJvYWQifX0=,"4th Floor, Royal Meenakshi Mall, Hulimavu, Bannerghatta Road, Bangalore",TGI Fridays,1,1,3.9,1337,Bannerghatta Road,Lounge,"American, Burger, Italian, Steak",800.0,Delivery,Bannerghatta Road,5214.3,high,3.4839285714285717,1,1,4,7.198931240688173,400.0,-1
https://www.zomato.com/bangalore/three-dots-a-dash-jp-nagar?context=eyJzZSI6eyJlIjpbIjU5NDQ2IiwiNTAwNjciLCIxODY3NjY4OSIsIjU2NjE5IiwxODY1MTU0NSwiMTg3ODM1MjciLCI1ODc4NiIsIjUxNTQxIiwiMTgzODc0MTAiLCIxODkwMDA3MiIsIjYwNjgxIiwiMTg2MzExNTYiLCIxODYwNjA1NCIsIjE4NTcwMzA4IiwiNTY2MzUiLCIxODQ1NzAxMyIsIjE4NDU1NTc1Il0sInQiOiJEaW5lLU91dCBSZXN0YXVyYW50cyBpbiBCYW5uZXJnaGF0dGEgUm9hZCJ9fQ==,"47/1, 4th Floor, 9th Cross, 1st Main, Miniforest, Phase 3, JP Nagar, Bangalore",Three Dots & A Dash,0,1,4.3,1196,JP Nagar,"Bar, Casual Dining","European, Continental",1000.0,Dine-out,Bannerghatta Road,5142.8,high,3.649800796812749,1,2,2,7.087573705557973,500.0,-1
https://www.zomato.com/bangalore/fusion-theory-jayanagar-bangalore?context=eyJzZSI6eyJlIjpbIjUxODE1IiwxODkwMzQ5MiwiMTgyMjQ2NzYiLCI1OTI4OSIsIjU0MzMwIiwiNTE1MjMiLCI1NTAwMCIsIjU1Mzk3IiwiNTg2OTQiLCIxODg1OTU4MiIsIjU5MDkwIiwiMTgyMjQ2MzciXSwidCI6IlJlc3RhdXJhbnRzIGluIEJhc2F2YW5hZ3VkaSBzZXJ2aW5nIEJ1ZmZldCJ9fQ==,"34/1, 3rd & 4th Floor, 36th Cross, 6th Main, 4th Block, Jayanagar, Bengaluru",Fusion Theory,0,1,3.8,0,Jayanagar,Casual Dining,"Chinese, Continental, North Indian, South Indian, Beverages",1400.0,Buffet,Basavanagudi,0.0,high,3.767613636363636,1,1,5,0.0,700.0,-1
https://www.zomato.com/bangalore/punjabi-by-nature-2-0-btm-bangalore?context=eyJzZSI6eyJlIjpbIjU5MjY2IiwiNjAzMDgiLCIxODgwMjQ5NyIsIjE4Njc1NDU5Iiw1Mjg1OSwiNTg2MjQiLCI1MzM0MCIsIjE4NjYzODczIiwiNTQxMjAiLCIxODY4ODAzOCIsIjE4NjU0MTA0IiwiMTg2ODg0NDkiLCIxODY4MjI4NiIsIjU4NjA3IiwiMTgzNjU3NTYiXSwidCI6IkRlbGl2ZXJ5IFJlc3RhdXJhbnRzIGluIEJhc2F2YW5hZ3VkaSJ9fQ==,"6, Krishna Nagar Industrial Area, Behind Forum Mall, BTM, Bangalore",Punjabi by Nature 2.0,1,1,4.2,3227,BTM,"Casual Dining, Microbrewery",North Indian,300.0,Delivery,Basavanagudi,13553.4,low,3.569241773962804,1,2,1,8.07961802938984,150.0,-1
https://www.zomato.com/bangalore/mudpipe-cafe-btm?context=eyJzZSI6eyJlIjpbIjE4NjA1MjkzIiwiNTM4MTAiLCI1NDUzMCIsIjE4MzQwODk1Iiw2MDgwMywiMTg4NjM0MjAiLCIxODU3MDY4NCIsIjE4NzEzODM5IiwiMTg0NzIwMTQiLCIxODQ4NzIxNSIsIjUzODI4IiwiMTg1OTMxMzgiLCIxODU4MTE5MSIsIjE4NzgxMTE1IiwiNTA4NDMiLCIxODY0Mjk5NiIsIjE4NzAyNTk0IiwiMTg4MjE3MzIiLCIxODg1OTU4MiIsIjUwMDE2Il0sInQiOiJEZWxpdmVyeSBSZXN0YXVyYW50cyBpbiBCYXNhdmFuYWd1ZGkifX0=,"1, KDP Building, 4th Floor, Near Forum Mall, Above NEXA showroom, Hosur Road, BTM, Bangalore",Mudpipe Cafe,1,1,4.5,1872,BTM,Cafe,"Cafe, Continental, Burger",1500.0,Delivery,Basavanagudi,8424.0,high,3.569241773962804,1,1,3,7.535296702444088,750.0,-1
https://www.zomato.com/bangalore/chinese-house-jayanagar-bangalore?context=eyJzZSI6eyJlIjpbIjE4NDg3MjE1IiwiNTM4MjgiLCIxODU5MzEzOCIsIjE4NTgxMTkxIiwxODc4MTExNSwiNTA4NDMiLCIxODY0Mjk5NiIsIjE4NzAyNTk0IiwiMTg4MjE3MzIiLCIxODg1OTU4MiIsIjUwMDE2IiwiMTg2MDU5ODciLCI2MDI3MCIsIjE4NTc0Mjc3IiwiMTg0MTc1OTYiXSwidCI6IkRlbGl2ZXJ5IFJlc3RhdXJhbnRzIGluIEJhc2F2YW5hZ3VkaSJ9fQ==,"671, 11th Main Road, 4th Block, Jayanagar, Bangalore",Chinese House,1,0,2.8,19,Jayanagar,Quick Bites,"Chinese, Thai, Momos",3000.0,Delivery,Basavanagudi,53.2,premium,3.767613636363636,0,1,3,2.995732273553991,1500.0,-1
https://www.zomato.com/bangalore/ascharya-hotel-koramangala-5th-block-bangalore?context=eyJzZSI6eyJlIjpbIjUxNTE3IiwiMTg2MTc1MTEiLCI1NjIxOSIsIjYwMTM0IiwxODgxOTE4OSwiMTgzNDM2MzkiLCIxODM1NTI4MiIsIjYwNTI4IiwiNjA5MTkiLCIxODYwNTI2MyIsIjE4Njc4Mzg2IiwiNTc5OTUiLCIxODU2OTE1NyIsIjE4NzE5NTYzIiwiMTg4NjcxMjIiLCIxODQyMzQxNCIsIjE4NjA1MzA2IiwiMTg5MjI5MTMiXSwidCI6IkRlbGl2ZXJ5IFJlc3RhdXJhbnRzIGluIEJhc2F2YW5hZ3VkaSJ9fQ==,"Plot 62, Nanjappa Layout, Adugodi Main Road, Adugodi, Koramangala 5th Block, Bangalore",Ascharya Hotel,1,0,3.3,10,Koramangala 5th Block,Quick Bites,"Mangalorean, South Indian",3000.0,Delivery,Basavanagudi,33.0,premium,3.9150943396226414,0,1,2,2.3978952727983707,1500.0,-1
https://www.zomato.com/bangalore/bakers77-jayanagar?context=eyJzZSI6eyJlIjpbIjE4MzQzNjM5IiwiMTgzNTUyODIiLCI2MDUyOCIsIjYwOTE5IiwxODYwNTI2MywiMTg2NzgzODYiLCI1Nzk5NSIsIjE4NTY5MTU3IiwiMTg3MTk1NjMiLCIxODg2NzEyMiIsIjE4NDIzNDE0IiwiMTg2MDUzMDYiLCIxODkyMjkxMyIsIjE4NjA1MzM3IiwiMTgzNzk2NzIiXSwidCI6IkRlbGl2ZXJ5IFJlc3RhdXJhbnRzIGluIEJhc2F2YW5hZ3VkaSJ9fQ==,"510, Marenahalli Road, TMC Layout, 5th Block, Jayanagar, Bangalore",Bakers77,1,0,4.0,35,Jayanagar,"Bakery, Quick Bites","Bakery, Fast Food",1900.0,Delivery,Basavanagudi,140.0,premium,3.767613636363636,1,2,2,3.58351893845611,950.0,-1
https://www.zomato.com/bangalore/nandhi-andhra-style-family-restaurant-jayanagar-bangalore?context=eyJzZSI6eyJlIjpbIjE4NjA1MzM3IiwiMTgzNzk2NzIiLCI1MDI3NyIsIjE4NjkyNzY0IiwxODY4OTc1NCwiMTg3NzQzNzAiLCIxODY2NTk0NiIsIjE4MzIzNjIwIiwiMTg4NDgxOTMiLCIxODU4NTY3NCIsIjE4NTY2MTIxIiwiMTg3NDE4MzMiLCI1MjA4OCIsIjUyMjczIiwiNTE0NTgiXSwidCI6IkRlbGl2ZXJ5IFJlc3RhdXJhbnRzIGluIEJhc2F2YW5hZ3VkaSJ9fQ==,"670, HB Inspire, Aurobindo Marg, 11th Main Road, Jayanagar, Bangalore",Nandhi Andhra Style Family Restaurant,1,0,3.4,13,Jayanagar,Quick Bites,"Seafood, Biryani, South Indian, North Indian, Chinese, Kebab",1700.0,Delivery,Basavanagudi,44.2,premium,3.767613636363636,0,1,6,2.6390573296152584,850.0,-1
https://www.zomato.com/bangalore/apsara-ice-cream-jayanagar-bangalore?context=eyJzZSI6eyJlIjpbIjUyOTU4IiwiMTg2NDEwNTkiLCIxODQxMjQzMyIsIjYxMDMxIiwxODY4NTU1OCwiNjA4ODUiLCI1NTEyMCIsIjU4MDQzIiwiMTg3ODk0NjAiLCIxODU1NjAyMSIsIjE4NDg3MTgzIiwiMTg3NDEzNDYiLCIxODc4MTUxNCIsIjYwMTAwIiwiMTgzNDM2MzkiLCIxODIzNzkxNyIsIjE4NDQ4MzM2IiwiMTg2NDAwMjIiLCIxODcwNjAzMCIsIjE4NzkwNDc4IiwiMTg5MTk1NzEiLCIxODQxMjEwOCIsIjE4NjA1MzM3Il0sInQiOiJEZXNzZXJ0cyAmIEJha2VzIGluIEJhc2F2YW5hZ3VkaSJ9fQ==,"146/C, 30th Cross, 6th C Main Road, Jayanagar, Bangalore",Apsara Ice Cream,0,0,4.1,59,Jayanagar,Dessert Parlor,"Ice Cream, Desserts",2100.0,Desserts,Basavanagudi,241.9,premium,3.767613636363636,1,1,2,4.0943445622221,1050.0,-1
https://www.zomato.com/bangalore/brahmins-coffee-bar-basavanagudi?context=eyJzZSI6eyJlIjpbIjE4Njc2OTY4IiwiNTY4MjYiLCI1MDY2MyIsIjUxMDY1Iiw1MjA5OCwiMTg2NzY1NTEiLCI1MTczMyIsIjUyOTkzIiwiMTg3OTcxMzIiLCI1NTQ5MiIsIjUwMjAzIiwiMTg3MDk4MTkiLCIxODcyNzk0MSIsIjUwNjcxIiwiNTk2NzQiLCIxODgyMDQyNiIsIjU0MDg2IiwiNTcxNDMiLCI1OTY3MyIsIjU2MjYzIiwiNTE0MDMiLCIxODQ3MjAxNCIsIjUxNzk4IiwiMTg1OTU5MDIiXSwidCI6IkRpbmUtT3V0IFJlc3RhdXJhbnRzIGluIEJhc2F2YW5hZ3VkaSJ9fQ==,"Ranga Rao Road, Near Shankar Mutt, Shankarapura, Near Basavanagudi, Bangalore",Brahmin's Coffee Bar,0,0,4.8,2679,Basavanagudi,Quick Bites,South Indian,1100.0,Dine-out,Basavanagudi,12859.2,high,3.6814634146341465,1,1,1,7.893572073504902,550.0,-1
https://www.zomato.com/bangalore/adigas-jayanagar?context=eyJzZSI6eyJlIjpbIjU1OTk0IiwiNTQyODQiLCIxODU3MTE4NCIsIjE4NTgxMTQyIiwxODEwODAwNiwiMTg1NzE3ODgiLCI1MTcwOSIsIjU2MjE5IiwiMTgyMjE1NzAiLCIxODY0NTI2MCIsIjE4NDM5NjM3IiwiMTg1MDIxMzQiLCI1MTQ1OCIsIjE4NDQzMDc4IiwiNTI4OTQiLCI2MDQ5NiIsIjE4MjE2NjU2Il0sInQiOiJEaW5lLU91dCBSZXN0YXVyYW50cyBpbiBCYXNhdmFuYWd1ZGkifX0=,"Near Saraswathi Memorial Trust, Ashoka Pillar, Jayanagar, Bangalore",Adiga's,0,0,3.3,55,Jayanagar,Quick Bites,South Indian,2500.0,Dine-out,Basavanagudi,181.5,premium,3.767613636363636,0,1,1,4.02535169073515,1250.0,-1
https://www.zomato.com/bangalore/upperdeck-city-market?context=eyJzZSI6eyJlIjpbIjYwNDk2IiwiMTgyMTY2NTYiLCI2MTM4NSIsIjYwNTM2IiwxODI5ODI0NCwiMTg3MDcwNzkiLCIxODYwMzQ3NCIsIjE4NTQxNjM4IiwiMTg2NDM1MTgiLCIxODM3OTY3MiIsIjE4NTAzMDgwIiwiMTgzNzk2NTciLCIxODU4ODUzNiIsIjU3MzM5IiwiNTU5NzgiLCI2MDA5OCIsIjU2OTI0Il0sInQiOiJEaW5lLU91dCBSZXN0YXVyYW50cyBpbiBCYXNhdmFuYWd1ZGkifX0=,"6, J C Road, 1st Cross Road, Doddamavalli, Kalasipalayam, City Market, Bangalore",Upperdeck,0,0,3.5,0,City Market,Casual Dining,"North Indian, Chinese, Mughlai, Seafood",2500.0,Dine-out,Basavanagudi,0.0,premium,3.5244444444444443,0,1,4,0.0,1250.0,-1
https://www.zomato.com/bangalore/pavithra-restaurant-jayanagar?context=eyJzZSI6eyJlIjpbIjU0NDE1IiwiMTg1ODM0NTQiLCIxODczMzE0MyIsIjUwNTAxIiw1NTMwMiwiNTk1ODciLCI2MTUxOSIsIjE4NDgwMDE3IiwiMTg1NDE1ODEiLCIxODc3ODAyNyIsIjE4NjM0NjkwIiwiNTc2MzciLCI1ODk5OSIsIjU4MDQzIiwiNTY2MzQiXSwidCI6IkRpbmUtT3V0IFJlc3RhdXJhbnRzIGluIEJhc2F2YW5hZ3VkaSJ9fQ==,"Near 4th Block Bus Stand, 30th Cross Road, 4th Block, Jayanagar, Bangalore",Pavithra Restaurant,0,0,3.4,133,Jayanagar,Quick Bites,"South Indian, North Indian, Chinese",3500.0,Dine-out,Basavanagudi,452.2,luxury,3.767613636363636,0,1,3,4.897839799950911,1750.0,-1
https://www.zomato.com/bangalore/biryani-paradise-shanti-nagar?context=eyJzZSI6eyJlIjpbIjUwNTAxIiwiNTUzMDIiLCI1OTU4NyIsIjYxNTE5IiwxODQ4MDAxNywiMTg1NDE1ODEiLCIxODc3ODAyNyIsIjE4NjM0NjkwIiwiNTc2MzciLCI1ODk5OSIsIjU4MDQzIiwiNTY2MzQiLCIxODMwODc2MiIsIjU5MzI4IiwiMTgwNDgyMjAiLCIxODgxMjkyNiIsIjYwNzg2IiwiMTgzNzk2NDMiLCIxODI5NDg5OSIsIjU4NDAwIiwiMTg1OTgxNDgiLCI1Njk0MyIsIjE4Mzk2NzQ4Il0sInQiOiJEaW5lLU91dCBSZXN0YXVyYW50cyBpbiBCYXNhdmFuYWd1ZGkifX0=,"72/2, Lalbhag Main Gate, Shanti Nagar, Bangalore",Biryani Paradise,0,0,3.4,6,Shanti Nagar,Quick Bites,"Biryani, Fast Food",4000.0,Dine-out,Basavanagudi,20.4,luxury,3.509090909090909,0,1,2,1.9459101490553128,2000.0,-1
https://www.zomato.com/bangalore/shree-sagar-jayanagar?context=eyJzZSI6eyJlIjpbIjU4OTk5IiwiNTgwNDMiLCI1NjYzNCIsIjE4MzA4NzYyIiw1OTMyOCwiMTgwNDgyMjAiLCIxODgxMjkyNiIsIjYwNzg2IiwiMTgzNzk2NDMiLCIxODI5NDg5OSIsIjU4NDAwIiwiMTg1OTgxNDgiLCI1Njk0MyIsIjE4Mzk2NzQ4IiwiMTg0ODAwMTkiXSwidCI6IkRpbmUtT3V0IFJlc3RhdXJhbnRzIGluIEJhc2F2YW5hZ3VkaSJ9fQ==,"73, 30th Cross, 4th Block, Jayanagar, Bangalore",Shree Sagar,0,0,2.8,33,Jayanagar,Casual Dining,"North Indian, South Indian, Chinese",2000.0,Dine-out,Basavanagudi,92.4,premium,3.767613636363636,0,1,3,3.5263605246161616,1000.0,-1
https://www.zomato.com/bangalore/meat-and-eat-wilson-garden-bangalore?context=eyJzZSI6eyJlIjpbIjU5MzI4IiwiMTgwNDgyMjAiLCIxODgxMjkyNiIsIjYwNzg2IiwxODM3OTY0MywiMTgyOTQ4OTkiLCI1ODQwMCIsIjE4NTk4MTQ4IiwiNTY5NDMiLCIxODM5Njc0OCIsIjE4NDgwMDE5IiwiMTg1ODA4NzAiLCIxODcyMDAxNiIsIjE4NzMzODA3IiwiMTg3NTc4NjUiXSwidCI6IkRpbmUtT3V0IFJlc3RhdXJhbnRzIGluIEJhc2F2YW5hZ3VkaSJ9fQ==,"Ground Floor, Brand Factory, 12th Cross, Wilson Garden, Bangalore",Meat And Eat,1,0,3.1,4,Wilson Garden,Quick Bites,"Fast Food, Burger",3000.0,Dine-out,Basavanagudi,12.4,premium,3.4346938775510205,0,1,2,1.6094379124341005,1500.0,-1
https://www.zomato.com/bangalore/city-kebab-centre-city-market?context=eyJzZSI6eyJlIjpbIjE4ODkzNDIyIiwiMTg4NDQyNjAiLCI1OTAwOCIsIjUyNjg4Iiw1NDAzMiwiNTI3MDYiLCI1MjY0OCIsIjE4NDE5ODM0IiwiMTg0MTk4NDYiLCIxODU4OTY4NiIsIjE4NzkzODE5IiwiMTg3OTA0NzgiLCIxODgyMzQ3NCIsIjE4ODgyMTg2IiwiMTg5MDIzMjEiXSwidCI6IkRpbmUtT3V0IFJlc3RhdXJhbnRzIGluIEJhc2F2YW5hZ3VkaSJ9fQ==,"Opposite City Market Bus Shop, City Market, Bangalore",City Kebab Centre,0,0,3.5,0,City Market,Quick Bites,"Fast Food, Street Food",2400.0,Dine-out,Basavanagudi,0.0,premium,3.5244444444444443,0,1,2,0.0,1200.0,-1
https://www.zomato.com/bangalore/sri-venkateshwara-vishnu-bhavan-shanti-nagar?context=eyJzZSI6eyJlIjpbIjU2MjQyIiwiNTU5OTMiLCIxODIwODM1MSIsIjE4NzQ3MDY5IiwxODYwMjgxMCwiMTg3MTg0NDEiLCIxODkwNDA4MSIsIjE4MzU5ODg4IiwiNjEwNzYiLCIxODg1NzE2MSIsIjU4MDMyIiwiMTg1NzE3MDMiLCI2MTA2OSIsIjE4MTQ4OTMyIiwiNTkyMzYiLCIxODcxMDUwMSIsIjE4NzI0NTQ3IiwiMTg5MDc5NzUiLCIxODkwODg4OCIsIjE4NDgwMDIzIiwiMTgzOTY3NzAiLCIxODU5OTU0OCJdLCJ0IjoiRGluZS1PdXQgUmVzdGF1cmFudHMgaW4gQmFzYXZhbmFndWRpIn19,"NGO Colony, Shanthi Nagar Bus Stop, Shanti Nagar, Bangalore",Sri Venkateshwara Vishnu Bhavan,0,0,3.5,0,Shanti Nagar,Quick Bites,"South Indian, North Indian, Chinese",2000.0,Dine-out,Basavanagudi,0.0,premium,3.509090909090909,0,1,3,0.0,1000.0,-1
https://www.zomato.com/bangalore/the-black-pearl-marathahalli?context=eyJzZSI6eyJlIjpbIjUzNTkzIiwiNTM4NDMiLCI1NDc2MyIsIjU4MDk4IiwxODM4NzQyNiwiNTMxNDQiLCIxODM5Njc4MiIsIjE4NzYyNTcxIiwiMTg2ODQ4MzAiLCIxODUyOTU1OSIsIjE4NjIyNDEwIiwiNTY4NzYiLCIxODM1OTg3OCIsIjU1ODQ2IiwiNTI0ODQiXSwidCI6IlJlc3RhdXJhbnRzIGluIEJlbGxhbmR1ciBzZXJ2aW5nIEJ1ZmZldCJ9fQ==,"20/7, Swamy Legato, Outer Ring Road, Kadubeesanahalli, Marathahalli, Bangalore",The Black Pearl,0,1,4.8,7023,Marathahalli,"Casual Dining, Bar","North Indian, European, Mediterranean, BBQ",200.0,Buffet,Bellandur,33710.4,low,3.555993930197269,1,2,4,8.857088135314953,100.0,-1
https://www.zomato.com/bangalore/costa-coffee-bellandur?context=eyJzZSI6eyJlIjpbIjE4Nzg3NzAxIiwiMTg2MTM4ODUiLCIxODM3MTI5OCIsIjE4NzE5ODQ1Iiw1Mjk2MCwiMTc5NDYxMzEiLCIxODQxNzU1NSIsIjE4OTYyMjM3IiwiMTg2MTg3MzMiLCIxODUxODE3MCIsIjE4NjU0MTE4IiwiMTg0MzAzOTAiLCIxODgxMTAzMiIsIjE4NzI1NjY5IiwiMTg2MDIzMDMiXSwidCI6IkNhZlx1MDBlOXMgYW5kIERlbGlzIGluIEJlbGxhbmR1ciJ9fQ==,"RMZ Eco Space, Varthur Hobli, Bellandur, Bangalore",Costa Coffee,0,0,3.0,6,Bellandur,Cafe,"Cafe, Fast Food",2800.0,Cafes,Bellandur,18.0,premium,3.520916905444126,0,1,2,1.9459101490553128,1400.0,-1
https://www.zomato.com/bangalore/zoeys-sarjapur-road?context=eyJzZSI6eyJlIjpbIjE3OTQ2MTMxIiwiMTg0MTc1NTUiLCIxODk2MjIzNyIsIjE4NjE4NzMzIiwxODUxODE3MCwiMTg2NTQxMTgiLCIxODQzMDM5MCIsIjE4ODExMDMyIiwiMTg3MjU2NjkiLCIxODYwMjMwMyIsIjE4ODg5NDkwIl0sInQiOiJDYWZcdTAwZTlzIGFuZCBEZWxpcyBpbiBCZWxsYW5kdXIifX0=,"Ground Floor, Sri Renuka Complex, Opposite Fire Station, Kaikondrahalli, Sarjapur Road, Bangalore",Zoey's,1,0,4.3,894,Sarjapur Road,Cafe,"Cafe, Italian, Continental, Burger",2600.0,Cafes,Bellandur,3844.2,premium,3.610122699386504,1,1,4,6.796823718274855,1300.0,-1
https://www.zomato.com/bangalore/imperio-cafe-whitefield-bangalore?context=eyJzZSI6eyJlIjpbIjE4NTE4MTcwIiwiMTg2NTQxMTgiLCIxODQzMDM5MCIsIjE4ODExMDMyIiwxODcyNTY2OSwiMTg2MDIzMDMiLCIxODg4OTQ5MCJdLCJ0IjoiQ2FmXHUwMGU5cyBhbmQgRGVsaXMgaW4gQmVsbGFuZHVyIn19,"Hagadur Main Road, Near Imperio Market, Whitefield, Bangalore",Imperio Cafe,0,0,3.9,22,Whitefield,Quick Bites,"Cafe, Fast Food, Pizza, Burger, Beverages",2800.0,Cafes,Bellandur,85.8,premium,3.600485436893204,1,1,5,3.1354942159291497,1400.0,-1
https://www.zomato.com/bangalore/kerala-panoor-restaurant-bellandur-bangalore?context=eyJzZSI6eyJlIjpbIjE4NDgxMTc2IiwiMTg2Mzc5NjgiLCIxODU3MzAzMyIsIjE4NDk5MTA4IiwxODY2NjMwOSwiMTg3MjI3MjMiLCIxODcyODY0MyIsIjYwOTgyIiwiMTgyNDY1MDAiLCIxODc2NjEwNSIsIjE4Mzc1NTA1IiwiNjA4MDIiLCIxODc2MjUxMyIsIjE4ODU5NTI5IiwiMTg5MDA4ODQiLCIxODQzMDc4MyIsIjE4Njc5NTcxIiwiNTc3OTUiXSwidCI6IkRlbGl2ZXJ5IFJlc3RhdXJhbnRzIGluIEJlbGxhbmR1ciJ9fQ==,"4, Ground Floor, Lakshaman Reddy Building, Marthahalli Ring Road, Bellandur, Bangalore",Kerala Panoor Restaurant,1,0,3.5,137,Bellandur,Quick Bites,"Kerala, Seafood, Biryani, South Indian",3000.0,Delivery,Bellandur,479.5,premium,3.520916905444126,0,1,4,4.927253685157205,1500.0,-1
https://www.zomato.com/bangalore/empire-restaurant-bellandur?context=eyJzZSI6eyJlIjpbIjU3Nzk1IiwiNjAwMTgiLCIxODQ3NjQ2MCIsIjE4NjM1OTE1IiwxODYwODc3MywiMTg3NDU0OTgiLCIxODI2MDA2OCIsIjE4ODQ4NjgxIiwiMTgzNzU0OTEiLCIxODU1NTM5MyIsIjE4NzQ3ODc2IiwiMTg2NDIwMDgiLCI1NTU1OSIsIjE4ODE0NTczIiwiMTg1MzMwMDgiLCIxODc2MzM5NyJdLCJ0IjoiRGVsaXZlcnkgUmVzdGF1cmFudHMgaW4gQmVsbGFuZHVyIn19,"77, Ground Floor, Bellandur Outer Ring Road, Bellandur, Bangalore",Empire Restaurant,1,0,3.8,2084,Bellandur,Casual Dining,"North Indian, Mughlai, South Indian, Chinese",1500.0,Delivery,Bellandur,7919.2,high,3.520916905444126,1,1,4,7.642524134232902,750.0,-1
https://www.zomato.com/bangalore/reddys-restaurant-sarjapur-road-bangalore?context=eyJzZSI6eyJlIjpbIjYwMDE4IiwiMTg0NzY0NjAiLCIxODYzNTkxNSIsIjE4NjA4NzczIiwxODc0NTQ5OCwiMTgyNjAwNjgiLCIxODg0ODY4MSIsIjE4Mzc1NDkxIiwiMTg1NTUzOTMiLCIxODc0Nzg3NiIsIjE4NjQyMDA4IiwiNTU1NTkiLCIxODgxNDU3MyIsIjE4NTMzMDA4IiwiMTg3NjMzOTciXSwidCI6IkRlbGl2ZXJ5IFJlc3RhdXJhbnRzIGluIEJlbGxhbmR1ciJ9fQ==,"6/2, Near Wipro Headquaters, Kaikondrahalli, Sarjapur Road, Bangalore",Reddy's Restaurant,1,0,3.6,34,Sarjapur Road,Casual Dining,"Andhra, Biryani, South Indian, Chinese",2000.0,Delivery,Bellandur,122.4,premium,3.610122699386504,0,1,4,3.555348061489413,1000.0,-1
https://www.zomato.com/bangalore/ny-pizza-and-waffles-sarjapur-road-bangalore?context=eyJzZSI6eyJlIjpbIjE4ODE0NTczIiwiMTg1MzMwMDgiLCIxODc2MzM5NyIsIjE4NTYyNzYzIiwxODg5NTM0OCwiMTgzMzMxNTciLCIxODY4NzYyNSIsIjE4NjA4NTEyIiwiMTg1OTEzNzAiLCIxODQzMjk5NSIsIjE4NTAzNzIzIiwiMTg2Mjc2MjgiLCIxODUzOTY0OCIsIjE4NjYzNzA3IiwiMTg3NzQ2MDkiLCIxODc4OTY4MyIsIjU2NTgzIiwiMTg3NjA4MDMiXSwidCI6IkRlbGl2ZXJ5IFJlc3RhdXJhbnRzIGluIEJlbGxhbmR1ciJ9fQ==,"Sree Renuka Complex, Kaikondarahalli, Sarjapur Road, Bangalore",NY Pizza And Waffles,1,0,3.6,0,Sarjapur Road,Quick Bites,"Pizza, Fast Food",2500.0,Delivery,Bellandur,0.0,premium,3.610122699386504,0,1,2,0.0,1250.0,-1
https://www.zomato.com/bangalore/mojo-pizza-2x-toppings-1-bellandur-bangalore?context=eyJzZSI6eyJlIjpbIjE4ODk1MzQ4IiwiMTgzMzMxNTciLCIxODY4NzYyNSIsIjE4NjA4NTEyIiwxODU5MTM3MCwiMTg0MzI5OTUiLCIxODUwMzcyMyIsIjE4NjI3NjI4IiwiMTg1Mzk2NDgiLCIxODY2MzcwNyIsIjE4Nzc0NjA5IiwiMTg3ODk2ODMiLCI1NjU4MyIsIjE4NzYwODAzIiwiMTg4NjIzNDAiXSwidCI6IkRlbGl2ZXJ5IFJlc3RhdXJhbnRzIGluIEJlbGxhbmR1ciJ9fQ==,"158, Srivaru Towers, Greenglen Layout, Bellandur, Bangalore",Mojo Pizza - 2X Toppings,1,0,4.1,164,Bellandur,"Takeaway, Delivery",Pizza,2000.0,Delivery,Bellandur,672.4,premium,3.520916905444126,1,2,1,5.10594547390058,1000.0,-1
https://www.zomato.com/bangalore/onesta-hsr?context=eyJzZSI6eyJlIjpbIjE4Njg3NjI1IiwiMTg2MDg1MTIiLCIxODU5MTM3MCIsIjE4NDMyOTk1IiwxODUwMzcyMywiMTg2Mjc2MjgiLCIxODUzOTY0OCIsIjE4NjYzNzA3IiwiMTg3NzQ2MDkiLCIxODc4OTY4MyIsIjU2NTgzIiwiMTg3NjA4MDMiLCIxODg2MjM0MCIsIjE4NjQ2MDAyIiwiMTg2NTUyOTciXSwidCI6IkRlbGl2ZXJ5IFJlc3RhdXJhbnRzIGluIEJlbGxhbmR1ciJ9fQ==,"2318, 27th Main Road, 1st Sector, HSR, Bangalore",Onesta,1,1,4.4,3738,HSR,"Casual Dining, Cafe","Pizza, Cafe, Italian",1200.0,Delivery,Bellandur,16447.2,high,3.655994152046784,1,2,3,8.226573474977114,600.0,-1
https://www.zomato.com/bangalore/shudh-sarjapur-road-bangalore?context=eyJzZSI6eyJlIjpbIjE4NTAzNzIzIiwiMTg2Mjc2MjgiLCIxODUzOTY0OCIsIjE4NjYzNzA3IiwxODc3NDYwOSwiMTg3ODk2ODMiLCI1NjU4MyIsIjE4NzYwODAzIiwiMTg4NjIzNDAiLCIxODY0NjAwMiIsIjE4NjU1Mjk3IiwiMTgzNjI0MTAiLCIxODM3OTY1NiIsIjUyNDE3IiwiNjEzNTkiLCIxODI1NDU2NiIsIjE4NDIzNDI0IiwiMTg5NDA2MzYiLCIxODY5NzAwNyIsIjU1OTQwIiwiMTgzNDYzMzciLCIxODY1NDYxOCIsIjE4NjM3OTUxIl0sInQiOiJEZWxpdmVyeSBSZXN0YXVyYW50cyBpbiBCZWxsYW5kdXIifX0=,"1/1, Junnasandra Main Road, Sarjapur Road, Bangalore",Shudh,1,0,4.1,87,Sarjapur Road,Delivery,North Indian,2000.0,Delivery,Bellandur,356.7,premium,3.610122699386504,1,1,1,4.477336814478207,1000.0,-1
https://www.zomato.com/manisbelandur?context=eyJzZSI6eyJlIjpbIjE4NTM5NjQ4IiwiMTg2NjM3MDciLCIxODc3NDYwOSIsIjE4Nzg5NjgzIiw1NjU4MywiMTg3NjA4MDMiLCIxODg2MjM0MCIsIjE4NjQ2MDAyIiwiMTg2NTUyOTciLCIxODM2MjQxMCIsIjE4Mzc5NjU2IiwiNTI0MTciLCI2MTM1OSIsIjE4MjU0NTY2IiwiMTg0MjM0MjQiLCIxODk0MDYzNiIsIjE4Njk3MDA3IiwiNTU5NDAiLCIxODM0NjMzNyIsIjE4NjU0NjE4IiwiMTg2Mzc5NTEiXSwidCI6IkRlbGl2ZXJ5IFJlc3RhdXJhbnRzIGluIEJlbGxhbmR1ciJ9fQ==,"13, 1st Floor, Above Amba Bajaj, Sarjapur Marthahalli Outer Ring Road, Bellandur, Bangalore",Mani's Dum Biryani,1,0,4.0,894,Bellandur,Casual Dining,"Biryani, Kebab",1900.0,Delivery,Bellandur,3576.0,premium,3.520916905444126,1,1,2,6.796823718274855,950.0,-1
https://www.zomato.com/bangalore/bahar-cafe-marathahalli?context=eyJzZSI6eyJlIjpbIjE4NzYwODAzIiwiMTg4NjIzNDAiLCIxODY0NjAwMiIsIjE4NjU1Mjk3IiwxODM2MjQxMCwiMTgzNzk2NTYiLCI1MjQxNyIsIjYxMzU5IiwiMTgyNTQ1NjYiLCIxODQyMzQyNCIsIjE4OTQwNjM2IiwiMTg2OTcwMDciLCI1NTk0MCIsIjE4MzQ2MzM3IiwiMTg2NTQ2MTgiLCIxODYzNzk1MSJdLCJ0IjoiRGVsaXZlcnkgUmVzdGF1cmFudHMgaW4gQmVsbGFuZHVyIn19,"Ground Floor, Vims Hospital Buidling, Opposite to More, Marathahalli, Bangalore",Bahar Cafe,1,1,4.0,903,Marathahalli,Casual Dining,"Andhra, Biryani, Chinese, Hyderabadi, North Indian, South Indian",1000.0,Delivery,Bellandur,3612.0,high,3.555993930197269,1,1,6,6.806829360392176,500.0,-1
https://www.zomato.com/bangalore/thalassery-restaurant-bellandur?context=eyJzZSI6eyJlIjpbIjE4MzYyNDEwIiwiMTgzNzk2NTYiLCI1MjQxNyIsIjYxMzU5IiwxODI1NDU2NiwiMTg0MjM0MjQiLCIxODk0MDYzNiIsIjE4Njk3MDA3IiwiNTU5NDAiLCIxODM0NjMzNyIsIjE4NjU0NjE4IiwiMTg2Mzc5NTEiLCIxODU0Mzk4MSIsIjYwOTQxIiwiMTg0OTc4NzIiXSwidCI6IkRlbGl2ZXJ5IFJlc3RhdXJhbnRzIGluIEJlbGxhbmR1ciJ9fQ==,"Next To Bangalore Central Bellandur, Bellandur, Bangalore",Thalassery Restaurant,1,0,3.4,692,Bellandur,Casual Dining,"Seafood, Biryani, South Indian, North Indian, Chinese, Arabian, Kebab, Kerala",1100.0,Delivery,Bellandur,2352.8,high,3.520916905444126,0,1,8,6.541029999189903,550.0,-1
https://www.zomato.com/bangalore/punjabi-tadka-1-hsr?context=eyJzZSI6eyJlIjpbIjE4NTQzOTgxIiwiNjA5NDEiLCIxODQ5Nzg3MiIsIjE4MjU0NTYyIiw1NTAxNCwiMTg3NTM3NzgiLCIxODU5NzAwMyIsIjU0OTc5IiwiMTg2NTg4ODUiLCIxODYyODY3MSIsIjE4NTEzNzY3IiwiMTgzMzkyMzMiLCIxODI0NjQ5MiIsIjE4NTg1NzU4IiwiMTg1MjE3NjYiXSwidCI6IkRlbGl2ZXJ5IFJlc3RhdXJhbnRzIGluIEJlbGxhbmR1ciJ9fQ==,"2733, 16th Cross, 27th Main, Opposite NIFT, Sector 1, HSR Layout, Bangalore, HSR, Bangalore",Punjabi Tadka,1,0,2.8,188,HSR,Casual Dining,"North Indian, Chinese",2000.0,Delivery,Bellandur,526.4,premium,3.655994152046784,0,1,2,5.241747015059643,1000.0,-1
https://www.zomato.com/bangalore/byg-brewski-brewing-company-sarjapur-road-bangalore?context=eyJzZSI6eyJlIjpbIjE4NzM0NTE2IiwiMTg2NDE4ODAiLCIxODI4MDU4MiIsIjE4Njg0ODMwIiw1ODg4MiwiMTg3NTM4NDkiLCIxODc3NzcyNSIsIjE4Nzg1NDU4IiwiMTg1Njc0OTAiLCIxODcwNjExNCIsIjUyNDg0IiwiMTg3MTEyMDQiLCIxODgxODM1MSIsIjE4ODgwMTU2IiwiMTg3OTM1MjAiLCIxODYyODIwMSJdLCJ0IjoiRGVsaXZlcnkgUmVzdGF1cmFudHMgaW4gQmVsbGFuZHVyIn19,"Behind MK Retail, Sarjapur Road, Bangalore",Byg Brewski Brewing Company,1,1,4.9,16345,Sarjapur Road,Microbrewery,"Continental, North Indian, Italian, South Indian, Finger Food",400.0,Delivery,Bellandur,80090.5,medium,3.610122699386504,1,1,5,9.701738498076075,200.0,-1
https://www.zomato.com/bangalore/hoot-sarjapur-road?context=eyJzZSI6eyJlIjpbIjE4Mzg5NzczIiwiNTY5NTMiLCIxODY3NDUyNCIsIjE4NzM2MzkyIiwxODQyMjg5OCwiMTg0ODkzMTMiLCIxODgwNzUzOSIsIjE4MzU5MTQwIiwiMTg3NTM3ODUiLCIxODg4MTM2NyIsIjE4NDcyMzg3IiwiMTg0OTk2OTYiLCIxODYyMDcyMCIsIjE4NTg1NDI4IiwiMTg2NTMwOTUiLCIxODUzMTA2NyJdLCJ0IjoiRGVsaXZlcnkgUmVzdGF1cmFudHMgaW4gQmVsbGFuZHVyIn19,"2034/69, Block 2, Kaikondrahalli, Varthur Hobli, Sarjapur Road, Bangalore",Hoot,1,1,4.2,7193,Sarjapur Road,"Microbrewery, Pub","Continental, Italian, North Indian",350.0,Delivery,Bellandur,30210.6,medium,3.610122699386504,1,2,3,8.881002624255569,175.0,-1
https://www.zomato.com/bangalore/ice-n-fries-cafe-sarjapur-road-bangalore?context=eyJzZSI6eyJlIjpbIjE4NDg5MzEzIiwiMTg4MDc1MzkiLCIxODM1OTE0MCIsIjE4NzUzNzg1IiwxODg4MTM2NywiMTg0NzIzODciLCIxODQ5OTY5NiIsIjE4NjIwNzIwIiwiMTg1ODU0MjgiLCIxODY1MzA5NSIsIjE4NTMxMDY3IiwiNTY4OTciLCIxODg5NDc5MCIsIjE4NDcwNzgxIiwiNTA4NjQiXSwidCI6IkRlbGl2ZXJ5IFJlc3RhdXJhbnRzIGluIEJlbGxhbmR1ciJ9fQ==,"1st Floor, RR Complex, Near Amrutha College, Hosa Road, Carmelram Post, Sarjapur Road, Bangalore",Ice N Fries Cafe,1,0,3.7,39,Sarjapur Road,Quick Bites,"Ice Cream, Fast Food, Burger, Pizza, Sandwich, Desserts, Beverages",900.0,Delivery,Bellandur,144.3,high,3.610122699386504,1,1,7,3.688879454113936,450.0,-1
https://www.zomato.com/bangalore/sri-vishnu-garden-family-bar-restaurant-sarjapur-road-bangalore?context=eyJzZSI6eyJlIjpbIjYwMzc1IiwiMTg5MjQ4NjgiLCIxODY4NTI4OSIsIjYwODYwIiwxODg2NjYzMCwiMTg3Mzc3NjAiLCIxODY2NTk2OCIsIjE4Njg0MjM3IiwiMTgzOTEwMDciLCIxODM1MjEzMyIsIjE4NzI4ODI5IiwiMTgzOTY2MDQiLCIxODI3MTExMiIsIjE4NTc1MDM1IiwiNTQ0NDAiLCIxODUxODE3MCIsIjE4NDIzNDM2IiwiMTg4NjcxMDUiLCIxODYxMTUxNSIsIjE4ODU2MDEwIiwiMTg2MzUyMjIiLCI1MzMwMSIsIjE4NDg3MTY1Il0sInQiOiJEZWxpdmVyeSBSZXN0YXVyYW50cyBpbiBCZWxsYW5kdXIifX0=,"ICICI Bank, Opposite Aishwarya Value Mart, Amrutha College Main Road, Kasavanahalli, Sarjapur Road, Bangalore",Sri Vishnu Garden Family Bar & Restaurant,1,0,3.6,0,Sarjapur Road,"Bar, Casual Dining","North Indian, South Indian, Chinese, Hyderabadi",1500.0,Delivery,Bellandur,0.0,high,3.610122699386504,0,2,4,0.0,750.0,-1
https://www.zomato.com/bangalore/delight-foods-bellandur-bangalore?context=eyJzZSI6eyJlIjpbIjU1NTg0IiwiMTg1ODA2MzkiLCIxODM0ODc5NyIsIjE4ODA3NTMyIiwxODg3MDk1MiwiNTc5NTAiLCI1MDEzNiIsIjE4NDMyOTc5IiwiMTg2MDUyOTIiLCIxODc4NTQ1NyIsIjE4Njk5NTY3IiwiNjA5NDgiLCIxODQxODUyNyIsIjUzODQzIiwiMTg0NjM5NTAiLCIxODQzMDM5MCIsIjE4NDIzNDA2IiwiMTg0MjM0MDEiLCIxODYyMTgzMSJdLCJ0IjoiRGVsaXZlcnkgUmVzdGF1cmFudHMgaW4gQmVsbGFuZHVyIn19,"#730, 14th cross Near Ayyappa Temple, Devarabisanahalli, Bellandur, Bangalore",Delight Foods,0,0,3.6,0,Bellandur,"Takeaway, Delivery","Andhra, Beverages, Biryani, Chinese, Fast Food, Hyderabadi, North Indian, South Indian",400.0,Delivery,Bellandur,0.0,medium,3.520916905444126,1,2,8,0.0,200.0,-1
https://www.zomato.com/bangalore/maza-e-hind-bellandur-bangalore?context=eyJzZSI6eyJlIjpbIjE4NzE0NDI0IiwiMTg1NzEyODYiLCIxODU3NzY5NCIsIjE4NTU1MTM5IiwxODY2ODczOSwiMTg3MjMwMDEiLCIxODc0MzIyNSIsIjE4ODc3NTE3IiwiMTg4OTE2MDIiLCIxODg1NTUxOSIsIjE4Mjg3NDk0IiwiMTg4NjY2ODQiLCIxODU3MDc0MiIsIjE4NTcxMzYzIiwiMTg1NzkxNzciLCI1NTA1NiIsIjYwNDk4IiwiMTg3NTQ5MjYiXSwidCI6IkRpbmUtT3V0IFJlc3RhdXJhbnRzIGluIEJlbGxhbmR1ciJ9fQ==,"1, Sai Baba Temple Road, Manjunatha Layout, Green Garden Layout, Bellandur, Bangalore",Maza E Hind,0,0,3.6,0,Bellandur,Quick Bites,North Indian,3000.0,Dine-out,Bellandur,0.0,premium,3.520916905444126,1,1,1,0.0,1500.0,-1
https://www.zomato.com/bangalore/asia-alive-doubletree-suites-by-hilton-sarjapur-road?context=eyJzZSI6eyJlIjpbIjU2ODc2IiwiMTgzNTk4NzgiLCI1NTg0NiIsIjUyOTUwIiw1NzEzOCwiNTI5NDgiLCIxODUxODE3MCIsIjE4Nzg1NDU4IiwiMTg2Nzk1NzEiLCIxODY1NDExOCIsIjUyNDg0IiwiMTg0ODcxODUiLCI1MDEyMyIsIjE4MjgwNjIyIiwiMTg1Mzg2MjEiXSwidCI6IkRpbmUtT3V0IFJlc3RhdXJhbnRzIGluIEJlbGxhbmR1ciJ9fQ==,"DoubleTree Suites by Hilton, Iblur Gate, Outer Ring Road, Sarjapur Road, Bangalore",Asia Alive - DoubleTree Suites By Hilton,0,1,4.1,237,Sarjapur Road,Fine Dining,"Continental, Thai, Malaysian, Burmese, Korean, Vietnamese, Chinese, North Indian",1300.0,Dine-out,Bellandur,971.7,high,3.610122699386504,1,1,8,5.472270673671475,650.0,-1
https://www.zomato.com/bangalore/south-parade-the-chancery-hotel-lavelle-road-bangalore?context=eyJzZSI6eyJlIjpbIjUxNDM5IiwiNTA3NjkiLCI1MDY5OSIsIjUyMTc1Iiw1MTk0MSwiNTEzNjciLCI1MDMzMSIsIjUwOTIwIiwiNTMyMTgiLCI1Mzc1MiIsIjYxNTgzIiwiMTg1MTg1NTYiLCI1MjM5NSIsIjUyMzE3IiwiNTQwOTIiLCIxODU4OTA1OSIsIjUyMzUyIiwiNTk4MzciLCI1NDA5MSIsIjU4MDIxIiwiNTQwNTAiLCI1MjU3OSJdLCJ0IjoiUmVzdGF1cmFudHMgaW4gQnJpZ2FkZSBSb2FkIHNlcnZpbmcgQnVmZmV0In19,"The Chancery Hotel, Lavelle Road, Bangalore",South Parade - The Chancery Hotel,0,0,3.1,120,Lavelle Road,"Casual Dining, Bar","North Indian, Continental, Chinese",200.0,Buffet,Brigade Road,372.0,low,4.082142857142857,0,2,3,4.795790545596741,100.0,-1
https://www.zomato.com/bangalore/green-theory-residency-road?context=eyJzZSI6eyJlIjpbIjE4Njc4MDI2IiwiNTczMDciLCI1OTYyOSIsIjE4MjI0NjUwIiw1MjI1MywiNTEwMzgiLCIxODUyMzExOCIsIjE3OTU2NjcxIiwiNTA2NjEiLCIxODI3ODI0MSIsIjUwMjIwIiwiNjA1ODciLCI1NTU1NSIsIjE4NjI3NTc3IiwiMTg0NjM1NjYiLCIxODUxODY1MiJdLCJ0IjoiQ2FmXHUwMGU5cyBhbmQgRGVsaXMgaW4gQnJpZ2FkZSBSb2FkIn19,"15, Convent Road, Off Residency Road, Residency Road, Bangalore",Green Theory,1,1,4.2,2838,Residency Road,"Casual Dining, Cafe","Italian, Salad, Healthy Food, Cafe, Asian, Desserts, Pizza",1500.0,Cafes,Brigade Road,11919.6,high,3.8419753086419752,1,2,7,7.951207156472972,750.0,-1
https://www.zomato.com/bangalore/glens-bakehouse-lavelle-road?context=eyJzZSI6eyJlIjpbIjUxMDM4IiwiMTg1MjMxMTgiLCIxNzk1NjY3MSIsIjUwNjYxIiwxODI3ODI0MSwiNTAyMjAiLCI2MDU4NyIsIjU1NTU1IiwiMTg2Mjc1NzciLCIxODQ2MzU2NiIsIjE4NTE4NjUyIiwiMTg3NjczMTkiLCIxODY5Mjg3NiIsIjE4NTA4NDIxIiwiNTMwNTkiXSwidCI6IkNhZlx1MDBlOXMgYW5kIERlbGlzIGluIEJyaWdhZGUgUm9hZCJ9fQ==,"24/1, Lavelle Road, Bangalore",Glen's Bakehouse,1,0,4.4,1084,Lavelle Road,"Bakery, Cafe","Bakery, Cafe, Italian, Desserts",600.0,Cafes,Brigade Road,4769.6,medium,4.082142857142857,1,2,4,6.98933526597456,300.0,-1
https://www.zomato.com/bangalore/bengaluru-baking-company-jw-marriott-bengaluru-lavelle-road?context=eyJzZSI6eyJlIjpbIjUwNjYxIiwiMTgyNzgyNDEiLCI1MDIyMCIsIjYwNTg3Iiw1NTU1NSwiMTg2Mjc1NzciLCIxODQ2MzU2NiIsIjE4NTE4NjUyIiwiMTg3NjczMTkiLCIxODY5Mjg3NiIsIjE4NTA4NDIxIiwiNTMwNTkiLCIxODcwNzM5NSIsIjUxNzg5IiwiNTE0NjEiLCI1ODM4NSIsIjE4NzAyNTk0IiwiMTg1Mjk4MTYiLCIxODc2MDM4NiIsIjE4Nzk0OTUzIiwiMTg1NjAzNzgiLCIxODAxMDMwMSIsIjE4ODE4ODE4Il0sInQiOiJDYWZcdTAwZTlzIGFuZCBEZWxpcyBpbiBCcmlnYWRlIFJvYWQifX0=,"JW Marriott Bengaluru, 24/1, Vittal Mallya Road, Lavelle Road, Bangalore",Bengaluru Baking Company - JW Marriott Bengaluru,0,0,4.3,521,Lavelle Road,"Bakery, Cafe","Salad, Bakery, Cafe, Sandwich, Italian, Burger",200.0,Cafes,Brigade Road,2240.3,low,4.082142857142857,1,2,6,6.257667587882639,100.0,-1
https://www.zomato.com/bangalore/the-blackboard-bakery-lavelle-road-bangalore?context=eyJzZSI6eyJlIjpbIjE4Nzk0OTUzIiwiMTg1NjAzNzgiLCIxODAxMDMwMSIsIjE4ODE4ODE4IiwxODc0MDE2NywiMTg5NDYyMDkiLCIxODYyMzEwNiIsIjE4MTYzODQ1IiwiMTg1ODAzMDIiLCIxODc1MjAyNSIsIjE4MTY1NzcxIiwiMTg3MTI4MjEiLCIxODU0Mjg4NCIsIjYxMzk2IiwiNTU3OTUiLCIxODYzMTA3MCIsIjUzNzUyIiwiMTg2NjE3MTIiLCIxODY1MTgzMSJdLCJ0IjoiQ2FmXHUwMGU5cyBhbmQgRGVsaXMgaW4gQnJpZ2FkZSBSb2FkIn19,"40/2, Sri ML Subbaraju Road, Shantalanagar, Sampangi Rama Nagar, Lavelle Road, Bangalore",The Blackboard Bakery,0,1,3.7,91,Lavelle Road,"Cafe, Bakery","Cafe, Bakery, Continental",250.0,Cafes,Brigade Road,336.7,low,4.082142857142857,0,2,3,4.5217885770490405,125.0,-1
https://www.zomato.com/bangalore/fresh-pressery-cafe-lavelle-road?context=eyJzZSI6eyJlIjpbIjE4ODE4ODE4IiwiMTg3NDAxNjciLCIxODk0NjIwOSIsIjE4NjIzMTA2IiwxODE2Mzg0NSwiMTg1ODAzMDIiLCIxODc1MjAyNSIsIjE4MTY1NzcxIiwiMTg3MTI4MjEiLCIxODU0Mjg4NCIsIjYxMzk2IiwiNTU3OTUiLCIxODYzMTA3MCIsIjUzNzUyIiwiMTg2NjE3MTIiLCIxODY1MTgzMSJdLCJ0IjoiQ2FmXHUwMGU5cyBhbmQgRGVsaXMgaW4gQnJpZ2FkZSBSb2FkIn19,"4, Good Earth Store, Former Cinnamon Building, Lavelle Road, Bangalore",Fresh Pressery Cafe,0,0,4.1,104,Lavelle Road,"Cafe, Quick Bites","Cafe, Italian, Healthy Food",800.0,Cafes,Brigade Road,426.4,high,4.082142857142857,1,2,3,4.653960350157523,400.0,-1
https://www.zomato.com/bangalore/moto-store-caf%C3%A9-ulsoor?context=eyJzZSI6eyJlIjpbIjE4NjIzMTA2IiwiMTgxNjM4NDUiLCIxODU4MDMwMiIsIjE4NzUyMDI1IiwxODE2NTc3MSwiMTg3MTI4MjEiLCIxODU0Mjg4NCIsIjYxMzk2IiwiNTU3OTUiLCIxODYzMTA3MCIsIjUzNzUyIiwiMTg2NjE3MTIiLCIxODY1MTgzMSIsIjE4NTUwMTU3IiwiNTQ0OTgiXSwidCI6IkNhZlx1MDBlOXMgYW5kIERlbGlzIGluIEJyaWdhZGUgUm9hZCJ9fQ==,"9, Lake Square, Tank Road, Ulsoor, Bangalore",Moto Store & CafÃÂÃÂÃÂÃÂÃÂÃÂÃÂÃÂ©,1,0,4.2,382,Ulsoor,Cafe,"Pizza, Italian, Cafe, Burger, Finger Food, Fast Food, Sandwich",800.0,Cafes,Brigade Road,1604.4,high,3.733333333333333,1,1,7,5.948034989180646,400.0,-1
https://www.zomato.com/bangalore/berrylicious-cafe-mg-road-bangalore?context=eyJzZSI6eyJlIjpbIjE4ODkyNjQwIiwiMTg5MTg1MTgiLCIxODk0NDQyNSIsIjUzMTg1IiwxODY1ODMzMiwiMTg5NjU4OTIiLCIxODMwODc1NiIsIjUyMDk3IiwiMTg4ODI4NzYiLCI1MDUxMCIsIjE4MjA4MzU2IiwiMTg3MDY4OTkiLCI1ODAyMiIsIjE4ODU1MDM1IiwiMTg0MjYyODciLCIxODQ4MDAyNiJdLCJ0IjoiQ2FmXHUwMGU5cyBhbmQgRGVsaXMgaW4gQnJpZ2FkZSBSb2FkIn19,"4/1, Brunton Road, MG Road, Bangalore",Berrylicious Cafe,1,0,4.1,124,MG Road,"Casual Dining, Cafe","Continental, Cafe, Desserts, Pizza, North Indian, Chinese, Ice Cream",700.0,Cafes,Brigade Road,508.4,medium,3.8404255319148937,1,2,7,4.8283137373023015,350.0,-1
https://www.zomato.com/bangalore/hammered-cunningham-road?context=eyJzZSI6eyJlIjpbIjE4OTQ0NDI1IiwiNTMxODUiLCIxODY1ODMzMiIsIjE4OTY1ODkyIiwxODMwODc1NiwiNTIwOTciLCIxODg4Mjg3NiIsIjUwNTEwIiwiMTgyMDgzNTYiLCIxODcwNjg5OSIsIjU4MDIyIiwiMTg4NTUwMzUiLCIxODQyNjI4NyIsIjE4NDgwMDI2Il0sInQiOiJDYWZcdTAwZTlzIGFuZCBEZWxpcyBpbiBCcmlnYWRlIFJvYWQifX0=,"18, Ali Askar Road, Cunningham Road, Bangalore",Hammered,1,1,4.7,4639,Cunningham Road,"Pub, Cafe","North Indian, Thai, Japanese, Continental, Cafe",600.0,Cafes,Brigade Road,21803.3,medium,3.7387755102040816,1,2,5,8.442469645220301,300.0,-1
https://www.zomato.com/bangalore/freshmenu-richmond-road?context=eyJzZSI6eyJlIjpbIjE4NjI4ODc0IiwiNTA1NjciLCIxODY5MzAwNyIsIjE4NDI0MDYxIiw2MDQ1MywiNTcyMzEiLCIxODAyMjI4MiIsIjE4NzM5Njc2IiwiNTg5NjkiLCI1ODExOCIsIjU4ODUxIiwiNTQ2MTUiLCIxODcyOTc1NyIsIjU5NzY4IiwiMTgzMjM2NDAiLCIxODE2NTc3MSIsIjE4NDYwMDYwIiwiNTcyMTUiLCIxODQ3MjM4MSIsIjYwNTg3IiwiNTExNjQiLCIxODYxMTkwNCIsIjE4MzYyMzk2IiwiNTAzMTAiXSwidCI6IkRlbGl2ZXJ5IFJlc3RhdXJhbnRzIGluIEJyaWdhZGUgUm9hZCJ9fQ==,"Richmond Town, Richmond Road, Bangalore",FreshMenu,1,0,3.8,377,Richmond Road,Delivery,"Healthy Food, Chinese, Biryani, North Indian, Continental, Salad, American, Burger",500.0,Delivery,Brigade Road,1432.6,medium,3.860638297872341,0,1,8,5.934894195619588,250.0,-1
https://www.zomato.com/bangalore/empire-restaurant-frazer-town?context=eyJzZSI6eyJlIjpbIjE4NjExOTA0IiwiMTgzNjIzOTYiLCI1MDMxMCIsIjE4MjI0NjgzIiw1MDQ3NiwiMTg3NjMyMjYiLCIxODY0ODM5MiIsIjE4MjA4Mzg5IiwiNTI5MjQiLCIxODc3NzY3NiIsIjE4NDc2NDM5IiwiMTgyOTgyMzUiLCI1MTgyNCIsIjU0NjU1IiwiNTMwNjEiLCIxODQ2MDA0OSIsIjU3OTIwIiwiNTU5NjMiXSwidCI6IkRlbGl2ZXJ5IFJlc3RhdXJhbnRzIGluIEJyaWdhZGUgUm9hZCJ9fQ==,"34, Mosque Road, Frazer Town, Bangalore",Empire Restaurant,1,0,4.0,1864,Frazer Town,Casual Dining,"North Indian, Mughlai, South Indian, Chinese",1000.0,Delivery,Brigade Road,7456.0,high,3.650526315789474,1,1,4,7.5310163320779155,500.0,-1
https://www.zomato.com/bangalore/belgian-waffle-factory-brigade-road?context=eyJzZSI6eyJlIjpbIjUzMDYxIiwiMTg0NjAwNDkiLCI1NzkyMCIsIjU1OTYzIiwxODUxMjQwNiwiNjE0NzYiLCI1NDk2MiIsIjU0MTU5IiwiMTg0MDc5MTkiLCIxODAxMTY3OSIsIjE4NzE1MjgyIiwiMTg1NDU5NDUiLCIxODczODIyMyIsIjE4NTUyMTMyIiwiNTk2OTAiLCIxODY1Nzc5NiIsIjE4ODUyNzI1IiwiMTg3MTEwOTMiLCIxODc0NDQ5NiJdLCJ0IjoiRGVsaXZlcnkgUmVzdGF1cmFudHMgaW4gQnJpZ2FkZSBSb2FkIn19,"65, Markham Road, Ashok Nagar, Brigade Road, Bangalore",Belgian Waffle Factory,1,0,4.9,1746,Brigade Road,Dessert Parlor,Desserts,100.0,Delivery,Brigade Road,8555.400000000001,low,3.717460317460317,1,1,1,7.465655310134056,50.0,-1
https://www.zomato.com/bangalore/soda-bottle-opener-wala-lavelle-road-bangalore?context=eyJzZSI6eyJlIjpbIjE4NzExMDkzIiwiMTg3NDQ0OTYiLCIxODcxMTA5OSIsIjE4NDMwMzY4Iiw2MDY3MywiNTU3ODgiLCIxODc1NTQwNiIsIjE4NDMyOTkyIiwiMTgzNzk2NjAiLCIxODIwODM2NiIsIjE4ODc5MDgxIiwiMTg3NTIwMjUiLCI1ODA5MSIsIjYwNTAzIiwiMTg1NTk0NzEiLCIxODczMTczNCIsIjE4NTA5NzgzIl0sInQiOiJEZWxpdmVyeSBSZXN0YXVyYW50cyBpbiBCcmlnYWRlIFJvYWQifX0=,"25/4, Opposite Harley Davidson Showroom, Lavelle Road, Bangalore",Soda Bottle Opener Wala,1,1,4.4,3651,Lavelle Road,"Casual Dining, Irani Cafee","Parsi, North Indian",150.0,Delivery,Brigade Road,16064.4,low,4.082142857142857,1,2,2,8.20303024171486,75.0,-1
https://www.zomato.com/SmokeHouseDeli-LavelleRoad?context=eyJzZSI6eyJlIjpbIjE4NzQ0NDk2IiwiMTg3MTEwOTkiLCIxODQzMDM2OCIsIjYwNjczIiw1NTc4OCwiMTg3NTU0MDYiLCIxODQzMjk5MiIsIjE4Mzc5NjYwIiwiMTgyMDgzNjYiLCIxODg3OTA4MSIsIjE4NzUyMDI1IiwiNTgwOTEiLCI2MDUwMyIsIjE4NTU5NDcxIiwiMTg3MzE3MzQiLCIxODUwOTc4MyJdLCJ0IjoiRGVsaXZlcnkgUmVzdGF1cmFudHMgaW4gQnJpZ2FkZSBSb2FkIn19,"52/ 53, Ground Floor, Lavelle Road, Bangalore",Smoke House Deli,1,0,4.6,2490,Lavelle Road,Casual Dining,"European, Italian, Desserts, Salad, Juices, Steak",400.0,Delivery,Brigade Road,11454.0,medium,4.082142857142857,1,1,6,7.820439515262181,200.0,-1
https://www.zomato.com/bangalore/portland-steakhouse-cafe-mg-road?context=eyJzZSI6eyJlIjpbIjE4Mjc4MjQxIiwiNTg2MjQiLCI1NDEyMCIsIjE4MjAzMDExIiw1MzM5NiwiMTg0MTQzNjIiLCIxODcyMzQ1OCIsIjE4Mzg1NDM0IiwiMTg0NTIzODciLCIxODg4NjI4OCIsIjE4NjgwMDM1IiwiNTQzMTYiLCIxODYzMzU0NyIsIjUxOTEzIiwiMTg3MDUwNzMiXSwidCI6IkRlbGl2ZXJ5IFJlc3RhdXJhbnRzIGluIEJyaWdhZGUgUm9hZCJ9fQ==,"1, Brunton Road, 1st Cross, Ashok Nagar, MG Road, Bangalore",Portland Steakhouse & Cafe,1,1,4.3,2040,MG Road,Casual Dining,"Steak, Italian, Continental, American, Burger, BBQ, Salad",700.0,Delivery,Brigade Road,8772.0,medium,3.8404255319148937,1,1,7,7.621195162809845,350.0,-1
https://www.zomato.com/bangalore/the-london-shakes-church-street-bangalore?context=eyJzZSI6eyJlIjpbIjE4NDE0MzYyIiwiMTg3MjM0NTgiLCIxODM4NTQzNCIsIjE4NDUyMzg3IiwxODg4NjI4OCwiMTg2ODAwMzUiLCI1NDMxNiIsIjE4NjMzNTQ3IiwiNTE5MTMiLCIxODcwNTA3MyIsIjU5Njk5IiwiMTg0NTc2MDIiLCIxODc2MzE5NCIsIjUzNDk3IiwiMTg3ODk4MjQiLCIxODc2MDkyNiIsIjE4ODY4MDM3IiwiMTg3NTYyMzEiLCI1MDM2MSIsIjE4ODExMDI0IiwiMTg2NTgzMzIiXSwidCI6IkRlbGl2ZXJ5IFJlc3RhdXJhbnRzIGluIEJyaWdhZGUgUm9hZCJ9fQ==,"50/1, Haridevpur, Shantala Nagar, Ashok Nagar, Church Street, Bangalore",The London Shakes,1,0,4.0,0,Church Street,Quick Bites,"Pizza, Burger, Coffee, Beverages",1200.0,Delivery,Brigade Road,0.0,high,3.907142857142857,1,1,4,0.0,600.0,-1
https://www.zomato.com/bangalore/shiro-lavelle-road?context=eyJzZSI6eyJlIjpbIjU3NjQwIiwiMTg1OTg1NjEiLCI1NDc0MSIsIjE4Njc4MDcwIiw1MDg5MCwiMTg3MjAxODkiLCIxODU1MzcwMiIsIjE4NTAyMTMxIiwiNTYyMDAiLCIxODY1MzQyNSIsIjE4Nzc4MDI3IiwiMTg0Mzk2NzAiLCIxODY4MzkyMSIsIjE4OTAzMzA1IiwiNTc0MzgiXSwidCI6IkRlbGl2ZXJ5IFJlc3RhdXJhbnRzIGluIEJyaWdhZGUgUm9hZCJ9fQ==,"2nd Floor, UB City Mall, Vittal Mallya Road, Lavelle Road, Bangalore",Shiro,1,1,4.4,2229,Lavelle Road,"Fine Dining, Lounge","Japanese, Asian",750.0,Delivery,Brigade Road,9807.6,high,4.082142857142857,1,2,2,7.709756864454165,375.0,-1
https://www.zomato.com/ChurchStreetSocial?context=eyJzZSI6eyJlIjpbIjE4Nzc4MDI3IiwiMTg0Mzk2NzAiLCIxODY4MzkyMSIsIjE4OTAzMzA1Iiw1NzQzOCwiNTQ0MDAiLCIxODc1ODM5MyIsIjE4MzMzMTM2IiwiMTg4MjQzMTIiLCIxODc0OTE1NSIsIjE4NzExMDc0IiwiMTg4MjA0NzIiLCIxODU4ODExMiIsIjE4NTU1MzQwIiwiMTg2ODc3MTgiLCIxODU1MTY4MCIsIjUyMjUzIiwiNTMxMDMiLCIxODY3NjI1MyIsIjUzMjY3Il0sInQiOiJEZWxpdmVyeSBSZXN0YXVyYW50cyBpbiBCcmlnYWRlIFJvYWQifX0=,"46/1, Cobalt Building, Church Street, Bangalore",Church Street Social,1,0,4.3,7544,Church Street,Lounge,"American, North Indian, Chinese, Finger Food, Momos",200.0,Delivery,Brigade Road,32439.2,low,3.907142857142857,1,1,5,8.928640371201949,100.0,-1
https://www.zomato.com/bangalore/the-open-box-st-marks-road?context=eyJzZSI6eyJlIjpbIjUwNjcyIiwiNTExNjciLCIxODY4MTAzMSIsIjE4NjIwNzE1IiwxODE0ODk1NiwiMTg1ODAzNzkiLCIxODczNDUwNSIsIjUxMDI5IiwiMTg2MjA4NDQiLCIxODAxMTYzMiIsIjUxNzAzIiwiMTgyMDgzNTYiLCIxODE0MDgxOCIsIjE4ODEyMTc0IiwiMTg3NjczMTkiXSwidCI6IkRlbGl2ZXJ5IFJlc3RhdXJhbnRzIGluIEJyaWdhZGUgUm9hZCJ9fQ==,"9, 4th Floor, Halcyon Complex, St. Marks Road, Bangalore",The Open Box,1,1,4.2,2270,St. Marks Road,"Casual Dining, Bar","European, North Indian, Mediterranean, Asian, Salad",800.0,Delivery,Brigade Road,9534.0,high,3.928571428571429,1,2,5,7.7279755421055585,400.0,-1
https://www.zomato.com/bangalore/airlines-hotel-lavelle-road?context=eyJzZSI6eyJlIjpbIjE4NTQwNzM1IiwiMTg3MDYwNTYiLCIxODY5Mjg3NiIsIjE4ODYyODU4Iiw1MTkwNiwiMTg3OTIyNjkiLCI1MzM2NyIsIjE4NTY0NzUwIiwiMTg3MDEwNzYiLCI1MjI4OSIsIjE4NjE3NDI1IiwiMTg2MjU4MjUiLCIxODA4OTY3OSIsIjE4NTg1Nzc1IiwiMTg3ODYyNjYiLCIxODUzMjgzNyIsIjYwMTM0IiwiMTg3MDE1MzYiLCIxODcxNTI2OCIsIjE4Mzg3Mzg4IiwiMTg4MTkxODkiLCI1MjkzNiJdLCJ0IjoiRGVsaXZlcnkgUmVzdGF1cmFudHMgaW4gQnJpZ2FkZSBSb2FkIn19,"4, Madras Bank Road, Off Lavelle Road, Lavelle Road, Bangalore",Airlines Hotel,1,0,4.0,867,Lavelle Road,Quick Bites,"South Indian, North Indian, Street Food",250.0,Delivery,Brigade Road,3468.0,low,4.082142857142857,0,1,3,6.766191714660351,125.0,-1
https://www.zomato.com/bangalore/eatwater-lavelle-road?context=eyJzZSI6eyJlIjpbIjE4Mzg3Mzg4IiwiMTg4MTkxODkiLCI1MjkzNiIsIjE4MzE4OTg4IiwxODYxNDQ4MSwiNTMxODUiLCIxODM5MTAyNSIsIjE4ODEyNzEwIiwiMTg1NjkwOTQiLCI1MTYwMyIsIjE4Njc1ODc0IiwiMTgzNzk2NDMiLCIxODY5Mjg1MCIsIjU0MjI3IiwiMTg2NDgzNzEiLCI1MzUxOCIsIjE4NzAyNjg2IiwiMTgyNzAyMDMiXSwidCI6IkRlbGl2ZXJ5IFJlc3RhdXJhbnRzIGluIEJyaWdhZGUgUm9hZCJ9fQ==,"25/5, Near Lamborghini Showroom, Lavelle Road, Bangalore",EatWater,1,0,4.2,121,Lavelle Road,"Casual Dining, Bar",North Eastern,1200.0,Delivery,Brigade Road,508.2000000000001,high,4.082142857142857,1,2,1,4.804021044733257,600.0,-1
https://www.zomato.com/bangalore/le-rock-brigade-road-bangalore?context=eyJzZSI6eyJlIjpbIjE4NzAyNjg2IiwiMTgyNzAyMDMiLCIxODcxOTU2MyIsIjU2NTk1Iiw1MTY1NSwiMTg2MjYwMjIiLCIxODc5NDIzNyIsIjE4NzI2NDg4IiwiNTE5ODAiLCI1ODQxNCIsIjE4NzI4NjQwIiwiMTg5MjU4MjEiLCIxODYwNzY5MCIsIjE4OTM1OTY0IiwiMTgyNjM0MDMiLCIxODc3MTIyOCIsIjE4NzgwMzc2Il0sInQiOiJEZWxpdmVyeSBSZXN0YXVyYW50cyBpbiBCcmlnYWRlIFJvYWQifX0=,"3, Rest House Road, Off Brigade Road, Brigade Road, Bangalore",Le Rock,1,0,4.0,1203,Brigade Road,"Bar, Quick Bites","Continental, Chinese",1000.0,Delivery,Brigade Road,4812.0,high,3.717460317460317,1,2,2,7.093404625868766,500.0,-1
https://www.zomato.com/bangalore/cafe-braqa-indiranagar-bangalore?context=eyJzZSI6eyJlIjpbIjE4Nzk0MjM3IiwiMTg3MjY0ODgiLCI1MTk4MCIsIjU4NDE0IiwxODcyODY0MCwiMTg5MjU4MjEiLCIxODYwNzY5MCIsIjE4OTM1OTY0IiwiMTgyNjM0MDMiLCIxODc3MTIyOCIsIjE4NzgwMzc2IiwiMTg1NzE3ODgiLCIxODQzMDM1NiIsIjE4NzcyOTgzIiwiMTg4NjY2ODEiXSwidCI6IkRlbGl2ZXJ5IFJlc3RhdXJhbnRzIGluIEJyaWdhZGUgUm9hZCJ9fQ==,"3353, 5th Cross, 12th Main, Indiranagar, Bangalore",Cafe Braqa,1,1,4.0,144,Indiranagar,Cafe,"Cafe, Italian, Continental, Beverages",2500.0,Delivery,Brigade Road,576.0,premium,3.806463878326997,1,1,4,4.976733742420574,1250.0,-1
https://www.zomato.com/bangalore/gmt-gelateria-montecatini-terme-lavelle-road-bangalore?context=eyJzZSI6eyJlIjpbIjE4NjE4MjY5IiwiMTg4NjY4NjUiLCIxODMzOTg4MSIsIjUxMDQ0IiwxODcyNjI4OSwiMTgzOTE2MDciLCIxODQzNTY3MiIsIjUxODA1IiwiMTg2MTg5MjYiLCIxODUyOTgxNiIsIjE4Njg2Njk2IiwiMTg1NjAzNzgiLCIxODc3NTgyMiIsIjE4Njk3ODAyIiwiMTg1NzE1MzYiLCI1OTAyNCJdLCJ0IjoiRGVsaXZlcnkgUmVzdGF1cmFudHMgaW4gQnJpZ2FkZSBSb2FkIn19,"42 Vittal Mallya Road, Lavelle Road, Bangalore",GMT - Gelateria Montecatini Terme,1,0,4.4,69,Lavelle Road,Quick Bites,"Desserts, Ice Cream",750.0,Delivery,Brigade Road,303.6,high,4.082142857142857,1,1,2,4.248495242049359,375.0,-1
https://www.zomato.com/bangalore/chutney-chang-church-street?context=eyJzZSI6eyJlIjpbIjU4NDE1IiwiNTYzOTQiLCIxODczMjI4NyIsIjU3MTM0Iiw1MzE2NSwiMTg4MTg4MTgiLCIxODc2MDM0NyIsIjE4OTMwNTMyIiwiNTg1MzIiLCIxODc5MTM0NyIsIjE4NTgzODI3IiwiMTg0NjQ0MzMiLCI1NTA0NCIsIjE4MzMzMTQzIiwiNTg3MjIiXSwidCI6IkRlbGl2ZXJ5IFJlc3RhdXJhbnRzIGluIEJyaWdhZGUgUm9hZCJ9fQ==,"HM Eleganza, 31, Museum Road, Off MG Road, Church Street, Bangalore",Chutney Chang,1,1,4.2,4732,Church Street,Casual Dining,"North Indian, Chinese, BBQ",350.0,Delivery,Brigade Road,19874.4,medium,3.907142857142857,1,1,3,8.462314529906248,175.0,-1
https://www.zomato.com/bangalore/misu-st-marks-road?context=eyJzZSI6eyJlIjpbIjU2MjA4IiwiNTQwNzciLCIxODY2MTMyNiIsIjE4NDQ4MzgwIiwxODQ5NDA2NCwiNTA2MzMiLCI1MTc4OSIsIjE4NTgyODg4IiwiMTg0NDk5NzUiLCI1MjkxMyIsIjE4NTA5ODA5IiwiNTMwNjIiLCI1NDA5NCIsIjE4NjQ0MTM2IiwiMTg3NzgxMjkiLCI2MDg2NiIsIjUwODg3IiwiMTg4NTgwNjIiLCIxODQzMDM4OSIsIjU0MDUwIiwiMTg4NjY4ODkiLCIxODUxMTY4NSJdLCJ0IjoiRGVsaXZlcnkgUmVzdGF1cmFudHMgaW4gQnJpZ2FkZSBSb2FkIn19,"4th Floor, Building 9, Halcyon Complex, St. Marks Road, Bangalore",MISU,1,1,4.6,1211,St. Marks Road,"Casual Dining, Bar","Asian, Japanese, Korean, Indonesian, Malaysian, Singaporean",350.0,Delivery,Brigade Road,5570.599999999999,medium,3.928571428571429,1,2,6,7.10002716662926,175.0,-1
https://www.zomato.com/bangalore/the-biere-club-lavelle-road-bangalore?context=eyJzZSI6eyJlIjpbIjE4NTQwMTU2IiwiMTg2MzEyMjAiLCIxODA0ODI0MCIsIjE4MjE2NjcxIiw1MTkwNywiMTg4MDcyMjUiLCI1NTM0OSIsIjE4Mjc1MDQzIiwiNTQwNTYiLCI1MDE0MSIsIjU3MzA3IiwiMTg3Mzk1OTciLCIxODYxNTI2NiIsIjE4NTQwMTUzIiwiMTg1NDAxNTUiXSwidCI6IkRlbGl2ZXJ5IFJlc3RhdXJhbnRzIGluIEJyaWdhZGUgUm9hZCJ9fQ==,"20/2, Vittal Mallya Road, Lavelle Road, Bangalore",The Biere Club,1,1,4.3,3484,Lavelle Road,"Pub, Microbrewery","Continental, BBQ, Finger Food",300.0,Delivery,Brigade Road,14981.2,low,4.082142857142857,1,2,3,8.156223323194624,150.0,-1
https://www.zomato.com/bangalore/the-only-place-church-street?context=eyJzZSI6eyJlIjpbIjE4Nzc5MDU0IiwiNTMyMTYiLCI1ODMzNyIsIjE4NjUxNjIwIiw1MTAwOCwiNTAwNDYiLCIxODc1NTI5NyIsIjE4Njg0MTc3IiwiMTg2MzI0MzYiLCI1MjM5NyIsIjUxODU4IiwiNTA0MDciLCIxODg4MTczMyIsIjE4NjQ1MDE1IiwiMTg2NDIwMzciLCIxODU2NDczMSIsIjE4MjAzMDI0Il0sInQiOiJEZWxpdmVyeSBSZXN0YXVyYW50cyBpbiBCcmlnYWRlIFJvYWQifX0=,"13, Museum Road, Church Street, Bangalore",The Only Place,1,1,4.2,2923,Church Street,Casual Dining,"Italian, American, Steak, Continental, BBQ, Salad",600.0,Delivery,Brigade Road,12276.6,medium,3.907142857142857,1,1,6,7.980707820869669,300.0,-1
https://www.zomato.com/bangalore/the-humming-tree-indiranagar?context=eyJzZSI6eyJlIjpbIjE4ODU0MzQ4IiwiNTA4NDEiLCIxODY2MDUxNSIsIjE4NjA0MTMzIiw1NTM1MywiNTEwNzgiLCI1MDc0NCIsIjU2NTMyIiwiMTg1NzkyMjEiLCIxODM4NjI1MyIsIjE4Nzc4NjE5IiwiMTg3NzgwMDQiLCI1MTYyNiIsIjE4MjAyOTgzIiwiMTc5NzgzNjUiXSwidCI6IkRlbGl2ZXJ5IFJlc3RhdXJhbnRzIGluIEJyaWdhZGUgUm9hZCJ9fQ==,"949, 3rd Floor, 12th Main, Off 100 Feet Road, Indiranagar, Bangalore",The Humming Tree,1,0,4.0,2418,Indiranagar,Lounge,"Fast Food, European",1000.0,Delivery,Brigade Road,9672.0,high,3.806463878326997,1,1,2,7.791109510610028,500.0,-1
https://www.zomato.com/bangalore/fava-lavelle-road?context=eyJzZSI6eyJlIjpbIjE4ODE1NTc0IiwiMTg2NDk1ODMiLCI1NzIzNiIsIjUzNjM2Iiw1MDQyMCwiMTg5NjE0MjYiLCIxODc1NzUyMyIsIjU1OTMyIiwiMTg0NTU1NzciLCIxODU3NzE2OSIsIjE4NzE0NDQ3IiwiMTg0MTk4NTAiLCIxODQzMjk5MCIsIjE4Njc1NjA1IiwiMTg1NTQ2MjQiXSwidCI6IkRlbGl2ZXJ5IFJlc3RhdXJhbnRzIGluIEJyaWdhZGUgUm9hZCJ9fQ==,"203, 2nd Floor, UB City, 24 Vittal Mallya Road, Lavelle Road, Bangalore",Fava,0,1,4.4,2039,Lavelle Road,"Casual Dining, Bar","Healthy Food, Mediterranean, Desserts, Italian, Pizza, Salad, Kebab",300.0,Delivery,Brigade Road,8971.6,low,4.082142857142857,1,2,7,7.620705086838262,150.0,-1
https://www.zomato.com/bangalore/green-onion-residency-road?context=eyJzZSI6eyJlIjpbIjE4NzgyMjY1IiwiNTEwMzgiLCIxODUyMzExOCIsIjYxNDUyIiw1MDQ1MywiNTc3NTAiLCIxODYyNzU3NyIsIjUxODgzIiwiMTg1MTg2NTIiLCIxODY4NjY4NyIsIjE4NTY3MDYyIiwiNTMwNTkiLCIxODM1OTEzNyIsIjE4NzA1OTkwIiwiNTE0NjEiXSwidCI6IkRlbGl2ZXJ5IFJlc3RhdXJhbnRzIGluIEJyaWdhZGUgUm9hZCJ9fQ==,"43/44, Chandraprabha Complex, Off Residency Road, Residency Road, Bangalore",Green Onion,0,0,4.3,1187,Residency Road,Casual Dining,Chinese,1500.0,Delivery,Brigade Road,5104.099999999999,high,3.8419753086419752,1,1,1,7.080026499922591,750.0,-1
https://www.zomato.com/ArborBrewIndia?context=eyJzZSI6eyJlIjpbIjE4NzcxMjI4IiwiMTg1ODAzNzkiLCI1MTgzOSIsNTQwOTcsIjE4Mjg3NDMzIiwiMTg4NzEyNDYiLCI1MzU2NiIsIjUwNDczIiwiMTg3MzQwOTQiLCIxODg2Njg2NSIsIjE4NzA1MDczIiwiNTA1OTAiLCI1MTI5MyIsIjU2MjA4Il0sInQiOiJEaW5lLU91dCBSZXN0YXVyYW50cyBpbiBCcmlnYWRlIFJvYWQifX0=,"8, 3rd Floor, Allied Grande Plaza, Diagonally Opposite Garuda Mall, Magrath Road, Brigade Road, Bangalore",Arbor Brewing Company,0,1,4.5,8375,Brigade Road,"Pub, Microbrewery","American, Continental, Salad",200.0,Dine-out,Brigade Road,37687.5,low,3.717460317460317,1,2,3,9.033125752550372,100.0,-1
https://www.zomato.com/bangalore/shakesbierre-1-brigade-road-bangalore?context=eyJzZSI6eyJlIjpbIjE4NTgwMzc5IiwiNTE4MzkiLCI1NDA5NyIsIjE4Mjg3NDMzIiwxODg3MTI0NiwiNTM1NjYiLCI1MDQ3MyIsIjE4NzM0MDk0IiwiMTg4NjY4NjUiLCIxODcwNTA3MyIsIjUwNTkwIiwiNTEyOTMiLCI1NjIwOCIsIjU3MDMyIiwiNTA0NTgiLCI1MTY1NSIsIjE4ODExMDE5IiwiNTQ2NTUiLCIxODM5MTYwNyIsIjUyMTI5IiwiNTA0MzMiLCI1MTAwNyIsIjE4NzUyMjcwIiwiMTg0NTUwNjYiXSwidCI6IkRpbmUtT3V0IFJlc3RhdXJhbnRzIGluIEJyaWdhZGUgUm9hZCJ9fQ==,"Level 5, Eva Mall, Brigade Road, Bangalore",ShakesBierre,0,1,4.4,256,Brigade Road,"Microbrewery, Casual Dining","Asian, Continental, European, North Indian",1500.0,Dine-out,Brigade Road,1126.4,high,3.717460317460317,1,2,4,5.54907608489522,750.0,-1
https://www.zomato.com/bangalore/the-13th-floor-mg-road?context=eyJzZSI6eyJlIjpbIjE4Nzc1ODIyIiwiMTg2NTUxOTAiLCIxODY4MDAzNSIsIjE4OTYzNjIwIiw1MDk3NSwiNTMxNjUiLCI1MDc0MiIsIjE4NDMwNzg1IiwiNTA0MDciLCI1MTU1MiIsIjE4NjgwODIxIiwiNTU5MDciLCI1MDg5MCIsIjUwNzA5IiwiNTU0MTkiLCI1MDQ5MyIsIjE4MjI0NjUwIiwiNTQwOTQiLCIxODMzOTg3NCIsIjUwODU3IiwiNTA0NjIiLCI1MDU2NSIsIjE4NDk0MDY0Il0sInQiOiJEaW5lLU91dCBSZXN0YXVyYW50cyBpbiBCcmlnYWRlIFJvYWQifX0=,"Barton Centre, 84, MG Road, Bangalore",The 13th Floor,0,1,4.4,4575,MG Road,Lounge,"Asian, North Indian, Thai",400.0,Dine-out,Brigade Road,20130.0,medium,3.8404255319148937,1,1,3,8.428580533059634,200.0,-1
https://www.zomato.com/bangalore/communiti-residency-road?context=eyJzZSI6eyJlIjpbIjE4OTYzNjIwIiwiNTA5NzUiLCI1MzE2NSIsIjUwNzQyIiwxODQzMDc4NSwiNTA0MDciLCI1MTU1MiIsIjE4NjgwODIxIiwiNTU5MDciLCI1MDg5MCIsIjUwNzA5IiwiNTU0MTkiLCI1MDQ5MyIsIjE4MjI0NjUwIiwiNTQwOTQiLCIxODMzOTg3NCIsIjUwODU3IiwiNTA0NjIiLCI1MDU2NSIsIjE4NDk0MDY0Il0sInQiOiJEaW5lLU91dCBSZXN0YXVyYW50cyBpbiBCcmlnYWRlIFJvYWQifX0=,"67 & 68, Brigade Solitaire, Opposite to Advaith Hyundai, Residency Road, Bangalore",Communiti,0,0,4.7,3894,Residency Road,"Microbrewery, Casual Dining","Continental, BBQ, Salad",700.0,Dine-out,Brigade Road,18301.8,medium,3.8419753086419752,1,2,3,8.267448958304849,350.0,-1
https://www.zomato.com/bangalore/skyye-lavelle-road?context=eyJzZSI6eyJlIjpbIjUzMTY1IiwiNTA3NDIiLCIxODQzMDc4NSIsIjUwNDA3Iiw1MTU1MiwiMTg2ODA4MjEiLCI1NTkwNyIsIjUwODkwIiwiNTA3MDkiLCI1NTQxOSIsIjUwNDkzIiwiMTgyMjQ2NTAiLCI1NDA5NCIsIjE4MzM5ODc0IiwiNTA4NTciLCI1MDQ2MiIsIjUwNTY1IiwiMTg0OTQwNjQiXSwidCI6IkRpbmUtT3V0IFJlc3RhdXJhbnRzIGluIEJyaWdhZGUgUm9hZCJ9fQ==,"Uber Level, 16th Floor, UB City, Vittal Mallya Road, Lavelle Road, Bangalore",Skyye,0,1,4.2,3116,Lavelle Road,Lounge,Continental,200.0,Dine-out,Brigade Road,13087.2,low,4.082142857142857,1,1,1,8.044626279767337,100.0,-1
https://www.zomato.com/bangalore/farzi-cafe-lavelle-road?context=eyJzZSI6eyJlIjpbIjU1NDE5IiwiNTA0OTMiLCIxODIyNDY1MCIsIjU0MDk0IiwxODMzOTg3NCwiNTA4NTciLCI1MDQ2MiIsIjUwNTY1IiwiMTg0OTQwNjQiLCI1OTYzOCIsIjU3NDM4IiwiNTA0MjAiLCI1ODcyMCIsIjYwNjczIiwiMTgyNjAwNjMiLCIxODY3MzkwOSIsIjE4NjMxMDc3IiwiNTY4MDMiLCIxODM3OTY2MCIsIjE4NzgyMjY1IiwiNTA4NzAiLCI1MTkwNyIsIjU1Nzg4IiwiNTYwMTkiXSwidCI6IkRpbmUtT3V0IFJlc3RhdXJhbnRzIGluIEJyaWdhZGUgUm9hZCJ9fQ==,"202, Level 2, UB City, Vittal Mallya Road, Lavelle Road, Bangalore",Farzi Cafe,0,0,4.4,2392,Lavelle Road,"Casual Dining, Microbrewery",Modern Indian,300.0,Dine-out,Brigade Road,10524.8,low,4.082142857142857,1,2,1,7.780303087908373,150.0,-1
https://www.zomato.com/bangalore/hard-rock-cafe-st-marks-road?context=eyJzZSI6eyJlIjpbIjE4MjI0NjUwIiwiNTQwOTQiLCIxODMzOTg3NCIsIjUwODU3Iiw1MDQ2MiwiNTA1NjUiLCIxODQ5NDA2NCIsIjU5NjM4IiwiNTc0MzgiLCI1MDQyMCIsIjU4NzIwIiwiNjA2NzMiLCIxODI2MDA2MyIsIjE4NjczOTA5IiwiMTg2MzEwNzciLCI1NjgwMyIsIjE4Mzc5NjYwIiwiMTg3ODIyNjUiLCI1MDg3MCIsIjUxOTA3IiwiNTU3ODgiLCI1NjAxOSJdLCJ0IjoiRGluZS1PdXQgUmVzdGF1cmFudHMgaW4gQnJpZ2FkZSBSb2FkIn19,"40, Opposite LIC Building, Off MG Road, St. Marks Road, Bangalore",Hard Rock Cafe,0,1,4.5,5262,St. Marks Road,"Casual Dining, Bar","American, BBQ",300.0,Dine-out,Brigade Road,23679.0,low,3.928571428571429,1,2,2,8.56845648535378,150.0,-1
https://www.zomato.com/bangalore/bangalore-brew-works-residency-road?context=eyJzZSI6eyJlIjpbIjUwODU3IiwiNTA0NjIiLCI1MDU2NSIsIjE4NDk0MDY0Iiw1OTYzOCwiNTc0MzgiLCI1MDQyMCIsIjU4NzIwIiwiNjA2NzMiLCIxODI2MDA2MyIsIjE4NjczOTA5IiwiMTg2MzEwNzciLCI1NjgwMyIsIjE4Mzc5NjYwIiwiMTg3ODIyNjUiLCI1MDg3MCIsIjUxOTA3IiwiNTU3ODgiLCI1NjAxOSJdLCJ0IjoiRGluZS1PdXQgUmVzdGF1cmFudHMgaW4gQnJpZ2FkZSBSb2FkIn19,"10th Level Prestige Towers, 99/100, Residency Road, Bangalore",Bangalore Brew Works,0,1,4.2,2212,Residency Road,"Microbrewery, Lounge","Continental, Italian",400.0,Dine-out,Brigade Road,9290.4,medium,3.8419753086419752,1,2,2,7.70210434005105,200.0,-1
https://www.zomato.com/bangalore/koshys-st-marks-road?context=eyJzZSI6eyJlIjpbIjE4NTUxMDU3IiwiNTIyNTMiLCIxODY4OTU4NiIsIjUzMzk2Iiw1MTgyMiwiNTc0MjQiLCIxODU5NDI4NCIsIjUxMDA4IiwiNTA5NTkiLCIxODU4Mjg4OCIsIjUwNjMzIiwiNTAyMDgiLCI1NzczMCIsIjU5MjI5IiwiNTEwMjkiXSwidCI6IkRpbmUtT3V0IFJlc3RhdXJhbnRzIGluIEJyaWdhZGUgUm9hZCJ9fQ==,"39, St. Marks Road, Bangalore",Koshy's,0,0,3.9,2322,St. Marks Road,Casual Dining,"South Indian, North Indian, Chinese, Beverages",200.0,Dine-out,Brigade Road,9055.8,low,3.928571428571429,0,1,4,7.750614732770409,100.0,-1
https://www.zomato.com/bangalore/caperberry-lavelle-road?context=eyJzZSI6eyJlIjpbIjUwOTU5IiwiMTg1ODI4ODgiLCI1MDYzMyIsIjUwMjA4Iiw1NzczMCwiNTkyMjkiLCI1MTAyOSIsIjUxNjM5IiwiMTg5MzU5NjQiLCI1MTAzOCIsIjE4Nzk0OTQyIiwiMTg1MjMxMTgiLCIxODYzMDQ5NSIsIjUzOTY4IiwiNTk3MjMiLCI1NDA1NiIsIjE4ODAyNjk2IiwiMTc5NTY2NzEiLCI1MDY2MSIsIjUwMzE4IiwiNjE0NTIiXSwidCI6IkRpbmUtT3V0IFJlc3RhdXJhbnRzIGluIEJyaWdhZGUgUm9hZCJ9fQ==,"203, 2nd Floor, UB City, 24 Vittal Mallya Road, Lavelle Road, Bangalore",Caperberry,0,1,4.6,1423,Lavelle Road,Fine Dining,"Spanish, Italian, Mediterranean, European, Salad",200.0,Dine-out,Brigade Road,6545.799999999999,low,4.082142857142857,1,1,5,7.261225091971921,100.0,-1
https://www.zomato.com/bangalore/easy-tiger-church-street?context=eyJzZSI6eyJlIjpbIjE4Nzk0OTg5IiwiNTU4ODEiLCI1MTY3MSIsIjE4NTU1Mzc1Iiw1OTg2OSwiNTAxNDEiLCIxODcxODMyOCIsIjUwMjIwIiwiMTg1NjUwNzgiLCIxODY0MTgzMyIsIjUwMjIxIiwiMTg2NDc1MDMiLCIxODE0ODk1NiIsIjU3NDA4IiwiMTgyMTY2NjAiXSwidCI6IkRpbmUtT3V0IFJlc3RhdXJhbnRzIGluIEJyaWdhZGUgUm9hZCJ9fQ==,"1/A, Church Street, Bangalore",Easy Tiger,0,0,4.3,2319,Church Street,"Bar, Casual Dining","Finger Food, Continental",200.0,Dine-out,Brigade Road,9971.7,low,3.907142857142857,1,2,2,7.749322464660356,100.0,-1
https://www.zomato.com/bangalore/bangalore-pub-exchange-mg-road?context=eyJzZSI6eyJlIjpbIjUwMjIwIiwiMTg1NjUwNzgiLCIxODY0MTgzMyIsIjUwMjIxIiwxODY0NzUwMywiMTgxNDg5NTYiLCI1NzQwOCIsIjE4MjE2NjYwIiwiMTg2MDc2OTAiLCIxODQ0OTk3NSIsIjUzMzk3IiwiNTE4OTkiLCI2MDU4NyIsIjE4NTY0NzMxIiwiMTgyNjM0MDMiLCI1MDc0NCIsIjUxMzEyIiwiNTIyMTkiXSwidCI6IkRpbmUtT3V0IFJlc3RhdXJhbnRzIGluIEJyaWdhZGUgUm9hZCJ9fQ==,"2nd Floor, 1 MG Mall, Trinity Circle, MG Road, Bangalore",Bangalore Pub Exchange,0,1,4.1,209,MG Road,"Pub, Casual Dining","Continental, Finger Food, Pizza, North Indian",1600.0,Dine-out,Brigade Road,856.9,premium,3.8404255319148937,1,2,4,5.3471075307174685,800.0,-1
https://www.zomato.com/bangalore/sriracha-lavelle-road?context=eyJzZSI6eyJlIjpbIjE4NjQxODMzIiwiNTAyMjEiLCIxODY0NzUwMyIsIjE4MTQ4OTU2Iiw1NzQwOCwiMTgyMTY2NjAiLCIxODYwNzY5MCIsIjE4NDQ5OTc1IiwiNTMzOTciLCI1MTg5OSIsIjYwNTg3IiwiMTg1NjQ3MzEiLCIxODI2MzQwMyIsIjUwNzQ0IiwiNTEzMTIiLCI1MjIxOSJdLCJ0IjoiRGluZS1PdXQgUmVzdGF1cmFudHMgaW4gQnJpZ2FkZSBSb2FkIn19,"204, 2nd Level, 4th Floor, Comet Block, UB City, Vittal Mallya Road, Lavelle Road, Bangalore",Sriracha,0,0,4.3,687,Lavelle Road,Casual Dining,"Thai, Chinese, Indonesian, Asian, Momos",2100.0,Dine-out,Brigade Road,2954.1,premium,4.082142857142857,1,1,5,6.533788837933344,1050.0,-1
https://www.zomato.com/bangalore/russh-gastropub-church-street?context=eyJzZSI6eyJlIjpbIjUwMjIxIiwiMTg2NDc1MDMiLCIxODE0ODk1NiIsIjU3NDA4IiwxODIxNjY2MCwiMTg2MDc2OTAiLCIxODQ0OTk3NSIsIjUzMzk3IiwiNTE4OTkiLCI2MDU4NyIsIjE4NTY0NzMxIiwiMTgyNjM0MDMiLCI1MDc0NCIsIjUxMzEyIiwiNTIyMTkiXSwidCI6IkRpbmUtT3V0IFJlc3RhdXJhbnRzIGluIEJyaWdhZGUgUm9hZCJ9fQ==,"29, Church Street, Bangalore",Russh Gastropub,0,0,4.2,1279,Church Street,Pub,"Continental, Italian, Burger",1300.0,Dine-out,Brigade Road,5371.8,high,3.907142857142857,1,1,3,7.154615356913663,650.0,-1
https://www.zomato.com/bangalore/republic-of-noodles-lemon-tree-premier-ulsoor?context=eyJzZSI6eyJlIjpbIjE4NTY0NzMxIiwiMTgyNjM0MDMiLCI1MDc0NCIsIjUxMzEyIiw1MjIxOSwiNTI3MDAiLCIxODk2MTQyNiIsIjUxOTEyIiwiMTg3OTU5NTEiLCI1NTg3OSIsIjE4NjI3NTc3IiwiNTAxMzEiLCIxODU5MTM0OCIsIjE4NjMwNDQ3IiwiMTg3NTc1MjMiLCI1MDA0NiIsIjUwNTY2IiwiMTg0NjM1NjYiLCIxODUxODY1MiIsIjUxNDQxIl0sInQiOiJEaW5lLU91dCBSZXN0YXVyYW50cyBpbiBCcmlnYWRlIFJvYWQifX0=,"Lemon Tree Premier, 2/1, St. Johns Road, Ulsoor, Bangalore",Republic Of Noodles - Lemon Tree Premier,0,1,4.5,550,Ulsoor,Casual Dining,"Malaysian, Singaporean, Thai",1200.0,Dine-out,Brigade Road,2475.0,high,3.733333333333333,1,1,3,6.311734809152915,600.0,-1
https://www.zomato.com/bangalore/coconut-grove-church-street?context=eyJzZSI6eyJlIjpbIjUwMDQ2IiwiNTA1NjYiLCIxODQ2MzU2NiIsIjE4NTE4NjUyIiw1MTQ0MSwiMTg1NjcwNjIiLCIxODI0NjUxOCIsIjUyNTA0IiwiNTE1MzIiLCI1MjExMSIsIjE4NjkyODc2IiwiMTg0ODcyMDciLCI1NTg4MCIsIjE4ODE5OTE4IiwiNTIzOTciLCIxODQzMDM4OSIsIjUxMTA4IiwiNTgzNDAiLCI1OTY5NyIsIjE4NTA4NDIxIl0sInQiOiJEaW5lLU91dCBSZXN0YXVyYW50cyBpbiBCcmlnYWRlIFJvYWQifX0=,"86, Spencers Building, Church Street, Bangalore",Coconut Grove,0,1,3.9,680,Church Street,"Casual Dining, Bar","South Indian, Chettinad, Kerala, Seafood",1000.0,Dine-out,Brigade Road,2652.0,high,3.907142857142857,0,2,4,6.523562306149512,500.0,-1
https://www.zomato.com/bangalore/smaaash-mg-road?context=eyJzZSI6eyJlIjpbIjE4NDYzNTY2IiwiMTg1MTg2NTIiLCI1MTQ0MSIsIjE4NTY3MDYyIiwxODI0NjUxOCwiNTI1MDQiLCI1MTUzMiIsIjUyMTExIiwiMTg2OTI4NzYiLCIxODQ4NzIwNyIsIjU1ODgwIiwiMTg4MTk5MTgiLCI1MjM5NyIsIjE4NDMwMzg5IiwiNTExMDgiLCI1ODM0MCIsIjU5Njk3IiwiMTg1MDg0MjEiXSwidCI6IkRpbmUtT3V0IFJlc3RhdXJhbnRzIGluIEJyaWdhZGUgUm9hZCJ9fQ==,"2nd &3rd Floor, 1 MG Mall, MG Road, Bangalore",Smaaash,0,1,4.2,538,MG Road,"Casual Dining, Pub","North Indian, Pizza, Chinese",1100.0,Dine-out,Brigade Road,2259.6,high,3.8404255319148937,1,2,3,6.289715570908998,550.0,-1
https://www.zomato.com/bangalore/matsuri-the-chancery-hotel-lavelle-road?context=eyJzZSI6eyJlIjpbIjUwMjcwIiwiNTg2MjQiLCIxODUwOTc4MyIsIjUxNzg5Iiw1NDY3NSwiMTg0NTIzODciLCI1MDUwMCIsIjUxNDYxIiwiMTg2MTQ0ODEiLCI1MTIzNCIsIjUwNDk5IiwiNTgzODUiLCI1MDUwMyIsIjE4NzAyNTk0IiwiMTg3MDExMjgiXSwidCI6IkRpbmUtT3V0IFJlc3RhdXJhbnRzIGluIEJyaWdhZGUgUm9hZCJ9fQ==,"The Chancery Hotel, Lavelle Road, Bangalore",Matsuri - The Chancery Hotel,0,1,4.4,183,Lavelle Road,"Casual Dining, Bar",Japanese,1000.0,Dine-out,Brigade Road,805.2,high,4.082142857142857,1,2,1,5.214935757608986,500.0,-1
https://www.zomato.com/bangalore/atomic-lab-lavelle-road-bangalore?context=eyJzZSI6eyJlIjpbIjE4MDIyMjUwIiwiNTA4MjAiLCIxODc1MjAyNSIsIjE4MTY1NzcxIiwxODgzNjIyNCwiNTU5MDkiLCI1MzQ3NiIsIjUwOTQ5IiwiNTc1MTUiLCIxODIwODM2NiIsIjUwMzMxIiwiNTQ3NDEiLCIxODY4NDYyMyIsIjE4NTQyODg0IiwiNTExNTkiXSwidCI6IkRpbmUtT3V0IFJlc3RhdXJhbnRzIGluIEJyaWdhZGUgUm9hZCJ9fQ==,"#25/5, Lavelle Road, Opposite Smoke House Deli, Lavelle Road, Bangalore",Atomic Lab,0,0,3.5,53,Lavelle Road,"Casual Dining, Bar","Asian, North Indian, Continental",250.0,Dine-out,Brigade Road,185.5,low,4.082142857142857,0,2,3,3.9889840465642745,125.0,-1
https://www.zomato.com/bangalore/grill-99-the-ritz-carlton-residency-road?context=eyJzZSI6eyJlIjpbIjE4NjI3NTk4IiwiMTg2MjI5MzMiLCIxODg1Mjk0NSIsIjU4MTk3IiwxODQxNDM2OSwiMTg2MTY5NjkiLCIxODU5MTE3MCIsIjU1OTcwIiwiMTg4ODAwNzQiLCIxODg1Njg2OSIsIjE4NDcyMzgzIiwiMTg5NTg1NzIiLCIxODk0NDQyNSIsIjU0MDA4IiwiNTI0MzMiLCI2MDYyMSIsIjUzMTg1IiwiMTg0ODAwNTUiLCI2MTU4NiIsIjUwMjMyIiwiNTA1MTEiXSwidCI6IkRpbmUtT3V0IFJlc3RhdXJhbnRzIGluIEJyaWdhZGUgUm9hZCJ9fQ==,"The Ritz-Carlton, 99, Residency Road, Bangalore",Grill 99 - The Ritz-Carlton,0,0,3.5,12,Residency Road,Fine Dining,"Steak, Mediterranean, Grill",3200.0,Dine-out,Brigade Road,42.0,luxury,3.8419753086419752,0,1,3,2.5649493574615367,1600.0,-1
https://www.zomato.com/bangalore/green-paprika-church-street?context=eyJzZSI6eyJlIjpbIjE4NjIyOTMzIiwiMTg4NTI5NDUiLCI1ODE5NyIsIjE4NDE0MzY5IiwxODYxNjk2OSwiMTg1OTExNzAiLCI1NTk3MCIsIjE4ODgwMDc0IiwiMTg4NTY4NjkiLCIxODQ3MjM4MyIsIjE4OTU4NTcyIiwiMTg5NDQ0MjUiLCI1NDAwOCIsIjUyNDMzIiwiNjA2MjEiLCI1MzE4NSIsIjE4NDgwMDU1IiwiNjE1ODYiLCI1MDIzMiIsIjUwNTExIl0sInQiOiJEaW5lLU91dCBSZXN0YXVyYW50cyBpbiBCcmlnYWRlIFJvYWQifX0=,"16-113, Haridevpur, Shanthala Nagar, Ashok Nagar, Church Street, Bangalore",Green Paprika,0,0,3.3,7,Church Street,Casual Dining,"North Indian, South Indian, Continental",4000.0,Dine-out,Brigade Road,23.1,luxury,3.907142857142857,0,1,3,2.079441541679836,2000.0,-1
https://www.zomato.com/bangalore/soul-city-lavelle-road?context=eyJzZSI6eyJlIjpbIjE4NDcyMzgzIiwiMTg5NTg1NzIiLCIxODk0NDQyNSIsIjU0MDA4Iiw1MjQzMywiNjA2MjEiLCI1MzE4NSIsIjE4NDgwMDU1IiwiNjE1ODYiLCI1MDIzMiIsIjUwNTExIiwiMTg2NTgzMzIiLCI1MTE0OSIsIjU2Mzk0IiwiMTg5NjQyMjkiXSwidCI6IkRpbmUtT3V0IFJlc3RhdXJhbnRzIGluIEJyaWdhZGUgUm9hZCJ9fQ==,"Oakwood Premier Prestige, UB City, Vittal Mallya Road, Lavelle Road, Bangalore",Soul City,0,0,3.8,217,Lavelle Road,Casual Dining,"Italian, Chinese, Continental, North Indian, Seafood, Thai",200.0,Dine-out,Brigade Road,824.5999999999999,low,4.082142857142857,0,1,6,5.384495062789089,100.0,-1
https://www.zomato.com/bangalore/siddiqu-kabab-center-richmond-road?context=eyJzZSI6eyJlIjpbIjU2Mzk0IiwiMTg5NjQyMjkiLCIxODI3ODI0MSIsIjUxOTA2Iiw2MDc3MywiMTg3NzI5ODMiLCI1MTg4MyIsIjUyOTg4IiwiMTg2ODY2ODciLCI1MjI4MiIsIjE4NzYwMzQ3IiwiMTg4ODI1MTQiLCI2MDM1MyIsIjUzMDU5IiwiMTg3OTQxMjAiXSwidCI6IkRpbmUtT3V0IFJlc3RhdXJhbnRzIGluIEJyaWdhZGUgUm9hZCJ9fQ==,"44, Aga Abudullah Street, Richmond Road, Bangalore",Siddiqu Kabab Center,0,0,4.5,174,Richmond Road,Quick Bites,"North Indian, Rolls",2200.0,Dine-out,Brigade Road,783.0,premium,3.860638297872341,1,1,2,5.1647859739235145,1100.0,-1
https://www.zomato.com/bangalore/indian-coffee-house-church-street?context=eyJzZSI6eyJlIjpbIjE4NzcyOTgzIiwiNTE4ODMiLCI1Mjk4OCIsIjE4Njg2Njg3Iiw1MjI4MiwiMTg3NjAzNDciLCIxODg4MjUxNCIsIjYwMzUzIiwiNTMwNTkiLCIxODc5NDEyMCIsIjE4NDI0MDYxIiwiMTgxNDA3OTAiLCIxODg5Mzc2OCIsIjUxMTY3IiwiNTI5OTAiLCI1NjY1MiIsIjU0OTYyIiwiMTg1MTUyNDkiLCIxODc4OTgyNCIsIjU4MTcwIiwiMTg0NzY0MzkiLCI1MDkxOSJdLCJ0IjoiRGluZS1PdXQgUmVzdGF1cmFudHMgaW4gQnJpZ2FkZSBSb2FkIn19,"19, Ground Floor, Church Street, Bangalore",Indian Coffee House,0,0,4.0,1217,Church Street,Quick Bites,South Indian,2000.0,Dine-out,Brigade Road,4868.0,premium,3.907142857142857,1,1,1,7.1049654482698426,1000.0,-1
https://www.zomato.com/bangalore/cloud-foods-hsr-bangalore?context=eyJzZSI6eyJlIjpbIjU0MDkwIiwiNjEzOTQiLCIxODczMjY0NSIsIjE4Nzc4MDUyIiwxODk0Nzk2NCwiMTg0MjYyODciLCIxODg1MzM1OCIsIjE4Njg3NzUzIiwiMTg3NTE4MDkiLCIxODcxNDQ0NyIsIjUyODQxIiwiNTMyODYiLCIxODIxNjY1MSIsIjE4Nzg2NTcwIiwiNTI0OTAiLCI1MTAwMCIsIjE4NzI5NTA0IiwiMTg0ODAwMjYiXSwidCI6IkRpbmUtT3V0IFJlc3RhdXJhbnRzIGluIEJyaWdhZGUgUm9hZCJ9fQ==,"8th Cross, Hosapalaya Main Road, I T I layput, H S R Layout Sector 6, HSR, Bangalore",Cloud Foods,0,0,3.7,0,HSR,Casual Dining,"BBQ, Biryani, Charcoal Chicken, Chinese, North Indian, Kerala, Seafood, Street Food",800.0,Dine-out,Brigade Road,0.0,high,3.655994152046784,1,1,8,0.0,400.0,-1
https://www.zomato.com/bangalore/imperio-restaurant-1-brookefield-bangalore?context=eyJzZSI6eyJlIjpbIjE4NzYwMDYxIiwxODc5MDk5NCwiNTE0OTgiLCIxODU2MTM5OCIsIjE4NjMxODQxIiwiNTQzMzQiLCIxODczNDMxMSIsIjU5MDgyIiwiNTM3ODQiLCIxODYzMDUxNSIsIjE4Nzg4MDE4IiwiNTQxNDgiXSwidCI6IlJlc3RhdXJhbnRzIGluIEJyb29rZWZpZWxkIHNlcnZpbmcgQnVmZmV0In19,"3, A Square Plaza, Ground Floor, ITPL Main Road, Near Brookefield Mall, Brookefield, Bangalore",Imperio Restaurant,1,1,4.2,767,Brookefield,Casual Dining,"North Indian, Arabian, Mughlai, Biryani, Seafood, Beverages",1500.0,Buffet,Brookefield,3221.4,high,3.57183908045977,1,1,6,6.643789733147672,750.0,-1
https://www.zomato.com/bangalore/abs-absolute-barbecues-whitefield?context=eyJzZSI6eyJlIjpbIjE4NzYwMDYxIiwiMTg3OTA5OTQiLCI1MTQ5OCIsMTg1NjEzOTgsIjE4NjMxODQxIiwiNTQzMzQiLCIxODczNDMxMSIsIjU5MDgyIiwiNTM3ODQiLCIxODYzMDUxNSIsIjE4Nzg4MDE4IiwiNTQxNDgiLCIxODg5MzI1OCIsIjE4NDU0MzcyIl0sInQiOiJSZXN0YXVyYW50cyBpbiBCcm9va2VmaWVsZCBzZXJ2aW5nIEJ1ZmZldCJ9fQ==,"2nd Floor, I20-A2, EPIP Zone, Near Vydehi Hospital, Whitefield, Bangalore",AB's - Absolute Barbecues,0,1,4.8,2882,Whitefield,Casual Dining,"European, Mediterranean, North Indian, BBQ",350.0,Buffet,Brookefield,13833.6,medium,3.600485436893204,1,1,4,7.966586697638402,175.0,-1
https://www.zomato.com/bangalore/flechazo-whitefield?context=eyJzZSI6eyJlIjpbIjE4NzYwMDYxIiwiMTg3OTA5OTQiLCI1MTQ5OCIsIjE4NTYxMzk4IiwxODYzMTg0MSwiNTQzMzQiLCIxODczNDMxMSIsIjU5MDgyIiwiNTM3ODQiLCIxODYzMDUxNSIsIjE4Nzg4MDE4IiwiNTQxNDgiLCIxODg5MzI1OCIsIjE4NDU0MzcyIiwiMTc5NzgzNjEiXSwidCI6IlJlc3RhdXJhbnRzIGluIEJyb29rZWZpZWxkIHNlcnZpbmcgQnVmZmV0In19,"120 A3, 2nd Floor, Santosh Tower, EPIP Industrial Area, Phase 1, Hoodi Village, Whitefield, Bangalore",Flechazo,0,1,4.9,2745,Whitefield,Casual Dining,"Asian, Mediterranean, North Indian, BBQ",350.0,Buffet,Brookefield,13450.500000000002,medium,3.600485436893204,1,1,4,7.917900586327916,175.0,-1
https://www.zomato.com/bangalore/ji-hazoor-whitefield?context=eyJzZSI6eyJlIjpbIjE4NzkwOTk0IiwiNTE0OTgiLCIxODU2MTM5OCIsIjE4NjMxODQxIiw1NDMzNCwiMTg3MzQzMTEiLCI1OTA4MiIsIjUzNzg0IiwiMTg2MzA1MTUiLCIxODc4ODAxOCIsIjU0MTQ4IiwiMTg4OTMyNTgiLCIxODQ1NDM3MiIsIjE3OTc4MzYxIiwiNTIyOTciLCI1MTk0MyIsIjE4Nzk0MDcxIiwiMTg3ODI0MzkiLCI1MDM5MyIsIjE4ODk3MDQ5IiwiNTQxNTEiLCIxODg1NjA4MSIsIjU2NjIzIiwiNTQxMzYiXSwidCI6IlJlc3RhdXJhbnRzIGluIEJyb29rZWZpZWxkIHNlcnZpbmcgQnVmZmV0In19,"TR 9, 4th Floor, Plot 95, EPIP Zone, Near Vaidehi Hospital Circle, Whitefield, Bangalore",Ji Hazoor,1,1,4.0,2807,Whitefield,"Casual Dining, Bar","Mughlai, North Indian, Biryani, Afghan",800.0,Buffet,Brookefield,11228.0,high,3.600485436893204,1,2,4,7.940227765145702,400.0,-1
https://www.zomato.com/bangalore/bloomsburys-global-kitchen-bakehouse-whitefield-bangalore?context=eyJzZSI6eyJlIjpbIjE4Mzc5NjYzIiwiMTg4MTEwNDQiLCIxODM3OTY2MSIsIjE4Mjc1MDA4IiwxODM5MTAyMCwiMTg3OTE0NjIiLCI1Njc2NyIsIjE4NjcwMDMxIiwiMTg3NjI2OTgiLCIxODU1ODYwNyIsIjE4ODkyMzcyIiwiMTgyMzE0MTQiLCIxODUwMjExOCIsIjE4NjczNTkxIiwiMTg3OTg2NTAiLCI1NDE1NSIsIjE4NjUwNzY5IiwiMTg2NTkwOTYiLCIxODkwMzM1OSJdLCJ0IjoiQ2FmXHUwMGU5cyBhbmQgRGVsaXMgaW4gQnJvb2tlZmllbGQifX0=,"Ground Floor, EPIP Zone, Near BMTC Bus Depot, Whitefield, Bangalore",Bloomsbury's Global Kitchen & Bakehouse,1,1,4.5,733,Whitefield,"Cafe, Dessert Parlor","American, Cafe, Continental, French, Burger, Mexican, Desserts, Pizza",450.0,Cafes,Brookefield,3298.5,medium,3.600485436893204,1,2,8,6.598509028614515,225.0,-1
https://www.zomato.com/bangalore/box8-desi-meals-whitefield-bangalore?context=eyJzZSI6eyJlIjpbIjE4ODY2NTcwIiwiMTg3NTY0MDkiLCIxODgwNzU2NyIsIjE4ODk1NDgzIiwxODY5ODkwNCwiNTU1MjEiLCIxODQ2ODgyMyIsIjE4NjE1ODM1IiwiMTg1MzY3MjUiLCI1NzkyOCIsIjE4NjE5NTE5IiwiMTg3OTU5NDQiLCIxODU2MDMyOCIsIjE4ODc5MjAyIiwiMTg3MTQ2MjkiLCIxODY1NDYwOCJdLCJ0IjoiRGVsaXZlcnkgUmVzdGF1cmFudHMgaW4gQnJvb2tlZmllbGQifX0=,"120-P, A3, 1st Floor, Santosh Tower, 3rd Road, KIADB, Near ITPL, Whitefield, Bangalore",BOX8- Desi Meals,1,0,4.2,78,Whitefield,"Takeaway, Delivery","North Indian, Mughlai, Fast Food",1500.0,Delivery,Brookefield,327.6,high,3.600485436893204,1,2,3,4.3694478524670215,750.0,-1
https://www.zomato.com/bangalore/dominos-pizza-brookefield?context=eyJzZSI6eyJlIjpbIjU1NTIxIiwiMTg0Njg4MjMiLCIxODYxNTgzNSIsIjE4NTM2NzI1Iiw1NzkyOCwiMTg2MTk1MTkiLCIxODc5NTk0NCIsIjE4NTYwMzI4IiwiMTg4NzkyMDIiLCIxODcxNDYyOSIsIjE4NjU0NjA4IiwiMTg2MDQxNzMiLCI1NDAxMSIsIjE4ODkxMjM0IiwiMTg2MzI2NTciXSwidCI6IkRlbGl2ZXJ5IFJlc3RhdXJhbnRzIGluIEJyb29rZWZpZWxkIn19,"295, Ground Floor, AECS Layout Main Road, Kundanahalli, Brookefield, Bangalore",Domino's Pizza,1,0,3.0,458,Brookefield,Quick Bites,"Pizza, Fast Food",2500.0,Delivery,Brookefield,1374.0,premium,3.57183908045977,0,1,2,6.129050210060545,1250.0,-1
https://www.zomato.com/bangalore/warm-oven-whitefield?context=eyJzZSI6eyJlIjpbIjE4Nzk1OTQ0IiwiMTg1NjAzMjgiLCIxODg3OTIwMiIsIjE4NzE0NjI5IiwxODY1NDYwOCwiMTg2MDQxNzMiLCI1NDAxMSIsIjE4ODkxMjM0IiwiMTg2MzI2NTciLCIxODQxMjA0NiIsIjE4NjQ3OTQyIiwiNTA1MzQiLCIxODU4NDU2MiIsIjE4NzkxNDYyIiwiMTg1NzI5MjgiLCIxODYxNDc5OCIsIjE4NTc4MTAwIiwiNTk3OTUiLCI1Nzc5NSIsIjE4NzQ2MjQ1Il0sInQiOiJEZWxpdmVyeSBSZXN0YXVyYW50cyBpbiBCcm9va2VmaWVsZCJ9fQ==,"122, Outer Circle, Dodsworth Layout, Whitefield, Bangalore",Warm Oven,1,0,4.0,171,Whitefield,Bakery,"Bakery, Desserts",2500.0,Delivery,Brookefield,684.0,premium,3.600485436893204,1,1,2,5.147494476813453,1250.0,-1
https://www.zomato.com/FreshMenuWhitefield?context=eyJzZSI6eyJlIjpbIjE4NzkxNDYyIiwiMTg1NzI5MjgiLCIxODYxNDc5OCIsIjE4NTc4MTAwIiw1OTc5NSwiNTc3OTUiLCIxODc0NjI0NSIsIjE4NjYyNzQwIiwiMTg3NzI0OTgiLCIxODQxNDM3NiIsIjE4NDU1NjA4IiwiNTM2MDAiLCI1MzQ4MCIsIjE4NTQ0NDI3IiwiMTg2OTI2NjQiLCI1MTE4OSIsIjE4NzAzOTEwIiwiMTgzNzI3MDkiLCIxODYwNDE2MSIsIjUyNjgzIiwiMTgzNzk2NTMiLCI2MDk2MyJdLCJ0IjoiRGVsaXZlcnkgUmVzdGF1cmFudHMgaW4gQnJvb2tlZmllbGQifX0=,"49, Upkar Layout, ITPL Road, Next To GR Tech Park, Whitefield, Bangalore",FreshMenu,1,0,3.2,835,Whitefield,Delivery,"Healthy Food, Chinese, Biryani, North Indian, Continental, Salad, American, Burger",1200.0,Delivery,Brookefield,2672.0,high,3.600485436893204,0,1,8,6.728628613084702,600.0,-1
https://www.zomato.com/bangalore/paradise-whitefield?context=eyJzZSI6eyJlIjpbIjE4NDA3OTA2IiwiMTg3MTA4NzkiLCIxODY3MTYwMyIsIjYxNDkyIiwxODM3OTYzMywiMTg4MDA2OTYiLCI1NDMwNSIsIjE4NzUwMzAxIiwiNTkxNTkiLCIxODY1MDc3NiIsIjE4NzMxMjQzIiwiMTgzMTM1MzQiLCI1OTg1MyIsIjE4MjYwMDQ0IiwiNTcwNTgiXSwidCI6IkRlbGl2ZXJ5IFJlc3RhdXJhbnRzIGluIEJyb29rZWZpZWxkIn19,"Virginia Mall, 10 - 12, Ramgondanahalli, Varthur Hobli, Whitefield, Bangalore",Paradise,1,1,3.9,1644,Whitefield,Casual Dining,"Biryani, North Indian, Kebab",1500.0,Delivery,Brookefield,6411.599999999999,high,3.600485436893204,1,1,3,7.405495663199472,750.0,-1
https://www.zomato.com/bangalore/brew-and-barbeque-a-microbrewery-pub-marathahalli-bangalore?context=eyJzZSI6eyJlIjpbIjUzNDgxIiwiMTg1OTQ1NjEiLCIxODI0NjUxNiIsIjE4ODIyNDYyIiwxODI1NDU5NywiMTg3OTc2NDciLCIxODM5ODM5MyIsIjE4NTQ5NTA3IiwiMTg0NTA4ODUiLCIxODc0NTYwMCIsIjE4NDcwNzg0IiwiMTg1ODAxNzQiLCIxODc2NTM4MiIsIjE4MjIxNTU5IiwiMTg3OTc2NjIiXSwidCI6IkRlbGl2ZXJ5IFJlc3RhdXJhbnRzIGluIEJyb29rZWZpZWxkIn19,"36/4, Fourth Floor, Soul Space Arena, Outer Ring Road, Doddanekkundi Village, Marathahalli, Bangalore",Brew and Barbeque - A Microbrewery Pub,1,1,4.7,5746,Marathahalli,"Microbrewery, Pub","Continental, North Indian, BBQ, Steak",300.0,Delivery,Brookefield,27006.2,low,3.555993930197269,1,2,4,8.656433258507741,150.0,-1
https://www.zomato.com/bangalore/jo-mo-whitefield-bangalore?context=eyJzZSI6eyJlIjpbIjE4NzE0MTc3IiwiMTg3MTY3NTgiLCIxODcyNzU4NSIsIjE4NzMzODgyIiwxODc1MTAyMiwiMTg3NTgzNzAiLCIxODc3ODMyOCIsIjE4Nzk1MDA1IiwiMTg4OTA4NTAiLCIxODkzNTIzOCIsIjE4NDY5NTI0IiwiMTg5NTQyNjkiLCIxODgwMDYxOSIsIjYxNTMzIiwiNTMwNzQiLCIxODMwODc4OSIsIjE4NjE3ODI5IiwiMTg5MTEwMTQiLCIxODk2MzY1MSIsIjE4OTY1NjA3IiwiMTg5NjYxNjgiLCIxODUxNTAwMSIsIjE4NjExOTk3IiwiMTgyOTAwNjIiXSwidCI6IkRlbGl2ZXJ5IFJlc3RhdXJhbnRzIGluIEJyb29rZWZpZWxkIn19,"Number 102, SGP Layout, Nagundahalli, Whitefield, Bengaluru Whitefield, Bangalore",Jo & Mo,0,0,3.6,0,Whitefield,"Takeaway, Delivery","Chinese, North Indian, Juices",1200.0,Delivery,Brookefield,0.0,high,3.600485436893204,0,2,3,0.0,600.0,-1
https://www.zomato.com/bangalore/moriz-restaurant-brookefield?context=eyJzZSI6eyJlIjpbIjE4NTE1MDAxIiwiMTg2MTE5OTciLCIxODI5MDA2MiIsIjE4MzU5MTEyIiw1Njk0NywiNTg0MDgiLCI1ODQ4NSIsIjU3NzIyIiwiNTg1MTQiLCI1Nzc2MCIsIjU4NDYzIiwiNTk0OTQiLCI1OTg5MCIsIjU5OTg1IiwiNTk1MzMiLCI2MDE0OCIsIjU5ODYwIiwiNjAyMDEiXSwidCI6IkRlbGl2ZXJ5IFJlc3RhdXJhbnRzIGluIEJyb29rZWZpZWxkIn19,"614, C Block, AECS Layout, Kundalahalli, Brookefield, Bangalore",Moriz Restaurant,1,0,2.8,1870,Brookefield,Casual Dining,"Arabian, North Indian, Biryani, Chinese, Seafood",350.0,Delivery,Brookefield,5236.0,medium,3.57183908045977,0,1,5,7.534228326274089,175.0,-1
https://www.zomato.com/bangalore/gillys-restobar-brookefield?context=eyJzZSI6eyJlIjpbMTg0NDMwODcsIjU3ODI5IiwiMTg3MTYzMTAiLCIxODc2MDA2MSIsIjE4NzkwOTk0IiwiMTg2MTk0NjciLCIxODM4NzM3NiIsIjU2OTQ3IiwiMTg1NTg0OTQiLCIxODc3ODA2NyIsIjE4NDc2NDcxIl0sInQiOiJEaW5lLU91dCBSZXN0YXVyYW50cyBpbiBCcm9va2VmaWVsZCJ9fQ==,"43, 1st Floor, Kundanahalli Gate, ITPL Main Road, Brookefield, Bangalore",Gilly's Restobar,0,1,4.4,1700,Brookefield,"Pub, Casual Dining","Continental, Finger Food, North Indian, Chinese",1200.0,Dine-out,Brookefield,7480.000000000001,high,3.57183908045977,1,2,4,7.438971592395862,600.0,-1
https://www.zomato.com/bangalore/chulha-chauki-da-dhaba-brookefield?context=eyJzZSI6eyJlIjpbIjE4NDQzMDg3Iiw1NzgyOSwiMTg3MTYzMTAiLCIxODc2MDA2MSIsIjE4NzkwOTk0IiwiMTg2MTk0NjciLCIxODM4NzM3NiIsIjU2OTQ3IiwiMTg1NTg0OTQiLCIxODc3ODA2NyIsIjE4NDc2NDcxIiwiMTg3MDA4NTgiXSwidCI6IkRpbmUtT3V0IFJlc3RhdXJhbnRzIGluIEJyb29rZWZpZWxkIn19,"601, 3rd Floor, C Block, AECS Layout, Brookefield, Bangalore",Chulha Chauki Da Dhaba,1,0,4.1,2143,Brookefield,Casual Dining,North Indian,1800.0,Dine-out,Brookefield,8786.3,premium,3.57183908045977,1,1,1,7.670428522190693,900.0,-1
https://www.zomato.com/bangalore/chai-point-brookefield?context=eyJzZSI6eyJlIjpbIjE4NjU4OTQ5IiwiNTM2MDAiLCIxODQ1MDkyNSIsIjE4Mzc5NjUzIiwxODUzMzk3MiwiNTE1NjYiLCI1NDA1MSIsIjE4NzY1MDk3IiwiMTg1NTI0NTAiLCIxODE2MDA3OSIsIjE4NDU1NjA4IiwiNTk4NTMiLCIxODI2MDA0NCIsIjE4NjI0Mzk1IiwiMTg4OTAwNDkiLCI1MTU4MSIsIjU0MDg0IiwiNTUwNDIiLCI1NTk1OCIsIjE4NDE3NTQ3IiwiMTg2NTY1NjgiLCIxODQxODUyMSIsIjUyODQ5Il0sInQiOiJEaW5lLU91dCBSZXN0YXVyYW50cyBpbiBCcm9va2VmaWVsZCJ9fQ==,"296, 60 Ft Main Road, A Block, AECS Layout, Kundalahalli, Brookefield, Bangalore",Chai Point,1,0,3.9,130,Brookefield,"Beverage Shop, Quick Bites","Tea, Beverages, Fast Food",1700.0,Dine-out,Brookefield,507.0,premium,3.57183908045977,1,2,3,4.875197323201151,850.0,-1
https://www.zomato.com/bangalore/biergarten-whitefield?context=eyJzZSI6eyJlIjpbIjE4MjU0NjA3IiwiNTY0NzgiLCIxODY3MTU4MyIsIjE4ODg3NTA0IiwxODMxMzUzMSwiNTM4NzIiLCIxODU2MTM5OCIsIjE4NjMxODQxIiwiMTg1MzQzOTYiLCI1NDMzNCIsIjE4NzM0MzExIiwiNTkwODIiLCIxODgxMjgxNiIsIjUzNzg0IiwiNTgyNzEiLCIxODYyNDI5OCIsIjUxMTM5IiwiMTg2MzA1MTUiLCIxODQxNDM2NyIsIjE4MzkxMDIwIl0sInQiOiJEaW5lLU91dCBSZXN0YXVyYW50cyBpbiBCcm9va2VmaWVsZCJ9fQ==,"2, Doddanekkundi, Whitefield Road, Mahadevpura, Whitefield, Bangalore",Biergarten,0,1,4.7,6865,Whitefield,"Microbrewery, Pub","Continental, European, BBQ, Chinese, Asian",600.0,Dine-out,Brookefield,32265.5,medium,3.600485436893204,1,2,5,8.834336974017637,300.0,-1
https://www.zomato.com/bangalore/windmills-craftworks-whitefield?context=eyJzZSI6eyJlIjpbIjU2NDc4IiwiMTg2NzE1ODMiLCIxODg4NzUwNCIsIjE4MzEzNTMxIiw1Mzg3MiwiMTg1NjEzOTgiLCIxODYzMTg0MSIsIjE4NTM0Mzk2IiwiNTQzMzQiLCIxODczNDMxMSIsIjU5MDgyIiwiMTg4MTI4MTYiLCI1Mzc4NCIsIjU4MjcxIiwiMTg2MjQyOTgiLCI1MTEzOSIsIjE4NjMwNTE1IiwiMTg0MTQzNjciLCIxODM5MTAyMCJdLCJ0IjoiRGluZS1PdXQgUmVzdGF1cmFudHMgaW4gQnJvb2tlZmllbGQifX0=,"331, Road 5B, EPIP Area, Next to KTPO, Whitefield, Bangalore",Windmills Craftworks,0,0,4.6,5890,Whitefield,"Microbrewery, Pub","American, North Indian, Salad",1200.0,Dine-out,Brookefield,27094.0,high,3.600485436893204,1,2,3,8.681181041521688,600.0,-1
https://www.zomato.com/bangalore/abs-absolute-barbecues-btm?context=eyJzZSI6eyJlIjpbMTgxNDg5NzcsIjE4ODY2OTYzIiwiNTI4NTkiLCIxODM3NTU2NCIsIjE4MzEzNTQyIiwiMTg2MjYwMTMiLCIxODkyOTA5NyIsIjUzNTIwIiwiNTQxNjIiLCIxODcyNzkwNiIsIjU4MzQ5Il0sInQiOiJSZXN0YXVyYW50cyBpbiBCVE0gc2VydmluZyBCdWZmZXQifX0=,"100 Feet Road, 1st Phase, Near Jayadeva Flyover, 2nd Stage, BTM, Bangalore",AB's - Absolute Barbecues,0,1,4.9,6375,BTM,Casual Dining,"European, Mediterranean, North Indian, BBQ",250.0,Buffet,BTM,31237.500000000004,low,3.569241773962804,1,1,4,8.760296220470051,125.0,-1
https://www.zomato.com/bangalore/the-black-pearl-koramangala-5th-block?context=eyJzZSI6eyJlIjpbIjE4MzEzNTQyIiwiMTg2MjYwMTMiLCIxODkyOTA5NyIsIjUzNTIwIiw1NDE2MiwiMTg3Mjc5MDYiLCI1ODM0OSIsIjE4NjA4MDk5IiwiNTQxNjUiLCI1MDA2NyIsIjUwOTQzIiwiMTgyMjE1NDQiLCI1NTI2MCIsIjUyODQ4IiwiMTg2ODMyNTciLCIxODMwNDc1NyIsIjUxNTY0IiwiMTgzNDYzNTUiLCI1MDc0OCIsIjUyMjkxIiwiNTA0NzQiXSwidCI6IlJlc3RhdXJhbnRzIGluIEJUTSBzZXJ2aW5nIEJ1ZmZldCJ9fQ==,"105, 1st A Cross Road, Jyothi Nivas College Road, Koramangala 5th Block, Bangalore",The Black Pearl,0,1,4.7,10413,Koramangala 5th Block,"Casual Dining, Bar","North Indian, European, Mediterranean",150.0,Buffet,BTM,48941.1,low,3.9150943396226414,1,2,3,9.250906333722844,75.0,-1
https://www.zomato.com/bangalore/asia-kitchen-by-mainland-china-koramangala-5th-block?context=eyJzZSI6eyJlIjpbIjE4NjA4MDk5IiwiNTQxNjUiLCI1MDA2NyIsIjUwOTQzIiwxODIyMTU0NCwiNTUyNjAiLCI1Mjg0OCIsIjE4NjgzMjU3IiwiMTgzMDQ3NTciLCI1MTU2NCIsIjE4MzQ2MzU1IiwiNTA3NDgiLCI1MjI5MSIsIjUwNDc0IiwiMTg5NDcxNjgiXSwidCI6IlJlc3RhdXJhbnRzIGluIEJUTSBzZXJ2aW5nIEJ1ZmZldCJ9fQ==,"136, Ground Floor, 1st Cross, 5th Block, Jyoti Niwas College Road, Koramangala 5th Block, Bangalore",Asia Kitchen By Mainland China,1,1,4.9,2178,Koramangala 5th Block,"Casual Dining, Bar","Asian, Chinese, Thai, Momos",400.0,Buffet,BTM,10672.2,medium,3.9150943396226414,1,2,4,7.68662133494462,200.0,-1
https://www.zomato.com/bangalore/empire-restaurant-koramangala-5th-block?context=eyJzZSI6eyJlIjpbIjUxNTY0IiwiMTgzNDYzNTUiLCI1MDc0OCIsIjUyMjkxIiw1MDQ3NCwiMTg5NDcxNjgiLCI1OTk5OSIsIjUzMjY0IiwiMTg2NjQ2NjgiLCIxODY2MDQwMiIsIjU0NzI4IiwiNTAwMDQiLCI1NzA1MSIsIjE4NjQyMzg1IiwiNTQzOTkiLCI1MzU5MiIsIjE4NDM5NjI1IiwiNTcxODEiLCIxODc5MDE0OSJdLCJ0IjoiUmVzdGF1cmFudHMgaW4gQlRNIHNlcnZpbmcgQnVmZmV0In19,"103, Industrial Area, 5th Block, Near Jyothi Nivas College",Empire Restaurant,1,0,4.1,6875,Koramangala 5th Block,Casual Dining,"North Indian, Mughlai, South Indian, Chinese",700.0,Buffet,BTM,28187.5,medium,3.9150943396226414,1,1,4,8.83579236650274,350.0,-1
https://www.zomato.com/bangalore/truffles-koramangala-5th-block?context=eyJzZSI6eyJlIjpbIjE4NjQwMDkxIiwiMTg5NjE3OTMiLCI1NjYyNyIsIjE4NTM1NjAyIiw1MTA0MCwiNTY1NDIiLCI1NTkxOSIsIjE4ODc4OTQ0IiwiNTkxNjgiLCIxODM2MjQyMiIsIjU3NTAzIiwiMTgwMjIyNjkiLCIxODYzMjcxNyIsIjE4NjEyODQ4IiwiMTg2ODI2MjMiXSwidCI6IkNhZlx1MDBlOXMgYW5kIERlbGlzIGluIEJUTSJ9fQ==,"28, 4th 'B' Cross, Koramangala 5th Block, Bangalore",Truffles,0,0,4.7,14654,Koramangala 5th Block,"Cafe, Casual Dining","Cafe, American, Burger, Steak",500.0,Cafes,BTM,68873.8,medium,3.9150943396226414,1,2,4,9.592536853144992,250.0,-1
https://www.zomato.com/bangalore/stoner-koramangala-5th-block?context=eyJzZSI6eyJlIjpbIjE4ODc4OTQ0IiwiNTkxNjgiLCIxODM2MjQyMiIsIjU3NTAzIiwxODAyMjI2OSwiMTg2MzI3MTciLCIxODYxMjg0OCIsIjE4NjgyNjIzIiwiNjE1NzkiLCIxODU4MjQ5MSIsIjE4NjIyMjY4IiwiMTg4ODI3MTgiLCIxODg4NjEzOSIsIjU2MDIzIiwiNTkzMDQiLCIxODcxMjM5NCIsIjU2NjAzIiwiNjA4NTIiLCIxODU4Mjg1OSIsIjE4MjM3OTE5IiwiMTgyNjM0MjkiXSwidCI6IkNhZlx1MDBlOXMgYW5kIERlbGlzIGluIEJUTSJ9fQ==,"Elite Building Ground Floor, Industrial Layout, Jyoti Niwas College Road, Koramangala 5th Block, Bangalore",Stoner,1,0,4.5,2594,Koramangala 5th Block,"Dessert Parlor, Cafe","Ice Cream, Cafe, Pizza, Burger, Desserts, Beverages",500.0,Cafes,BTM,11673.0,medium,3.9150943396226414,1,2,6,7.861341795599989,250.0,-1
https://www.zomato.com/bangalore/99-pancakes-1-koramangala-5th-block-bangalore?context=eyJzZSI6eyJlIjpbIjE4ODgyNzE4IiwiMTg4ODYxMzkiLCI1NjAyMyIsIjU5MzA0IiwxODcxMjM5NCwiNTY2MDMiLCI2MDg1MiIsIjE4NTgyODU5IiwiMTgyMzc5MTkiLCIxODI2MzQyOSIsIjE4NjAxNjY2IiwiMTgyNDY0OTkiLCIxODQ2ODgzOSIsIjE4ODc3NTM0IiwiMTg2MTM4MDIiXSwidCI6IkNhZlx1MDBlOXMgYW5kIERlbGlzIGluIEJUTSJ9fQ==,"70, Jyoti Nivas College Road, Koramangala Industrial Layout, Koramangala 5th Block, Bangalore",99 Pancakes,1,0,4.5,334,Koramangala 5th Block,"Dessert Parlor, Cafe","Desserts, Cafe",1200.0,Cafes,BTM,1503.0,high,3.9150943396226414,1,2,2,5.814130531825066,600.0,-1
https://www.zomato.com/bangalore/the-vacationers-cafe-koramangala-7th-block-bangalore?context=eyJzZSI6eyJlIjpbIjYwODUyIiwiMTg1ODI4NTkiLCIxODIzNzkxOSIsIjE4MjYzNDI5IiwxODYwMTY2NiwiMTgyNDY0OTkiLCIxODQ2ODgzOSIsIjE4ODc3NTM0IiwiMTg2MTM4MDIiLCIxODY1NTMwNCIsIjE4NzcxMDAwIiwiMTgzNTk5MTkiLCIxODUzNDA4OSIsIjE4ODY1ODg1IiwiMTg2MDY5MTEiLCIxODQyNDA2MCIsIjE4NTU4NDI0IiwiMTg2NjYyNDciLCIxODY2NjI4NyJdLCJ0IjoiQ2FmXHUwMGU5cyBhbmQgRGVsaXMgaW4gQlRNIn19,"3rd Floor, Salarpuriya Tower - II, Near Forum Mall, Koramangala 7th Block, Bangalore",The Vacationer's Cafe,1,0,4.1,306,Koramangala 7th Block,Cafe,"Cafe, Continental, Mexican",2500.0,Cafes,BTM,1254.6,premium,3.7569444444444446,1,1,3,5.726847747587197,1250.0,-1
https://www.zomato.com/bangalore/bistro-oui-koramangala-5th-block?context=eyJzZSI6eyJlIjpbIjE4NTgyODU5IiwiMTgyMzc5MTkiLCIxODI2MzQyOSIsIjE4NjAxNjY2IiwxODI0NjQ5OSwiMTg0Njg4MzkiLCIxODg3NzUzNCIsIjE4NjEzODAyIiwiMTg2NTUzMDQiLCIxODc3MTAwMCIsIjE4MzU5OTE5IiwiMTg1MzQwODkiLCIxODg2NTg4NSIsIjE4NjA2OTExIiwiMTg0MjQwNjAiLCIxODU1ODQyNCIsIjE4NjY2MjQ3IiwiMTg2NjYyODciXSwidCI6IkNhZlx1MDBlOXMgYW5kIERlbGlzIGluIEJUTSJ9fQ==,"476, Opposite BDA Park, KHB Colony, Koramangala 5th Block, Bangalore",Bistro Oui,1,1,4.1,400,Koramangala 5th Block,"Cafe, Bar","Cafe, Continental, Salad, Steak",1700.0,Cafes,BTM,1639.9999999999998,premium,3.9150943396226414,1,2,4,5.993961427306569,850.0,-1
https://www.zomato.com/bangalore/smallys-resto-cafe-koramangala-5th-block?context=eyJzZSI6eyJlIjpbIjE4MjM3OTE5IiwiMTgyNjM0MjkiLCIxODYwMTY2NiIsIjE4MjQ2NDk5IiwxODQ2ODgzOSwiMTg4Nzc1MzQiLCIxODYxMzgwMiIsIjE4NjU1MzA0IiwiMTg3NzEwMDAiLCIxODM1OTkxOSIsIjE4NTM0MDg5IiwiMTg4NjU4ODUiLCIxODYwNjkxMSIsIjE4NDI0MDYwIiwiMTg1NTg0MjQiLCIxODY2NjI0NyIsIjE4NjY2Mjg3Il0sInQiOiJDYWZcdTAwZTlzIGFuZCBEZWxpcyBpbiBCVE0ifX0=,"75/2, 17th Main, Hosur Road, Koramangala 5th Block, Bangalore",Smally's Resto Cafe,1,1,4.2,1692,Koramangala 5th Block,Cafe,"Cafe, Italian, Burger, American, Steak",1500.0,Cafes,BTM,7106.400000000001,high,3.9150943396226414,1,1,5,7.434257382133135,750.0,-1
https://www.zomato.com/bangalore/smoor-koramangala-7th-block-bangalore?context=eyJzZSI6eyJlIjpbIjE4NDY4ODM5IiwiMTg4Nzc1MzQiLCIxODYxMzgwMiIsIjE4NjU1MzA0IiwxODc3MTAwMCwiMTgzNTk5MTkiLCIxODUzNDA4OSIsIjE4ODY1ODg1IiwiMTg2MDY5MTEiLCIxODQyNDA2MCIsIjE4NTU4NDI0IiwiMTg2NjYyNDciLCIxODY2NjI4NyIsIjE4NjE1ODQzIiwiMTg2NDQzNzQiXSwidCI6IkNhZlx1MDBlOXMgYW5kIERlbGlzIGluIEJUTSJ9fQ==,"113, 1st C Main, Prestige Pinnacle, Koramangala 7th Block, Bangalore",Smoor,1,0,4.2,99,Koramangala 7th Block,"Dessert Parlor, Cafe","Desserts, Cafe, Beverages",1500.0,Cafes,BTM,415.8,high,3.7569444444444446,1,2,3,4.605170185988092,750.0,-1
https://www.zomato.com/bangalore/delhi-food-point-koramangala-1st-block?context=eyJzZSI6eyJlIjpbIjE4MjMyNjczIiwiMTg2MzI4ODUiLCIxODQxMjExNiIsIjE4NDEyMzk5Iiw1MDM1OSwiMTg2Njk2MzkiLCIxODY1NzM1OSIsIjE4ODQ4ODA2IiwiMTg2OTI1ODIiLCIxODY5MjU4MCIsIjE4ODQ0NDIzIiwiMTg0MTk0MDYiLCIxODY0MzYxOCIsIjE4NTg3OTA1IiwiMTg1ODg1MzYiLCI1NzIzMSIsIjE4NzMyOTE3IiwiMTg4NzkwMDciLCIxODM2MjQwNSIsIjU2OTEzIl0sInQiOiJEZWxpdmVyeSBSZXN0YXVyYW50cyBpbiBCVE0ifX0=,"117, 1st Main, Jakkasandra Extension, Koramangala 1st Block, Bangalore",Delhi Food Point,1,0,3.3,909,Koramangala 1st Block,Quick Bites,"North Indian, Beverages",1000.0,Delivery,BTM,2999.7,high,3.666265060240964,0,1,2,6.813444599510896,500.0,-1
https://www.zomato.com/bangalore/gogulas-sweets-chats-btm-bangalore?context=eyJzZSI6eyJlIjpbIjE4NDEyMTE2IiwiMTg0MTIzOTkiLCI1MDM1OSIsIjE4NjY5NjM5IiwxODY1NzM1OSwiMTg4NDg4MDYiLCIxODY5MjU4MiIsIjE4NjkyNTgwIiwiMTg4NDQ0MjMiLCIxODQxOTQwNiIsIjE4NjQzNjE4IiwiMTg1ODc5MDUiLCIxODU4ODUzNiIsIjU3MjMxIiwiMTg3MzI5MTciLCIxODg3OTAwNyIsIjE4MzYyNDA1IiwiNTY5MTMiXSwidCI6IkRlbGl2ZXJ5IFJlc3RhdXJhbnRzIGluIEJUTSJ9fQ==,"49, 7th Cross, Maruthi Nagar Main Road, 1st Stage, BTM, Bangalore",Gogula's Sweets & Chats,1,0,4.0,201,BTM,"Sweet Shop, Quick Bites","Mithai, Street Food, Fast Food",1400.0,Delivery,BTM,804.0,high,3.569241773962804,1,2,3,5.308267697401205,700.0,-1
https://www.zomato.com/bangalore/kota-kachori-koramangala-6th-block?context=eyJzZSI6eyJlIjpbIjUzMDE1IiwiMTg3OTc5MzIiLCI1ODgyOCIsIjE4ODQ4Mjk1Iiw2MTM4MSwiMTg3MTQ1MzMiLCI1MTgyOCIsIjE4OTE5NDM2IiwiMTgzNDYzNDEiLCIxODI1NDU2OCIsIjE4Mjk4MjM4IiwiNTAwMzEiLCIxODUyMjcwNCIsIjE4NzE4Mzg3IiwiMTg0NzY0NTEiLCI2MDEyNCJdLCJ0IjoiRGVsaXZlcnkgUmVzdGF1cmFudHMgaW4gQlRNIn19,"635, 100 Feet Road, Koramangala 6th Block, Bangalore",Kota Kachori,1,0,4.3,3605,Koramangala 6th Block,Quick Bites,"Street Food, Desserts, North Indian, Mithai, Rajasthani",200.0,Delivery,BTM,15501.5,low,3.736,1,1,5,8.190354403763262,100.0,-1
https://www.zomato.com/bangalore/priya-juice-snacks-hsr-bangalore?context=eyJzZSI6eyJlIjpbIjU5MjA1IiwiMTg3MTIzOTQiLCIxODgyMjU5MSIsIjE4NDA3OTMzIiwxODcwOTYyNCwiNTY3NzEiLCI1MzQxNiIsIjE4ODU0MjgwIiwiMTg3NDI4NTAiLCIxODQ2ODgyNyIsIjE4ODc3OTUxIiwiMTgzNjI0MDMiLCI1MzkxMCIsIjE4MzEzNTQyIiwiMTg0MzU2ODgiLCIxODYyNDg5OCIsIjE4NzQwOTQxIiwiMTg0MDc5MTkiLCIxODc5Njc0NSIsIjE4NzM1MjI4IiwiNTcyMjUiLCIxODc0MTExMiIsIjU3ODkwIl0sInQiOiJEZWxpdmVyeSBSZXN0YXVyYW50cyBpbiBCVE0ifX0=,"Venkatapura Main Road, Teacher Colony, HSR, Bangalore",Priya Juice & Snacks,1,0,3.7,74,HSR,Beverage Shop,"Beverages, Juices",4000.0,Delivery,BTM,273.8,luxury,3.655994152046784,1,1,2,4.31748811353631,2000.0,-1
https://www.zomato.com/bangalore/savitha-family-restaurant-koramangala-4th-block?context=eyJzZSI6eyJlIjpbIjE4ODIyNTkxIiwiMTg0MDc5MzMiLCIxODcwOTYyNCIsIjU2NzcxIiw1MzQxNiwiMTg4NTQyODAiLCIxODc0Mjg1MCIsIjE4NDY4ODI3IiwiMTg4Nzc5NTEiLCIxODM2MjQwMyIsIjUzOTEwIiwiMTgzMTM1NDIiLCIxODQzNTY4OCIsIjE4NjI0ODk4IiwiMTg3NDA5NDEiLCIxODQwNzkxOSIsIjE4Nzk2NzQ1IiwiMTg3MzUyMjgiLCI1NzIyNSIsIjE4NzQxMTEyIiwiNTc4OTAiXSwidCI6IkRlbGl2ZXJ5IFJlc3RhdXJhbnRzIGluIEJUTSJ9fQ==,"72/33, 80 Feet Road, 4th Block, Koramangala 4th Block, Bangalore",Savitha Family Restaurant,1,0,4.0,196,Koramangala 4th Block,Quick Bites,North Indian,3500.0,Delivery,BTM,784.0,luxury,3.84812030075188,1,1,1,5.2832037287379885,1750.0,-1
https://www.zomato.com/bangalore/nutri-rich-koramangala-7th-block-bangalore?context=eyJzZSI6eyJlIjpbIjE4NzA5NjI0IiwiNTY3NzEiLCI1MzQxNiIsIjE4ODU0MjgwIiwxODc0Mjg1MCwiMTg0Njg4MjciLCIxODg3Nzk1MSIsIjE4MzYyNDAzIiwiNTM5MTAiLCIxODMxMzU0MiIsIjE4NDM1Njg4IiwiMTg2MjQ4OTgiLCIxODc0MDk0MSIsIjE4NDA3OTE5IiwiMTg3OTY3NDUiLCIxODczNTIyOCIsIjU3MjI1IiwiMTg3NDExMTIiLCI1Nzg5MCJdLCJ0IjoiRGVsaXZlcnkgUmVzdGF1cmFudHMgaW4gQlRNIn19,"337, 1st B Main Road, Koramangala 7th Block, Bangalore",Nutri Rich,1,0,3.8,53,Koramangala 7th Block,Quick Bites,Healthy Food,2400.0,Delivery,BTM,201.4,premium,3.7569444444444446,1,1,1,3.9889840465642745,1200.0,-1
https://www.zomato.com/bangalore/mcdonalds-hsr?context=eyJzZSI6eyJlIjpbIjE4NzQyODUwIiwiMTg0Njg4MjciLCIxODg3Nzk1MSIsIjE4MzYyNDAzIiw1MzkxMCwiMTgzMTM1NDIiLCIxODQzNTY4OCIsIjE4NjI0ODk4IiwiMTg3NDA5NDEiLCIxODQwNzkxOSIsIjE4Nzk2NzQ1IiwiMTg3MzUyMjgiLCI1NzIyNSIsIjE4NzQxMTEyIiwiNTc4OTAiXSwidCI6IkRlbGl2ZXJ5IFJlc3RhdXJhbnRzIGluIEJUTSJ9fQ==,"1, Near BDA Complex, 14th Main Road, Sector 7, HSR, Bangalore",McDonald's,1,0,3.8,509,HSR,Quick Bites,"Burger, Fast Food",3000.0,Delivery,BTM,1934.2,premium,3.655994152046784,1,1,2,6.234410725718371,1500.0,-1
https://www.zomato.com/bangalore/navyas-bommanahalli-bangalore?context=eyJzZSI6eyJlIjpbIjE4MzYyNDAzIiwiNTM5MTAiLCIxODMxMzU0MiIsIjE4NDM1Njg4IiwxODYyNDg5OCwiMTg3NDA5NDEiLCIxODQwNzkxOSIsIjE4Nzk2NzQ1IiwiMTg3MzUyMjgiLCI1NzIyNSIsIjE4NzQxMTEyIiwiNTc4OTAiLCIxODgxMzAzMCIsIjE4MDIyMjkzIiwiMTg1Nzk0NzAiXSwidCI6IkRlbGl2ZXJ5IFJlc3RhdXJhbnRzIGluIEJUTSJ9fQ==,"9, Roopenagrahara, Behind Mahendra showroom, Bommanahalli, Bangalore",Navya's,1,0,2.5,47,Bommanahalli,Casual Dining,"Hyderabadi, Biryani, North Indian",1800.0,Delivery,BTM,117.5,premium,3.295833333333333,0,1,3,3.871201010907891,900.0,-1
https://www.zomato.com/bangalore/thalassery-restaurant-koramangala-5th-block?context=eyJzZSI6eyJlIjpbIjU3MjI1IiwiMTg3NDExMTIiLCI1Nzg5MCIsIjE4ODEzMDMwIiwxODAyMjI5MywiMTg1Nzk0NzAiLCI1NDI5NyIsIjYxMTcyIiwiMTg1MjgxNDMiLCI1MDg3NCIsIjE4Njk2ODc5IiwiMTg2MTE2MzkiLCIxODYzOTA1OCIsIjE4NzI0OTQ4IiwiMTg0Njg4NDgiLCI1NjQ4NyIsIjE4NTU4NTA4IiwiMTg3NDU0MzAiXSwidCI6IkRlbGl2ZXJ5IFJlc3RhdXJhbnRzIGluIEJUTSJ9fQ==,"143, Munireddy Kalyana Mantapa Road, Koramangala 5th Block, Bangalore",Thalassery Restaurant,1,0,3.6,382,Koramangala 5th Block,Casual Dining,"Kerala, Biryani, South Indian, North Indian, Chinese, Seafood, Juices",600.0,Delivery,BTM,1375.2,medium,3.9150943396226414,0,1,7,5.948034989180646,300.0,-1
https://www.zomato.com/koramangalasocial?context=eyJzZSI6eyJlIjpbIjE4NzI3MzkyIiwiMTg4ODY2MjkiLCIxODY4OTE3MCIsIjE4ODc0MzAzIiwxODM4NTQ0MywiMTg4MTExMTQiLCIxODg4NjEzOSIsIjE4MzY2NjgwIiwiMTg0NzY0NzciLCIxODgyMjU5NyIsIjE4ODk1NTA0IiwiMTg2MTU3OTMiLCIxODc2MjUxMSIsIjE4NjIyODk5IiwiNTk5NDQiXSwidCI6IkRlbGl2ZXJ5IFJlc3RhdXJhbnRzIGluIEJUTSJ9fQ==,"118, Koramangala Industrial Area, Koramangala 7th Block, Bangalore",Koramangala Social,1,0,4.6,4650,Koramangala 7th Block,Lounge,"American, North Indian, Chinese, Finger Food",100.0,Delivery,BTM,21390.0,low,3.7569444444444446,1,1,4,8.444837529224097,50.0,-1
https://www.zomato.com/bangalore/the-rendezvous-koramangala-4th-block?context=eyJzZSI6eyJlIjpbIjE4ODk3NjY2IiwiMTg0NTcwMTMiLCIxODU1NjI0OCIsIjE4ODE3MjE0Iiw1MTAyMSwiMTg3NTY0MjUiLCI1NjU3MyIsIjE4NzI4OTA0IiwiMTgzNjk4NTQiLCIxODUzNDA4OSIsIjE4NjI1ODgyIiwiMTg1NDM5NzEiLCIxODU3NjY2NyIsIjE4ODg4NzA5IiwiMTg1OTU5MzQiXSwidCI6IkRlbGl2ZXJ5IFJlc3RhdXJhbnRzIGluIEJUTSJ9fQ==,"15/1, 4th Cross, 4th Block, 80 Feet Road, Near Sony signal, Koramangala 4th Block, Bangalore",The Rendezvous,1,0,3.7,483,Koramangala 4th Block,Casual Dining,"Continental, Steak, Chinese, Salad, Desserts, Seafood, Italian",100.0,Delivery,BTM,1787.1,low,3.84812030075188,0,1,7,6.182084906716632,50.0,-1
https://www.zomato.com/bangalore/little-kitchen-koramangala-1st-block?context=eyJzZSI6eyJlIjpbIjE4NDE3NTk2IiwiMTgyMDI5ODgiLCIxODgwMTM3MiIsIjE4NDc2NDMzIiw1OTQzMiwiMTg1NjI0ODAiLCIxODYwNzcxNyIsIjE4OTIyMjYwIiwiMTg3OTU5MzMiLCIxODc1MTI5OCIsIjE4Mjk4MjQxIiwiMTg3OTQ4MTEiLCIxODc3NDM3MCIsIjE4NjU4MzkzIiwiMTg4NTY0ODkiXSwidCI6IkRlbGl2ZXJ5IFJlc3RhdXJhbnRzIGluIEJUTSJ9fQ==,"1015, 80 Feet Road, 1st Block, Near Wipro Signal, Koramangala 1st Block, Bangalore",Little Kitchen,1,0,3.6,82,Koramangala 1st Block,Quick Bites,"Salad, Biryani, Chinese, North Indian, Kerala, Desserts, Seafood, South Indian",600.0,Delivery,BTM,295.2,medium,3.666265060240964,0,1,8,4.418840607796598,300.0,-1
https://www.zomato.com/bangalore/meghana-foods-koramangala-5th-block?context=eyJzZSI6eyJlIjpbIjE4NjUxODQ1IiwiMTg2NTc4NzQiLCIxODg2Mjg2MiIsIjE4MzU5ODg0Iiw1MDY5MSwiMTg4MDgzNDMiLCIxODgwMDY3MiIsIjE4ODY4NTUxIiwiMTg2MTgzMzMiLCIxODg1OTU0MCIsIjE4NjgyNjIzIiwiNTEzNDUiLCIxODY2NDY2MSIsIjE4OTIzNjczIiwiMTg2MjQ5NDUiXSwidCI6IkRlbGl2ZXJ5IFJlc3RhdXJhbnRzIGluIEJUTSJ9fQ==,"124, Near Jyothi Nivas College, 1st Cross, KHB Colony, Koramangala 5th Block, Bangalore",Meghana Foods,1,0,4.4,7210,Koramangala 5th Block,Casual Dining,"Biryani, Seafood, Andhra, North Indian",450.0,Delivery,BTM,31724.000000000004,medium,3.9150943396226414,1,1,4,8.88336291691676,225.0,-1
https://www.zomato.com/bangalore/onesta-koramangala-4th-block?context=eyJzZSI6eyJlIjpbIjU1NjQ2IiwiMTg1MzE3MjMiLCI2MTA1MyIsIjUxMTc2Iiw1OTg0MCwiNTcyNzMiLCI1MjA4OCIsIjE4NzA0Mjg1IiwiMTgyMzc5MTkiLCIxODg2OTczNiIsIjE4NzkxMDkyIiwiMTg2ODExNDIiLCI1NTcwMSIsIjU5OTc0IiwiNTAxNDMiLCIxODE2NTc3NyIsIjE4NTY5MTU3IiwiMTg2MzM0NzgiLCIxODg2MTkxMCIsIjE4NzA0MTA5Il0sInQiOiJEZWxpdmVyeSBSZXN0YXVyYW50cyBpbiBCVE0ifX0=,"562, 8th Main, Koramangala 4th Block, Bangalore",Onesta,1,1,4.4,9041,Koramangala 4th Block,"Casual Dining, Cafe","Pizza, Cafe, Italian",300.0,Delivery,BTM,39780.4,low,3.84812030075188,1,2,3,9.109635667854551,150.0,-1
https://www.zomato.com/bangalore/bhojohori-manna-koramangala-6th-block?context=eyJzZSI6eyJlIjpbIjE4NzkxMDkyIiwiMTg2ODExNDIiLCI1NTcwMSIsIjU5OTc0Iiw1MDE0MywiMTgxNjU3NzciLCIxODU2OTE1NyIsIjE4NjMzNDc4IiwiMTg4NjE5MTAiLCIxODcwNDEwOSIsIjE4ODU2OTM2IiwiMTg4OTkwNjUiLCIxODM1Mzc3NiIsIjE4NjUxODE2IiwiNTY1MzMiXSwidCI6IkRlbGl2ZXJ5IFJlc3RhdXJhbnRzIGluIEJUTSJ9fQ==,"668/B, Koramangala 6th Block, Bangalore",Bhojohori Manna,1,0,4.1,1956,Koramangala 6th Block,Casual Dining,"Bengali, Mughlai",1800.0,Delivery,BTM,8019.599999999999,premium,3.736,1,1,2,7.579167967396076,900.0,-1
https://www.zomato.com/bangalore/attic-lounge-koramangala-4th-block?context=eyJzZSI6eyJlIjpbIjE4NjYyMjYzIiwiMTg4NDU0NzYiLCIxODg5Mzk2MyIsIjE4Mjc1MDM2IiwxODU5MTY0MCwiMTg2MjE1NzQiLCIxODc3ODk5NyIsIjE4ODgxODYwIiwiMTg5MDI3MzEiLCI1Mzg3NyIsIjE4NzQxODMzIiwiMTg5MTU4MDAiLCIxODY0Mzc5OSIsIjUwMzYyIiwiMTg5MjQ4NjgiXSwidCI6IkRlbGl2ZXJ5IFJlc3RhdXJhbnRzIGluIEJUTSJ9fQ==,"612, Basil Montana, 4th Floor, Above YES Bank, 80 Feet Road, Koramangala 4th Block, Bangalore",Attic Lounge,1,1,4.0,1229,Koramangala 4th Block,Cafe,Cafe,1300.0,Delivery,BTM,4916.0,high,3.84812030075188,1,1,1,7.114769448366463,650.0,-1
https://www.zomato.com/bangalore/lazeez-koramangala-5th-block?context=eyJzZSI6eyJlIjpbIjUzMTE2IiwiMTg3OTA0NTkiLCIxODkwMDM2NiIsIjE4OTUyMzk0Iiw1MDYwOSwiNTAwNTMiLCIxODY4NDEzOSIsIjE4NjUxNjU4IiwiMTgzMDQ3NTciLCIxODUzODAxOCIsIjUzNzUwIiwiMTg2MTI4NDgiLCIxODYxNDc5MSIsIjE4NjIwOTAxIiwiMTgzNDYzNTUiLCIxODQyMjg5NCIsIjU0ODIyIiwiNTAyNjEiLCI1MDA0NyIsIjU3ODc4IiwiMTg4NjI3NzUiLCIxODIxNjY3OCIsIjE4NzA0MjIwIl0sInQiOiJEZWxpdmVyeSBSZXN0YXVyYW50cyBpbiBCVE0ifX0=,"479, KHB Colony, Near Jyothi Nivas College, 5th Block, Koramangala 5th Block, Bangalore",Lazeez,1,0,3.2,908,Koramangala 5th Block,Casual Dining,"North Indian, Mughlai, Biryani",200.0,Delivery,BTM,2905.6000000000004,low,3.9150943396226414,0,1,3,6.812345094177479,100.0,-1
https://www.zomato.com/bangalore/tunday-kababi-koramangala-5th-block?context=eyJzZSI6eyJlIjpbIjE4MjE2Njc4IiwiMTg3MDQyMjAiLCIxODQ4OTExNyIsIjUzOTk2Iiw1MTA0MSwiMTg3MDYwODAiLCI1MTI1NSIsIjE4Mzg3MzkzIiwiMTg3NjU0NjQiLCIxODc0ODYwNyIsIjE4OTAxODgwIiwiMTg5MjkwOTciLCIxODY1ODc5NCIsIjE4MDg5Njk3IiwiMTg2NjA3MjYiLCI2MDA5MCIsIjE4MjA4MzUyIl0sInQiOiJEZWxpdmVyeSBSZXN0YXVyYW50cyBpbiBCVE0ifX0=,"479, KHB Colony, Koramangala 5th Block, Bangalore",Tunday Kababi,1,0,3.9,1138,Koramangala 5th Block,Casual Dining,"North Indian, Kebab",800.0,Delivery,BTM,4438.2,high,3.9150943396226414,0,1,2,7.037905963447182,400.0,-1
https://www.zomato.com/bangalore/tim-tai-koramangala-5th-block?context=eyJzZSI6eyJlIjpbIjE4NzgxMTE1IiwiMTg4NDA4NjQiLCIxODc5OTU0MyIsIjE4Mzg5MDA2Iiw1ODI0MywiMTg4OTM3NDUiLCIxODYyODc4MCIsIjUwMTc5IiwiNTk2NzAiLCIxODcxOTYyNSIsIjU5NzQ2IiwiMTg2MTM2NjciLCIxODY1MDc4MyIsIjE4ODAyNDM3IiwiMTgzMjM2MjAiXSwidCI6IkRlbGl2ZXJ5IFJlc3RhdXJhbnRzIGluIEJUTSJ9fQ==,"130, 1st Cross, Koramangala 5th Block, Bangalore",Tim Tai,1,1,4.4,3667,Koramangala 5th Block,Casual Dining,"Chinese, Thai, Asian, Malaysian, Vietnamese, Sri Lankan, Burmese",100.0,Delivery,BTM,16134.8,low,3.9150943396226414,1,1,7,8.207401833376355,50.0,-1
https://www.zomato.com/bangalore/a-today-thick-shakes-koramangala-5th-block?context=eyJzZSI6eyJlIjpbIjE4OTMxOTQwIiwiMTg3MzI5NzEiLCIxODU5MjIyMCIsIjE4NDgwMDIyIiwxODYzNzY5NCwiMTg2ODc0MDgiLCIxODY4MjkwNyIsIjE4NjU5MjI0IiwiMTg4MjA2MjUiLCIxODYzOTc0NSIsIjE4NjEwNDYyIiwiNTIyNTgiLCIxODUzNjI5MSIsIjE4OTUxMzY5IiwiMTg2ODQ4MDEiLCIxODcwMDg5MyIsIjE4ODU1NTQ5IiwiMTg0Mzk2NjAiLCI2MTAzNSIsIjE4ODI1NTQxIl0sInQiOiJEZWxpdmVyeSBSZXN0YXVyYW50cyBpbiBCVE0ifX0=,"488, Basement, Opposite Krishna Temple, Koramangala 5th Block, Bangalore",A Today Thick Shakes,1,0,3.2,9,Koramangala 5th Block,Beverage Shop,Beverages,2000.0,Delivery,BTM,28.8,premium,3.9150943396226414,0,1,1,2.302585092994046,1000.0,-1
https://www.zomato.com/bangalore/foodies-club-3-btm-bangalore?context=eyJzZSI6eyJlIjpbIjE4NTkxMzU0IiwiMTg2NTM5MTkiLCIxODY2NzQwMiIsIjE4Njk1ODcyIiwxODczODAxNiwiMTg3Njc0NDkiLCIxODcyNzU5MiIsIjE4Njc1NjQ1IiwiNjA1ODIiLCIxODYxMjQ5NiIsIjU1NTY4IiwiMTgzMzMxNzgiLCI1OTAwMCIsIjE4NjgxOTYwIiwiMTg3NTYzMTIiLCIxODYxNDM2NyIsIjE4NTExMzA5IiwiMTg1MjQ1MzAiXSwidCI6IkRlbGl2ZXJ5IFJlc3RhdXJhbnRzIGluIEJUTSJ9fQ==,"Behind Reliance Fresh, Near Water Tank, 2nd Stage, BTM, Bangalore",Foodies Club,1,0,3.4,5,BTM,Quick Bites,"South Indian, Chinese, North Indian, Sandwich, Rolls",2000.0,Delivery,BTM,17.0,premium,3.569241773962804,0,1,5,1.791759469228055,1000.0,-1
https://www.zomato.com/bangalore/imperial-restaurant-koramangala-6th-block?context=eyJzZSI6eyJlIjpbIjE4NzAzNzQwIiwiMTg3MDE3NTUiLCI1MTUxNiIsIjE4NzAxMjUyIiw1MDUwNSwiMTgzNjI0MDEiLCIxODQwNDQ5NCIsIjE4NzU2NzY2IiwiNTc2MzciLCIxODkzMTQ5OSIsIjE4Njc3NjExIiwiMTg3NzQ2MzEiLCIxODU2MjIyNCIsIjE4NjQ5NDAyIiwiMTgyMjQ2MzMiLCIxODY1ODQ2NiIsIjE4NjAxNjY2IiwiMTg1NzA4NzciLCIxODg4MTc0MCIsIjE4ODA5ODc4IiwiMTg3OTQwMzQiXSwidCI6IkRlbGl2ZXJ5IFJlc3RhdXJhbnRzIGluIEJUTSJ9fQ==,"47, 6th Cross, 6th Block, Koramangala 6th Block, Bangalore",Imperial Restaurant,1,0,3.6,241,Koramangala 6th Block,Casual Dining,"Seafood, Biryani, South Indian, Chettinad, Chinese, Arabian, Andhra, Kerala",1500.0,Delivery,BTM,867.6,high,3.736,0,1,8,5.488937726156687,750.0,-1
https://www.zomato.com/bangalore/gillys-restobar-koramangala-5th-block?context=eyJzZSI6eyJlIjpbIjYwNDcyIiwiMTg3NjQxNTAiLCIxODkxMDA0MCIsIjE4MjM3ODkyIiw1ODQxMywiMTg1Nzc5NTgiLCIxODY2MDUxNSIsIjE4NTk5NjA2IiwiMTg2NjU1MDUiLCIxODY2MjY2MyIsIjE4OTMzMzI2IiwiMTg1Nzg5NTQiLCIxODY2MDcwOCIsIjYxNDExIiwiMTg3OTAxNDkiLCIxODQ1NTU3NSIsIjE4NTkzNDg1IiwiMTg1MjI1NTgiLCIxODg1MzUxNiIsIjE4ODg4Nzg1Il0sInQiOiJEZWxpdmVyeSBSZXN0YXVyYW50cyBpbiBCVE0ifX0=,"91, Jyothi Nivas College Road, Koramangala 5th Block, Bangalore",Gilly's Restobar,0,1,4.5,3902,Koramangala 5th Block,"Pub, Casual Dining","Finger Food, Continental, North Indian",500.0,Delivery,BTM,17559.0,medium,3.9150943396226414,1,2,3,8.269500767180615,250.0,-1
https://www.zomato.com/bangalore/mealsbaba-hsr?context=eyJzZSI6eyJlIjpbIjE4NjY4NjEyIiwiNTEwNDAiLCIxODU0NDIxOCIsIjE4Mzg2MjUzIiwxODYxOTY1NywiNTk0MzAiLCIxODY4OTk2MiIsIjYxMDEwIiwiNTY1NDIiLCIxODk0ODc1MCIsIjE4NzA3NTAwIiwiMTg2Mzk1ODYiLCIxODcwNDA3MSIsIjE4ODE0NTU3IiwiMTg4ODU2NjAiXSwidCI6IkRlbGl2ZXJ5IFJlc3RhdXJhbnRzIGluIEJUTSJ9fQ==,"6, 2nd Cross, Paul Binu Building, Rajiv Gandhi Nagar, Sector 7, HSR, Bangalore",Mealsbaba,1,0,3.7,57,HSR,"Takeaway, Delivery",North Indian,2000.0,Delivery,BTM,210.9,premium,3.655994152046784,1,2,1,4.060443010546419,1000.0,-1
https://www.zomato.com/bangalore/choo-zi-koramangala-5th-block-bangalore?context=eyJzZSI6eyJlIjpbIjE4NjIxMDgyIiwiMTg1NTUyMjgiLCIxODQ4NzQ3OSIsIjE4OTQ4OTY3IiwxODk0MzI1NCwiMTg5NDg5NTEiLCIxODczMzE0MyIsIjE4MzA0NzQ5IiwiNTk2NjYiLCIxODc5NzIyNyIsIjE4NjQ1OTkxIiwiMTg3MDM4MTYiLCIxODc5Nzc4MCIsIjE4NDM1Njc4IiwiMTg0MzI5NjYiLCIxODMzOTg1NiIsIjE4NTkwMzY1IiwiMTg2MDA4OTkiLCIxODUzNzkzNiIsIjE4NDY3MjEyIiwiMTg0NzY0MzciLCIxODQyMzQ0OCJdLCJ0IjoiRGVsaXZlcnkgUmVzdGF1cmFudHMgaW4gQlRNIn19,"3, 5th Block, 60 Feet Road, Koramangala 5th Block, Bangalore",Choo Zi,0,0,4.0,0,Koramangala 5th Block,Delivery,Chinese,3000.0,Delivery,BTM,0.0,premium,3.9150943396226414,1,1,1,0.0,1500.0,-1
https://www.zomato.com/bangalore/star-bowl-hsr-bangalore?context=eyJzZSI6eyJlIjpbIjE4NTU1MjI4IiwiMTg0ODc0NzkiLCIxODk0ODk2NyIsIjE4OTQzMjU0IiwxODk0ODk1MSwiMTg3MzMxNDMiLCIxODMwNDc0OSIsIjU5NjY2IiwiMTg3OTcyMjciLCIxODY0NTk5MSIsIjE4NzAzODE2IiwiMTg3OTc3ODAiLCIxODQzNTY3OCIsIjE4NDMyOTY2IiwiMTgzMzk4NTYiLCIxODU5MDM2NSIsIjE4NjAwODk5IiwiMTg1Mzc5MzYiLCIxODQ2NzIxMiIsIjE4NDc2NDM3IiwiMTg0MjM0NDgiXSwidCI6IkRlbGl2ZXJ5IFJlc3RhdXJhbnRzIGluIEJUTSJ9fQ==,"521, 2nd Floor, Teachers Colony, Sarjapura Ring Road, Above Mahaveer Hardware, HSR, Bangalore",Star Bowl,1,0,3.7,0,HSR,"Takeaway, Delivery","North Indian, Chinese, Rolls",3000.0,Delivery,BTM,0.0,premium,3.655994152046784,1,2,3,0.0,1500.0,-1
https://www.zomato.com/bangalore/petoo-koramangala-1st-block?context=eyJzZSI6eyJlIjpbIjE4OTQ4OTY3IiwiMTg5NDMyNTQiLCIxODk0ODk1MSIsIjE4NzMzMTQzIiwxODMwNDc0OSwiNTk2NjYiLCIxODc5NzIyNyIsIjE4NjQ1OTkxIiwiMTg3MDM4MTYiLCIxODc5Nzc4MCIsIjE4NDM1Njc4IiwiMTg0MzI5NjYiLCIxODMzOTg1NiIsIjE4NTkwMzY1IiwiMTg2MDA4OTkiLCIxODUzNzkzNiIsIjE4NDY3MjEyIiwiMTg0NzY0MzciLCIxODQyMzQ0OCJdLCJ0IjoiRGVsaXZlcnkgUmVzdGF1cmFudHMgaW4gQlRNIn19,"S-9, Sri Plaza, 80 Feet Road, Beside Sangeetha Mobiles, Koramangala 1st Block, Bangalore",Petoo,1,0,3.8,178,Koramangala 1st Block,Casual Dining,"North Indian, Fast Food, Street Food",2000.0,Delivery,BTM,676.4,premium,3.666265060240964,1,1,3,5.187385805840755,1000.0,-1
https://www.zomato.com/bangalore/dazu-momoz-btm?context=eyJzZSI6eyJlIjpbIjE4NzMzMTQzIiwiMTgzMDQ3NDkiLCI1OTY2NiIsIjE4Nzk3MjI3IiwxODY0NTk5MSwiMTg3MDM4MTYiLCIxODc5Nzc4MCIsIjE4NDM1Njc4IiwiMTg0MzI5NjYiLCIxODMzOTg1NiIsIjE4NTkwMzY1IiwiMTg2MDA4OTkiLCIxODUzNzkzNiIsIjE4NDY3MjEyIiwiMTg0NzY0MzciLCIxODQyMzQ0OCJdLCJ0IjoiRGVsaXZlcnkgUmVzdGF1cmFudHMgaW4gQlRNIn19,"Near L&T South City, MICO Layout, Arekere, BTM, Bangalore",Dazu Momoz,1,0,3.6,0,BTM,Kiosk,"Tibetan, Momos",3000.0,Delivery,BTM,0.0,premium,3.569241773962804,1,1,2,0.0,1500.0,-1
https://www.zomato.com/bangalore/intriicake-hsr?context=eyJzZSI6eyJlIjpbIjE4NTkwMzY1IiwiMTg2MDA4OTkiLCIxODUzNzkzNiIsIjE4NDY3MjEyIiwxODQ3NjQzNywiMTg0MjM0NDgiLCIxODYxMDUwOSIsIjE4NjQyMzcxIiwiMTg2NDU3OTQiLCIxODY1ODE0NiIsIjYxMjY3IiwiMTg5NDMzMjYiLCIxODcwNDMwNyIsIjE4NzEyMTEwIiwiMTg2ODc2NTUiLCIxODc2MjcwMiIsIjE4NzYzOTQyIiwiMTg3OTc2MzciLCIxODgwNzk0NyIsIjE4Nzk0MDQ3IiwiMTg3ODIxOTAiXSwidCI6IkRlbGl2ZXJ5IFJlc3RhdXJhbnRzIGluIEJUTSJ9fQ==,"#235, 9th Main road, Sector 6, HSR Layout, Near Lawrence School, Bangalore - 560102",Intriicake,1,0,3.8,34,HSR,"Quick Bites, Bakery","Bakery, Desserts, Italian, North Indian, Fast Food",2000.0,Delivery,BTM,129.2,premium,3.655994152046784,1,2,5,3.555348061489413,1000.0,-1
https://www.zomato.com/bangalore/halo-chef-koramangala-4th-block-bangalore?context=eyJzZSI6eyJlIjpbIjE4NjQ1Nzk0IiwiMTg2NTgxNDYiLCI2MTI2NyIsIjE4OTQzMzI2IiwxODcwNDMwNywiMTg3MTIxMTAiLCIxODY4NzY1NSIsIjE4NzYyNzAyIiwiMTg3NjM5NDIiLCIxODc5NzYzNyIsIjE4ODA3OTQ3IiwiMTg3OTQwNDciLCIxODc4MjE5MCIsIjE4NzgzMDMzIiwiMTg4MzMwOTkiXSwidCI6IkRlbGl2ZXJ5IFJlc3RhdXJhbnRzIGluIEJUTSJ9fQ==,"418/9, Second Floor, Near Blue Dart Office, AVS Layout, 80 Feet Road, Koramangala 4th Block, Bengaluru",Halo Chef,1,0,3.9,145,Koramangala 4th Block,Delivery,North Indian,2500.0,Delivery,BTM,565.5,premium,3.84812030075188,1,1,1,4.983606621708336,1250.0,-1
https://www.zomato.com/bangalore/hungry-stone-koramangala-5th-block-bangalore?context=eyJzZSI6eyJlIjpbIjE4ODA3OTQ3IiwiMTg3OTQwNDciLCIxODc4MjE5MCIsIjE4NzgzMDMzIiwxODgzMzA5OSwiMTg2ODI3MjkiLCIxODY4NDM5OCIsIjE4NzE1NDE4IiwiNTQxNjUiLCIxODcyNDY4NCIsIjE4NzI3Mjc0IiwiMTg3MTk4MjciLCIxODcwOTUzNCIsIjE4NzAxNzU2IiwiMTg4MDE1NzciLCIxODczMzAwNSIsIjE4NTk3MDAxIiwiNTE5MTYiXSwidCI6IkRlbGl2ZXJ5IFJlc3RhdXJhbnRzIGluIEJUTSJ9fQ==,"138, Second Floor, KHB Colony, Koramangala 5th Block, Bangalore",Hungry Stone,1,0,4.0,0,Koramangala 5th Block,"Takeaway, Delivery","North Indian, Chinese, Italian, Thai",1000.0,Delivery,BTM,0.0,high,3.9150943396226414,1,2,4,0.0,500.0,-1
https://www.zomato.com/bangalore/house-of-commons-koramangala-5th-block?context=eyJzZSI6eyJlIjpbIjE4NzExMDYxIiwiMTg2NjYzNTgiLCIxODU3OTk2NSIsIjE4ODIxNzY0IiwxODMyMzYzMCwiMTg0ODkxMzAiLCI1ODg1MyIsIjE4NjE5NDUwIiwiMTg2ODI4NjYiLCI1OTQyMCIsIjYxMjczIiwiMTg3NjI4NzAiLCIxODc4ODAyMSIsIjE4NzgwODMzIiwiMTg4ODgyNDIiLCIxODkwMDQ3MiIsIjUzMjY0IiwiMTg2NjU0ODUiLCIxODU3NTg4NCIsIjE4NTkzNDUxIiwiMTg2MDUzOTkiLCIxODUzMzQ5NyIsIjE4NTc1NDg5Il0sInQiOiJEZWxpdmVyeSBSZXN0YXVyYW50cyBpbiBCVE0ifX0=,"122/B, Jyothi Nivas Road, 5th Block, Koramangala 5th Block, Bangalore",House Of Commons,0,1,4.8,4390,Koramangala 5th Block,Bar,"Continental, Asian, North Indian",350.0,Delivery,BTM,21072.0,medium,3.9150943396226414,1,1,3,8.387312270561717,175.0,-1
https://www.zomato.com/bangalore/happy-brew-koramangala-5th-block?context=eyJzZSI6eyJlIjpbIjE4NTc5OTY1IiwiMTg4MjE3NjQiLCIxODMyMzYzMCIsIjE4NDg5MTMwIiw1ODg1MywiMTg2MTk0NTAiLCIxODY4Mjg2NiIsIjU5NDIwIiwiNjEyNzMiLCIxODc2Mjg3MCIsIjE4Nzg4MDIxIiwiMTg3ODA4MzMiLCIxODg4ODI0MiIsIjE4OTAwNDcyIiwiNTMyNjQiLCIxODY2NTQ4NSIsIjE4NTc1ODg0IiwiMTg1OTM0NTEiLCIxODYwNTM5OSIsIjE4NTMzNDk3IiwiMTg1NzU0ODkiXSwidCI6IkRlbGl2ZXJ5IFJlc3RhdXJhbnRzIGluIEJUTSJ9fQ==,"40, 4th P Cross, Koramangala 5th Block, Bangalore",Happy Brew,0,1,4.0,2151,Koramangala 5th Block,Lounge,"Continental, American, Chinese, BBQ, Salad",1200.0,Delivery,BTM,8604.0,high,3.9150943396226414,1,1,5,7.674152921281675,600.0,-1
https://www.zomato.com/bangalore/bare-grills-koramangala-6th-block-bangalore?context=eyJzZSI6eyJlIjpbIjU5NDIwIiwiNjEyNzMiLCIxODc2Mjg3MCIsIjE4Nzg4MDIxIiwxODc4MDgzMywiMTg4ODgyNDIiLCIxODkwMDQ3MiIsIjUzMjY0IiwiMTg2NjU0ODUiLCIxODU3NTg4NCIsIjE4NTkzNDUxIiwiMTg2MDUzOTkiLCIxODUzMzQ5NyIsIjE4NTc1NDg5IiwiMTg1MTQzNzkiXSwidCI6IkRlbGl2ZXJ5IFJlc3RhdXJhbnRzIGluIEJUTSJ9fQ==,"Ground Floor Kuteers Arcade 6th Cross Road, Koramangala 6th Block, Bangalore",Bare Grills,1,0,3.8,0,Koramangala 6th Block,Delivery,"Rolls, BBQ, Kebab",2400.0,Delivery,BTM,0.0,premium,3.736,1,1,3,0.0,1200.0,-1
https://www.zomato.com/bangalore/whatsup-99-variety-dosa-btm-bangalore?context=eyJzZSI6eyJlIjpbIjU4NjY1IiwiMTgyODUxNTAiLCI1OTU0MCIsIjE4NjU3MTI2IiwxODczODE1MiwiNTEyNTUiLCI1OTIwNyIsIjE4ODA5MTI0IiwiMTg4ODgyNDIiLCIxODg3NTcyMiIsIjE4Mzk4NDI1IiwiMTg3MjcyNzQiLCI1MTA4NSIsIjE4NDEyNDI2IiwiMTg0NTU1NzAiXSwidCI6IkRpbmUtT3V0IFJlc3RhdXJhbnRzIGluIEJUTSJ9fQ==,"29th Main Road, BTM Layout 2nd Stage, BTM, Bangalore",WhatsUp 99 Variety Dosa,0,0,3.6,0,BTM,Kiosk,Maharashtrian,2600.0,Dine-out,BTM,0.0,premium,3.569241773962804,1,1,1,0.0,1300.0,-1
https://www.zomato.com/bangalore/dominos-pizza-1-btm?context=eyJzZSI6eyJlIjpbIjUyOTUzIiwiMTg0MjQ4NDciLCI1ODg3MSIsIjU4MDkzIiw1Mzc5MiwiMTg3NzI3NDAiLCI1NzgzOCIsIjU0MzA4IiwiMTg4OTI5OTUiLCIxODg5MDQ5MyIsIjE4ODk5NTgxIiwiMTg4OTM3NjQiLCIxODU1NjI0OCIsIjYwMTM5IiwiMTg5MjIyNjAiLCIxODkzMTQ5OSIsIjE4MzYyNDAzIiwiMTg4MTI2NDciLCI1NTcwMyIsIjE4NjgwMDk5IiwiMTg4ODAxOTYiLCIxODkzMTk0MCIsIjE4NTM1MDE1IiwiMTg2MTYxMjQiXSwidCI6IkRpbmUtT3V0IFJlc3RhdXJhbnRzIGluIEJUTSJ9fQ==,"800, Near ICICI Bank, 7th Cross, 15th Main, 2nd Stage, BTM, Bangalore",Domino's Pizza,1,0,4.1,521,BTM,Quick Bites,"Pizza, Fast Food",3700.0,Dine-out,BTM,2136.1,luxury,3.569241773962804,1,1,2,6.257667587882639,1850.0,-1
https://www.zomato.com/bangalore/mcdonalds-1-btm?context=eyJzZSI6eyJlIjpbIjE4ODkzNDE5IiwiNTI5MzgiLCIxODY4MDU0NCIsIjU5NjU3Iiw1NTQ2MywiNTkyMDIiLCIxODA0ODIzNCIsIjE4NjAwMDI4IiwiMTg5MjMzNTkiLCIxODY0Mzc5OSIsIjE4OTA0NTQ0IiwiMTgyOTAwODEiLCIxODY4MDk5OSIsIjE4NTYzODc1IiwiMTg2NTc3NjUiXSwidCI6IkRpbmUtT3V0IFJlc3RhdXJhbnRzIGluIEJUTSJ9fQ==,"Total Mall (Jumbo Mall) Madivala Commercial Plaza, Hosur Road - Sarjapur Junction",McDonald's,1,0,3.6,59,BTM,Quick Bites,"Burger, Fast Food",2700.0,Dine-out,BTM,212.4,premium,3.569241773962804,1,1,2,4.0943445622221,1350.0,-1
https://www.zomato.com/bangalore/bombay-adda-koramangala-7th-block-bangalore?context=eyJzZSI6eyJlIjpbIjU0MTYyIiwiMTgzODU0NDMiLCIxODcyNzkwNiIsIjU4NDEzIiwxODc3MjA5NCwiNTgzNDkiLCIxODgwNzg1MCIsIjE4NjI3MzY5IiwiMTg2MDgwOTkiLCI1NDE2NSIsIjUwMDY3IiwiNTA5NDMiLCIxODUzNzU4NSIsIjE4NTgwNzMwIiwiNTY1NDIiLCIxODYwNTQxNyIsIjU0MTI3IiwiMTg2MTM2NTYiXSwidCI6IkRpbmUtT3V0IFJlc3RhdXJhbnRzIGluIEJUTSJ9fQ==,"6, Z1 Construction Building, 5th Floor, Next To Sapna Book House, 20th Main Road, Koramangala 7th Block, Bangalore",Bombay Adda,0,1,4.5,2225,Koramangala 7th Block,"Casual Dining, Bar",Modern Indian,200.0,Dine-out,BTM,10012.5,low,3.7569444444444446,1,2,1,7.70796153183549,100.0,-1
https://www.zomato.com/bangalore/biergarten-koramangala-5th-block?context=eyJzZSI6eyJlIjpbIjU4NDEzIiwiMTg3NzIwOTQiLCI1ODM0OSIsIjE4ODA3ODUwIiwxODYyNzM2OSwiMTg2MDgwOTkiLCI1NDE2NSIsIjUwMDY3IiwiNTA5NDMiLCIxODUzNzU4NSIsIjE4NTgwNzMwIiwiNTY1NDIiLCIxODYwNTQxNyIsIjU0MTI3IiwiMTg2MTM2NTYiXSwidCI6IkRpbmUtT3V0IFJlc3RhdXJhbnRzIGluIEJUTSJ9fQ==,"4th B Cross, Koramangala 5th Block, Bangalore",Biergarten,0,1,4.0,0,Koramangala 5th Block,"Pub, Microbrewery","Continental, North Indian, Chinese, European, BBQ, Finger Food, Asian",400.0,Dine-out,BTM,0.0,medium,3.9150943396226414,1,2,7,0.0,200.0,-1
https://www.zomato.com/bangalore/the-reservoire-koramangala-5th-block?context=eyJzZSI6eyJlIjpbIjE4NjA4MDk5IiwiNTQxNjUiLCI1MDA2NyIsIjUwOTQzIiwxODUzNzU4NSwiMTg1ODA3MzAiLCI1NjU0MiIsIjE4NjA1NDE3IiwiNTQxMjciLCIxODYxMzY1NiIsIjE4MjIxNTQ0IiwiMTg4NTcxNjkiLCI1NjYxOSIsIjE4NDM5NjM0IiwiMTg1MDQ5NTYiXSwidCI6IkRpbmUtT3V0IFJlc3RhdXJhbnRzIGluIEJUTSJ9fQ==,"17th Main Road, JNC Road, Koramangala 5th Block, Bangalore",The Reservoire,0,1,4.5,2540,Koramangala 5th Block,"Bar, Casual Dining","Continental, North Indian, Chinese, American, Pizza, Finger Food",300.0,Dine-out,BTM,11430.0,low,3.9150943396226414,1,2,6,7.840312983320164,150.0,-1
https://www.zomato.com/bangalore/fennys-lounge-and-kitchen-koramangala-7th-block?context=eyJzZSI6eyJlIjpbIjE4NTM3NTg1IiwiMTg1ODA3MzAiLCI1NjU0MiIsIjE4NjA1NDE3Iiw1NDEyNywiMTg2MTM2NTYiLCIxODIyMTU0NCIsIjE4ODU3MTY5IiwiNTY2MTkiLCIxODQzOTYzNCIsIjE4NTA0OTU2IiwiNTUyNjAiLCI1MzIxMSIsIjUyODQ4IiwiMTgzMjM2MzAiLCIxODc4MzUyNyIsIjE4NjgzMjU3IiwiMTg4NjgxMjciLCIxODU4NjIwNyIsIjU3MzU1IiwiNTA0NDgiXSwidCI6IkRpbmUtT3V0IFJlc3RhdXJhbnRzIGluIEJUTSJ9fQ==,"115, 3rd Floor, Opposite Raheja Arcade, Koramangala 7th Block, Bangalore",Fenny's Lounge And Kitchen,0,1,4.5,6348,Koramangala 7th Block,"Bar, Casual Dining","Mediterranean, Pizza, Continental, Seafood, Salad",400.0,Dine-out,BTM,28566.0,medium,3.7569444444444446,1,2,5,8.75605259917045,200.0,-1
https://www.zomato.com/bangalore/chianti-koramangala-5th-block?context=eyJzZSI6eyJlIjpbIjU2NjE5IiwiMTg0Mzk2MzQiLCIxODUwNDk1NiIsIjU1MjYwIiw1MzIxMSwiNTI4NDgiLCIxODMyMzYzMCIsIjE4NzgzNTI3IiwiMTg2ODMyNTciLCIxODg2ODEyNyIsIjE4NTg2MjA3IiwiNTczNTUiLCI1MDQ0OCIsIjE4NzA5NjI3IiwiNTU5MTkiXSwidCI6IkRpbmUtT3V0IFJlc3RhdXJhbnRzIGluIEJUTSJ9fQ==,"12, 17th Main, 1st Cross, 5th A Block, Koramangala 5th Block, Bangalore",Chianti,0,1,4.7,4845,Koramangala 5th Block,Casual Dining,Italian,200.0,Dine-out,BTM,22771.5,low,3.9150943396226414,1,1,1,8.48590890137647,100.0,-1
https://www.zomato.com/bangalore/the-boozy-griffin-koramangala-5th-block?context=eyJzZSI6eyJlIjpbIjE4NzgzNTI3IiwiMTg2ODMyNTciLCIxODg2ODEyNyIsIjE4NTg2MjA3Iiw1NzM1NSwiNTA0NDgiLCIxODcwOTYyNyIsIjU1OTE5IiwiNTA2OTEiLCI1ODc4NiIsIjE4NjUxNTQ1IiwiNTgyNDMiLCIxODU4MjUwNyIsIjE4Mzg3NDEwIiwiMTgzMDQ3NTciLCI1MTU2NCIsIjE4OTAwMDcyIiwiNTIwNzMiLCIxODYyMDMyMiIsIjU4ODUzIl0sInQiOiJEaW5lLU91dCBSZXN0YXVyYW50cyBpbiBCVE0ifX0=,"2nd Floor, 1st A Cross Road, Jyothi Nivas College Road, Koramangala 5th Block, Bangalore",The Boozy Griffin,0,1,4.6,4947,Koramangala 5th Block,"Casual Dining, Pub","European, Continental",200.0,Dine-out,BTM,22756.2,low,3.9150943396226414,1,2,2,8.506738733512378,100.0,-1
https://www.zomato.com/bangalore/myu-bar-at-gillys-redefined-koramangala-4th-block?context=eyJzZSI6eyJlIjpbIjUwNjkxIiwiNTg3ODYiLCIxODY1MTU0NSIsIjU4MjQzIiwxODU4MjUwNywiMTgzODc0MTAiLCIxODMwNDc1NyIsIjUxNTY0IiwiMTg5MDAwNzIiLCI1MjA3MyIsIjE4NjIwMzIyIiwiNTg4NTMiLCIxODg3ODk0NCIsIjE4MjMyNjQ1IiwiMTg1OTQ5MzciXSwidCI6IkRpbmUtT3V0IFJlc3RhdXJhbnRzIGluIEJUTSJ9fQ==,"413, 100 Feet Road, Koramangala 4th Block, Bangalore",Myu Bar at Gilly's Redefined,0,1,4.4,1213,Koramangala 4th Block,"Microbrewery, Bar","American, North Indian, Pizza, Finger Food, Continental, Italian",1000.0,Dine-out,BTM,5337.200000000001,high,3.84812030075188,1,2,6,7.101675971619444,500.0,-1
https://www.zomato.com/bangalore/kobe-sizzlers-koramangala-5th-block?context=eyJzZSI6eyJlIjpbIjE4Mzg3NDEwIiwiMTgzMDQ3NTciLCI1MTU2NCIsIjE4OTAwMDcyIiw1MjA3MywiMTg2MjAzMjIiLCI1ODg1MyIsIjE4ODc4OTQ0IiwiMTgyMzI2NDUiLCIxODU5NDkzNyIsIjUzMjMwIiwiMTg2MDQyNDkiLCI1OTE2OCIsIjU4MDQ5IiwiNTMyMDMiLCIxODk0Mzg3NyIsIjUwMjYxIiwiMTgzNDYzNTUiLCIxODI3ODIzMCIsIjU4ODAyIiwiNTcwMzkiLCIxODQxNzUyMiJdLCJ0IjoiRGluZS1PdXQgUmVzdGF1cmFudHMgaW4gQlRNIn19,"#20, 1st Floor, 1st Cross, 5th A Block, JNC road, Koramangala 5th Block, Bangalore",Kobe Sizzlers,0,1,4.1,1786,Koramangala 5th Block,Casual Dining,"American, Continental, Fast Food, Steak",850.0,Dine-out,BTM,7322.599999999999,high,3.9150943396226414,1,1,4,7.488293515159428,425.0,-1
https://www.zomato.com/bangalore/public-the-rooftop-bar-and-kitchen-bannerghatta-road-bangalore?context=eyJzZSI6eyJlIjpbIjE4MzA0NzU3IiwiNTE1NjQiLCIxODkwMDA3MiIsIjUyMDczIiwxODYyMDMyMiwiNTg4NTMiLCIxODg3ODk0NCIsIjE4MjMyNjQ1IiwiMTg1OTQ5MzciLCI1MzIzMCIsIjE4NjA0MjQ5IiwiNTkxNjgiLCI1ODA0OSIsIjUzMjAzIiwiMTg5NDM4NzciLCI1MDI2MSIsIjE4MzQ2MzU1IiwiMTgyNzgyMzAiLCI1ODgwMiIsIjU3MDM5IiwiMTg0MTc1MjIiXSwidCI6IkRpbmUtT3V0IFJlc3RhdXJhbnRzIGluIEJUTSJ9fQ==,"53/1, 2, 4th Floor, SV Arcade, Bilekahalli, Bannerghatta Road, Bangalore",Public - The Rooftop Bar And Kitchen,0,1,4.3,956,Bannerghatta Road,"Casual Dining, Bar","North Indian, South Indian, Andhra, Chinese",4500.0,Dine-out,BTM,4110.8,luxury,3.4839285714285717,1,2,4,6.863803391452954,2250.0,-1
https://www.zomato.com/manis?context=eyJzZSI6eyJlIjpbIjYwNTUyIiwiMTg4OTA0MDUiLCIxODYyMjg5OSIsIjE4NTQ2MzUxIiw1MDY0MywiNTM3NTAiLCIxODI2MzQyOSIsIjE4NjAxNjY2IiwiMTg4MTg4MDMiLCIxODIyNDY0OSIsIjE4NTE2Mjk3IiwiMTgyNDY0OTkiLCIxNzk1NjY2NiIsIjUxNzYzIiwiMTg1MzUwNjMiXSwidCI6IkRpbmUtT3V0IFJlc3RhdXJhbnRzIGluIEJUTSJ9fQ==,"88, KK Centre, Jyoti Nivas College Road, Koramangala 5th Block, Bangalore",Mani's Dum Biryani,1,0,3.9,778,Koramangala 5th Block,Casual Dining,"Biryani, Kebab",1800.0,Dine-out,BTM,3034.2,premium,3.9150943396226414,0,1,2,6.658011045870748,900.0,-1
https://www.zomato.com/bangalore/caife-coffee-point-bommanahalli-bangalore?context=eyJzZSI6eyJlIjpbIjE4ODkzOTYzIiwiMTgzMDQ3MzMiLCI2MTI0OCIsIjYwNDgwIiwxODgwNjgwNywiMTg4MDM3ODgiLCIxODY5OTgwNCIsIjYxNDgxIiwiMTgyOTgyMzgiLCIxODcwNjc3NCIsIjU1MTQ5IiwiMTg2NDA2NzgiLCI1NDIzMyIsIjE4NDA3ODk5IiwiNTE4MjkiXSwidCI6IkRpbmUtT3V0IFJlc3RhdXJhbnRzIGluIEJUTSJ9fQ==,"SPR Arcade, Ground Floor, 1st Main Road, 4th Cross Road, Begur Main Rd, Hongasandra, Bommanahalli, Bangalore",Caife Coffee Point,0,0,3.3,0,Bommanahalli,"Beverage Shop, Quick Bites","Beverages, Fast Food",800.0,Dine-out,BTM,0.0,high,3.295833333333333,1,2,2,0.0,400.0,-1
https://www.zomato.com/bangalore/little-paramount-restaurants-vasanth-nagar?context=eyJzZSI6eyJlIjpbIjYxMTMzIiwiMTgzMTM5OTEiLCI1NzU4MyIsIjU4MDg2Iiw1MjgxOSwiMTg3MTI4NjEiLCIxODA4OTY4NSIsIjUwMDA5IiwiNTM4NjEiLCIxODA0ODI1NiIsIjYwMDk0IiwiMTgzODczODciLCIxODU0MDE1NiIsIjE4NDc2NDU2IiwiMTg1NzM0MzEiLCIxODYxMjc3NyIsIjE4NzMzMjExIiwiMTg3NzgwNTIiLCIxODc3NzUwNyIsIjUwNzI0IiwiMTg0MzA3NjciLCIxODU3MDExMiIsIjE4NTkxMTcwIl0sInQiOiJEZWxpdmVyeSBSZXN0YXVyYW50cyBpbiBDaHVyY2ggU3RyZWV0In19,"28, 8th Cross, Vasanth Nagar, Bangalore",Little Paramount Restaurants,0,0,3.6,32,Vasanth Nagar,Quick Bites,"Mughlai, North Indian",2500.0,Delivery,Church Street,115.2,premium,3.717924528301887,0,1,2,3.49650756146648,1250.0,-1
https://www.zomato.com/bangalore/chocolate-philosophy-lavelle-road?context=eyJzZSI6eyJlIjpbIjUwMDA5IiwiNTM4NjEiLCIxODA0ODI1NiIsIjYwMDk0IiwxODM4NzM4NywiMTg1NDAxNTYiLCIxODQ3NjQ1NiIsIjE4NTczNDMxIiwiMTg2MTI3NzciLCIxODczMzIxMSIsIjE4Nzc4MDUyIiwiMTg3Nzc1MDciLCI1MDcyNCIsIjE4NDMwNzY3IiwiMTg1NzAxMTIiLCIxODU5MTE3MCJdLCJ0IjoiRGVsaXZlcnkgUmVzdGF1cmFudHMgaW4gQ2h1cmNoIFN0cmVldCJ9fQ==,"4, Walton Road, Lavelle Road, Bangalore",Chocolate Philosophy,0,0,4.2,0,Lavelle Road,Dessert Parlor,Desserts,1500.0,Delivery,Church Street,0.0,high,4.082142857142857,1,1,1,0.0,750.0,-1
https://www.zomato.com/bangalore/prawn-crunch-richmond-road-bangalore?context=eyJzZSI6eyJlIjpbIjE4NjA5NDg1IiwiNTQwMDgiLCIxODkwMzA5MCIsIjU0MzY1Iiw2MDgxNCwiMTgyMTY2NzEiLCIxODQxMzkzMiIsIjE4NTU0NjY0IiwiMTg2NjI5ODYiLCIxODY3MjYxNiIsIjE4NjUxNTEzIiwiMTg3MTM0MzYiLCIxODcyMjM1MiIsIjE4NzE5NDc5IiwiMTg3ODI0NjUiLCIxODY3OTE2NCIsIjE4NzE5MDA1IiwiNTAyMzIiLCIxODU5NzA4NiIsIjUxMTQ5IiwiMTg5NjQyMjkiLCIxODk1NjgwNCIsIjE4NTkxMTU4IiwiMTg5NjM2MjAiXSwidCI6IkRlbGl2ZXJ5IFJlc3RhdXJhbnRzIGluIENodXJjaCBTdHJlZXQifX0=,"Bangalore Club, Cariappa Road, Richmond Road, Bangalore",Prawn Crunch,0,0,3.9,0,Richmond Road,Delivery,"Seafood, Fast Food",2400.0,Delivery,Church Street,0.0,premium,3.860638297872341,1,1,2,0.0,1200.0,-1
https://www.zomato.com/bangalore/fire-station-electronic-city-bangalore?context=eyJzZSI6eyJlIjpbIjU0MjI5IiwiMTg4OTcwNzMiLDE4NzU4MDc5LCI1ODY5NiIsIjE4NzY1NDMxIiwiNTI1OTIiLCI1MTYzNyIsIjUyMjk4IiwiNTIyNjciLCIxODUzODA0MyIsIjE4OTQ2MDQzIiwiMTgzNTkxMzkiLCI1MjMwOCJdLCJ0IjoiUmVzdGF1cmFudHMgaW4gRWxlY3Ryb25pYyBDaXR5IHNlcnZpbmcgQnVmZmV0In19,"#154, Neeladri Main Road, Electronic City Phase 1, Above Unlimited Store, Doddathoguru, Electronic City, Bangalore",Fire Station,0,1,4.4,808,Electronic City,"Pub, Casual Dining","Continental, Mexican, Burger, Desserts, Italian, Pizza, North Indian, Chinese",400.0,Buffet,Electronic City,3555.2000000000003,medium,3.4867816091954027,1,2,8,6.695798917058491,200.0,-1
https://www.zomato.com/bangalore/moriz-restaurant-electronic-city?context=eyJzZSI6eyJlIjpbIjU0MjUyIiwiMTgxOTg4ODIiLCI1OTEyNiIsIjE4NzI1Njc3Iiw2MDQ5NCwiMTgzNzEyNDEiLCIxODYxNzMyNyIsIjE4OTAxMTk0IiwiMTg0MzAzOTEiLCIxODMwODc4MSIsIjE4OTAxMjc2IiwiMTg3ODA3MDciLCIxODY0OTMwNSIsIjE4NzAyOTE3IiwiMTg3NjU0MzEiLCIxODU4NzU0OSIsIjUzOTUzIiwiMTg2MTM2NTgiLCIxODMwODc5MiIsIjE4NjUwNjYwIl0sInQiOiJEZWxpdmVyeSBSZXN0YXVyYW50cyBpbiBFbGVjdHJvbmljIENpdHkifX0=,"Unit 1, Ajmera Avenue, Neeladri, Phase 1, Electronic City, Bangalore",Moriz Restaurant,1,0,3.1,1365,Electronic City,Casual Dining,"Arabian, Seafood, North Indian, Chinese, BBQ, Biryani, Beverages",400.0,Delivery,Electronic City,4231.5,medium,3.4867816091954027,0,1,7,7.219642040130735,200.0,-1
https://www.zomato.com/bangalore/barbeque-nation-koramangala-1st-block?context=eyJzZSI6eyJlIjpbIjYwMDc5IiwiNTQzOTkiLCIxODU1MTEwNCIsIjE4NzAzNTYyIiw1MDA2OCwiMTg2MjI0MTAiLCIxODM1OTg3OCIsIjUzODg4IiwiNTU1NDAiLCI1NTU0MSIsIjU3MTQ4Il0sInQiOiJSZXN0YXVyYW50cyBpbiBIU1Igc2VydmluZyBCdWZmZXQifX0=,"86, 1st Cross, Koramangala 1st Block, Bangalore",Barbeque Nation,0,1,4.7,3614,Koramangala 1st Block,Casual Dining,"North Indian, European, Mediterranean, BBQ, Kebab",400.0,Buffet,HSR,16985.8,medium,3.666265060240964,1,1,5,8.192847134592865,200.0,-1
https://www.zomato.com/bangalore/spice-it-ibis-hotel-bommanahalli?context=eyJzZSI6eyJlIjpbIjUwMDY4IiwiMTg2MjI0MTAiLCIxODM1OTg3OCIsIjUzODg4Iiw1NTU0MCwiNTU1NDEiLCI1NzE0OCJdLCJ0IjoiUmVzdGF1cmFudHMgaW4gSFNSIHNlcnZpbmcgQnVmZmV0In19,"Ibis Hotel, Next to Oxford College, Bommanahalli, Bangalore",Spice It - Ibis Hotel,0,1,3.0,74,Bommanahalli,Casual Dining,"Asian, Continental, European, Fast Food, North Indian, Mughlai, South Indian",400.0,Buffet,HSR,222.0,medium,3.295833333333333,0,1,7,4.31748811353631,200.0,-1
https://www.zomato.com/bangalore/tbc-sky-lounge-hsr?context=eyJzZSI6eyJlIjpbIjE4Nzk5Mzk1IiwiMTg4OTUzMTUiLCIxODc4OTc0NCIsIjE4OTAzNDQ1IiwxODU3ODc5OCwiMTg2Njc4ODkiLCIxODU3NjQzNSIsIjE4NzEyMTQ4IiwiMTgzNTMxMDYiLCIxODQxNDM1MyIsIjE4NTAzNzIzIiwiMTg4ODA0MzAiLCIxODg4MTc5OCIsIjE4NzczODk3IiwiMTg4ODA2NjMiXSwidCI6IkRpbmUtT3V0IFJlc3RhdXJhbnRzIGluIEhTUiJ9fQ==,"Astra Hotel, 2795, 27th Main, Sector 1, HSR, Bangalore",TBC Sky Lounge,0,1,4.7,6745,HSR,"Casual Dining, Bar","Continental, Asian, Italian, North Indian",400.0,Dine-out,HSR,31701.5,medium,3.655994152046784,1,2,4,8.816705015621595,200.0,-1
https://www.zomato.com/bangalore/house-of-commons-hsr?context=eyJzZSI6eyJlIjpbIjE4NTc4Nzk4IiwiMTg2Njc4ODkiLCIxODU3NjQzNSIsIjE4NzEyMTQ4IiwxODM1MzEwNiwiMTg0MTQzNTMiLCIxODUwMzcyMyIsIjE4ODgwNDMwIiwiMTg4ODE3OTgiLCIxODc3Mzg5NyIsIjE4ODgwNjYzIiwiMTgzNDYzNTMiLCIxODYwODUxMiIsIjE4MzE3MzIwIiwiMTgzODI5MzkiLCIxODU5MTM2MyIsIjE4MTYwMDkzIiwiMTgzMDU2NDMiLCIxODM5MDk5OSIsIjE4ODk1Njg4IiwiNTk2NDIiXSwidCI6IkRpbmUtT3V0IFJlc3RhdXJhbnRzIGluIEhTUiJ9fQ==,"1085, 14th Main, 18th Cross, Sector 3, HSR, Bangalore",House Of Commons,0,1,4.7,3573,HSR,Bar,"Continental, Asian, North Indian",400.0,Dine-out,HSR,16793.100000000002,medium,3.655994152046784,1,1,3,8.181440695719374,200.0,-1
https://www.zomato.com/bangalore/big-pitcher-airport-road?context=eyJzZSI6eyJlIjpbIjU3MDkzIiwiNTI3MDMiLDU3ODMzLCI1MDA2NiIsIjU2NzUyIiwiMTg2NzA5MDYiLCI1MDYzNCIsIjUwNjIwIiwiMTg0MzI5ODUiLCIxODQwODc0MiIsIjU3NTE5IiwiNTM3MDMiLCI1MjA5MyJdLCJ0IjoiUmVzdGF1cmFudHMgaW4gSW5kaXJhbmFnYXIgc2VydmluZyBCdWZmZXQifX0=,"LR Arcade,4121, Old Airport Road, Bangalore",Big Pitcher,0,1,4.7,9021,Old Airport Road,"Pub, Microbrewery","American, Continental, North Indian, Mediterranean",400.0,Buffet,Indiranagar,42398.7,medium,3.6557971014492754,1,2,4,9.107421317968342,200.0,-1
https://www.zomato.com/bangalore/barbeque-nation-indiranagar?context=eyJzZSI6eyJlIjpbIjU3MDkzIiwiNTI3MDMiLCI1NzgzMyIsNTAwNjYsIjU2NzUyIiwiMTg2NzA5MDYiLCI1MDYzNCIsIjUwNjIwIiwiMTg0MzI5ODUiLCIxODQwODc0MiIsIjU3NTE5IiwiNTM3MDMiLCI1MjA5MyIsIjUyNTk5Il0sInQiOiJSZXN0YXVyYW50cyBpbiBJbmRpcmFuYWdhciBzZXJ2aW5nIEJ1ZmZldCJ9fQ==,"4005, HAL 2nd Stage, 100 Feet Road, Indiranagar, Bangalore",Barbeque Nation,0,1,4.7,7152,Indiranagar,Casual Dining,"North Indian, European, Mediterranean, BBQ, Kebab",400.0,Buffet,Indiranagar,33614.4,medium,3.806463878326997,1,1,5,8.875287128108384,200.0,-1
https://www.zomato.com/bangalore/empire-restaurant-indiranagar?context=eyJzZSI6eyJlIjpbIjE4NDA4NzQyIiwiNTc1MTkiLCI1MzcwMyIsIjUyMDkzIiw1MjU5OSwiMTg4MDM2NzYiLCI1NDA3NyIsIjU1MDQ1IiwiNTIzNjgiLCIxODc4Nzc4MyIsIjUzNjY2IiwiNTI2MTUiLCI1NTQ2OCIsIjUwODQxIiwiMTg3NTE4OTYiLCI1MTUxMCJdLCJ0IjoiUmVzdGF1cmFudHMgaW4gSW5kaXJhbmFnYXIgc2VydmluZyBCdWZmZXQifX0=,"Next to BSNL, HAL 2nd Stage, 80 Feet Road, Indiranagar, Bangalore",Empire Restaurant,1,0,4.2,8176,Indiranagar,Casual Dining,"North Indian, Mughlai, South Indian, Chinese",400.0,Buffet,Indiranagar,34339.200000000004,medium,3.806463878326997,1,1,4,9.009080614161975,200.0,-1
https://www.zomato.com/bangalore/lazy-suzy-indiranagar?context=eyJzZSI6eyJlIjpbIjE4OTI4Mzc2IiwiMTg4Njc4MzUiLDE4MjIxNTY0LCIxODYzMTgzOSIsIjUzNTc5IiwiNTY0NjQiLCIxODQxNDM4NCIsIjE4Mzc0NTE3IiwiMTgyMjE1NzIiLCIxODU3MTE5NyIsIjUzNTk5IiwiNTIwOTMiLCIxODcyNTgyMiJdLCJ0IjoiQ2FmXHUwMGU5cyBhbmQgRGVsaXMgaW4gSW5kaXJhbmFnYXIifX0=,"36, 80 Feet Road, Indiranagar, Bangalore",Lazy Suzy,1,1,4.3,1235,Indiranagar,"Cafe, Bakery","Cafe, Continental, Beverages, Burger, Desserts, Pizza, Bakery, European",400.0,Cafes,Indiranagar,5310.5,medium,3.806463878326997,1,2,8,7.119635638017636,200.0,-1
https://www.zomato.com/bangalore/crisp-cafe-indiranagar?context=eyJzZSI6eyJlIjpbIjU2NTQxIiwiNTkwMjQiLCIxODE2Mzg3OCIsIjUyOTY0IiwxODY1MzEzNCwiNTAyMTEiLCIxODQ0MjY5NCIsIjU5NTM3IiwiMTg1ODY0OTEiLCI1MzE5OSIsIjE4NzU4NTM5IiwiNTAxNjgiLCIxODUwNTk1MiIsIjE4NzQ2NDkxIiwiMTg0MjM0MTAiXSwidCI6IkNhZlx1MDBlOXMgYW5kIERlbGlzIGluIEluZGlyYW5hZ2FyIn19,"754, 1st Floor, Krishna Temple Road, Indiranagar, Bangalore",Crisp Cafe,0,0,4.0,97,Indiranagar,"Cafe, Casual Dining","Salad, Cafe, Continental, Steak, Italian, Burger, Desserts, Pizza",400.0,Cafes,Indiranagar,388.0,medium,3.806463878326997,1,2,8,4.584967478670572,200.0,-1
https://www.zomato.com/FreshMenuIndiranagar?context=eyJzZSI6eyJlIjpbIjUyNTk5IiwiMTg2ODI5MTMiLCIxODcyOTc1NyIsIjUwNDU3Iiw1OTc5NCwiMTg1MDMzMjgiLCIxODYzMDU4MCIsIjE4NzcxMTczIiwiMTg3Mzg5MTQiLCIxODc3NzY3NiIsIjE4NzM0NTA1IiwiMTg0NjAwNjAiLCI2MDgyMyIsIjE4NzUyMTY5IiwiMTgzOTEwMjkiLCIxODQ3MjM4MSIsIjE4MTY1NzcxIiwiMTg1NTIxMzIiLCIxODYzMTAwNyIsIjUwMzE0IiwiNTg5NjAiLCIxODM1OTkxNiIsIjYwNTUxIiwiNTc5MjAiXSwidCI6IkRlbGl2ZXJ5IFJlc3RhdXJhbnRzIGluIEluZGlyYW5hZ2FyIn19,"Shri Krishna Temple Road, Stage 1, Indiranagar, Bangalore",FreshMenu,1,0,3.8,1082,Indiranagar,Delivery,"Asian, Continental, Mediterranean, Salad, American, Biryani",400.0,Delivery,Indiranagar,4111.599999999999,medium,3.806463878326997,0,1,6,6.987490247000991,200.0,-1
https://www.zomato.com/SmokeHouseDeli-Indiranagar?context=eyJzZSI6eyJlIjpbIjU3Nzk4IiwiNTI1NTMiLCIxODgyNDA4OSIsIjE4ODU2OTE5Iiw1NDM5NywiMTg0ODAwMjQiLCIxODY4Mzk2MiIsIjE4NzU1NDA2IiwiMTg2NzAxMjMiLCIxODY4NDQyOCIsIjUzMjI3IiwiNTgwOTEiLCIxODU5ODIzMyIsIjUyMzU3IiwiMTg2MDE1ODUiLCI1ODI5OSIsIjE4NDQ4MzgwIiwiMTg2NDE4MjYiLCI2MTcwNSIsIjU4MjY4IiwiMTg4NjI4MTkiLCIxODcxMTA5OSJdLCJ0IjoiRGVsaXZlcnkgUmVzdGF1cmFudHMgaW4gSW5kaXJhbmFnYXIifX0=,"1209, 100 Feet Road, Opposite Apollo Clinic, Indiranagar, Bangalore",Smoke House Deli,1,1,4.6,5421,Indiranagar,Casual Dining,"European, Italian, Desserts, Salad, Juices, Steak",400.0,Delivery,Indiranagar,24936.6,medium,3.806463878326997,1,1,6,8.598220030058611,200.0,-1
https://www.zomato.com/bangalore/toit-indiranagar?context=eyJzZSI6eyJlIjpbIjE4NDU1NTcxIiwiMTg5MDM3MTAiLCIxODg4ODUxMiIsIjUwMDY2Iiw1MTcwNSwiMTg4MTY2ODMiLCIxODgxNzI3MiIsIjE4NjI1NDIwIiwiMTg4Nzk5NTkiLCI1NDQ3MCIsIjE4NDA3OTE4IiwiNTgyNjgiLCIxODM1MzEyNyIsIjU5MTMyIiwiMTg1ODAyMDIiXSwidCI6IkRpbmUtT3V0IFJlc3RhdXJhbnRzIGluIEluZGlyYW5hZ2FyIn19,"298, Namma Metro Pillar 62, 100 Feet Road, Indiranagar, Bangalore",Toit,0,0,4.7,14956,Indiranagar,Microbrewery,"Italian, American, Pizza",400.0,Dine-out,Indiranagar,70293.2,medium,3.806463878326997,1,1,3,9.612934696659329,200.0,-1
https://www.zomato.com/bangalore/vapour-pub-brewery-indiranagar-bangalore?context=eyJzZSI6eyJlIjpbIjE4ODE2NjgzIiwiMTg4MTcyNzIiLCIxODYyNTQyMCIsIjE4ODc5OTU5Iiw1NDQ3MCwiMTg0MDc5MTgiLCI1ODI2OCIsIjE4MzUzMTI3IiwiNTkxMzIiLCIxODU4MDIwMiIsIjU0Mzk3IiwiMTg2MDM4MjIiLCIxODE2Mjg2NiIsIjE4NjMxODM5IiwiNTY3NTIiLCI1OTMzMyIsIjE4Mjc1MDQ4IiwiNTMxMjQiLCIxODY4NDQzMSIsIjE4NDE0Mzg0Il0sInQiOiJEaW5lLU91dCBSZXN0YXVyYW50cyBpbiBJbmRpcmFuYWdhciJ9fQ==,"773, HAL 2nd Stage, 100 Feet Road, Indiranagar, Bangalore",Vapour Pub & Brewery,0,1,4.2,6907,Indiranagar,"Microbrewery, Pub","North Indian, Continental, Chinese",400.0,Dine-out,Indiranagar,29009.4,medium,3.806463878326997,1,2,3,8.84043543926657,200.0,-1
https://www.zomato.com/bangalore/three-dots-a-dash-indiranagar-bangalore?context=eyJzZSI6eyJlIjpbIjE4NTgwMjAyIiwiMTg4ODg1MTIiLCI1NDM5NyIsIjE4NjAzODIyIiwxODE2Mjg2NiwiMTg2MzE4MzkiLCI1Njc1MiIsIjE4NDU1NTcxIiwiNTkzMzMiLCIxODI3NTA0OCIsIjUzMTI0IiwiMTg2ODQ0MzEiLCIxODQxNDM4NCIsIjE4MDg5Njg3IiwiNTgxOTMiXSwidCI6IkRpbmUtT3V0IFJlc3RhdXJhbnRzIGluIEluZGlyYW5hZ2FyIn19,"840/1,100 Feet Road, Metro Pillar 56-57, Indiranagar, Bangalore",Three Dots & A Dash,0,1,4.1,3864,Indiranagar,"Casual Dining, Bar","European, Continental",400.0,Dine-out,Indiranagar,15842.399999999998,medium,3.806463878326997,1,2,2,8.259716961021523,200.0,-1
https://www.zomato.com/bangalore/chianti-2-indiranagar?context=eyJzZSI6eyJlIjpbIjE4MTYyODY2IiwiMTg2MzE4MzkiLCI1Njc1MiIsIjE4NDU1NTcxIiw1OTMzMywiMTgyNzUwNDgiLCI1MzEyNCIsIjE4Njg0NDMxIiwiMTg0MTQzODQiLCIxODA4OTY4NyIsIjU4MTkzIiwiMTg2NzA5MDYiLCIxODg0NDI3OSIsIjUwNjM0IiwiNTk2ODAiLCI1MzEwOSIsIjUwNjIwIiwiNTc2NzgiLCIxODQzMjk4NSIsIjUxNjAwIiwiNTg2OTgiLCIxODY4MjQzMyJdLCJ0IjoiRGluZS1PdXQgUmVzdGF1cmFudHMgaW4gSW5kaXJhbmFnYXIifX0=,"960, Next To Gold Gym,12thMain, HAL 2nd Stage, Indiranagar, Bangalore",Chianti,0,1,4.7,4398,Indiranagar,Casual Dining,Italian,400.0,Dine-out,Indiranagar,20670.6,medium,3.806463878326997,1,1,1,8.389132521348719,200.0,-1
https://www.zomato.com/bangalore/doff-pub-and-lounge-indiranagar-bangalore?context=eyJzZSI6eyJlIjpbIjE4NDM5NjM1IiwiMTg1NzUxNTAiLCI1NjY5NyIsIjYwNDA0Iiw1MjYyMiwiMTg1Njg1MTIiLCI1MTgwNSIsIjE4NzUzNTUxIiwiNTg1NDQiLCI1MDI4MCIsIjE4MzQ2MzYwIiwiMTgyMjQ2NDAiLCI2MDY2MSIsIjU4NDM0IiwiNTEwMzMiLCI1Mzc2NCIsIjU0NDQ3IiwiMTg2Mzk2NzkiXSwidCI6IkRpbmUtT3V0IFJlc3RhdXJhbnRzIGluIEluZGlyYW5hZ2FyIn19,"654, 2nd Floor, Navajyoti. Above BIBA, 100 Feet Road, Indiranagar, Bangalore",Doff Pub and Lounge,0,1,4.1,1341,Indiranagar,Lounge,"Continental, American, Pizza, North Indian, Chinese, Finger Food, Asian, Thai",400.0,Dine-out,Indiranagar,5498.099999999999,medium,3.806463878326997,1,1,8,7.201916317531627,200.0,-1
https://www.zomato.com/bangalore/the-hole-in-the-wall-cafe-koramangala-4th-block?context=eyJzZSI6eyJlIjpbIjU2MDIzIiwiMTg1ODI0OTEiLDU0MDQ0LCI1OTg0MCIsIjE4MzgwODMxIiwiMTgzMTM1NDciLCIxODUwMzczMyIsIjE4NTkxNjQwIiwiMTg3NjcwNDUiLCIxODgwODM0MyIsIjE4NTY1ODQ5IiwiNTU2MjYiLCI1MDMxNyJdLCJ0IjoiQ2FmXHUwMGU5cyBhbmQgRGVsaXMgaW4gS29yYW1hbmdhbGEgNHRoIEJsb2NrIn19,"4, 8th Main Road, Koramangala 4th Block, Bangalore",The Hole in the Wall Cafe,0,0,4.6,7113,Koramangala 4th Block,Cafe,"Cafe, American, Burger",400.0,Cafes,Koramangala 4th Block,32719.8,medium,3.84812030075188,1,1,3,8.8698199525084,200.0,-1
https://www.zomato.com/bangalore/prost-brew-pub-koramangala-4th-block?context=eyJzZSI6eyJlIjpbIjYxNDgwIiwiMTg4NjEyOTQiLCIxODYyNzM2OSIsIjU0MDQ0Iiw1NDUwMywiNTk4NDAiLCIxODU4NjIwNyIsIjE4NTgyNTA3IiwiMTgzODA4MzEiLCIxODIwMjk4OSIsIjYxNjgxIiwiMTg3NjU2MDUiLCIxODI3NTAzNiIsIjE4OTAxNDE1IiwiMTgzMTM1NDciXSwidCI6IkRpbmUtT3V0IFJlc3RhdXJhbnRzIGluIEtvcmFtYW5nYWxhIDR0aCBCbG9jayJ9fQ==,"749, 10th Main, 80 Feet Road, Koramangala 4th Block, Bangalore",Prost Brew Pub,0,1,4.5,7854,Koramangala 4th Block,"Pub, Microbrewery","American, Continental, North Indian, Salad",400.0,Dine-out,Koramangala 4th Block,35343.0,medium,3.84812030075188,1,2,4,8.96890555068972,200.0,-1
https://www.zomato.com/bangalore/freshmenu-richmond-road?context=eyJzZSI6eyJlIjpbIjE4NjU3MTI3IiwiMTg0MjQwNjEiLDYwNDUzLCI1MDMxMSIsIjU4OTY5IiwiMTg3OTcxMzIiLCI1MTk1NiIsIjU4MTE4IiwiMTg2Mjg4NzQiLCI1ODg1MSIsIjE4NzI5NzU3IiwiNTk3NjgiLCI1NDIyNSJdLCJ0IjoiRGVsaXZlcnkgUmVzdGF1cmFudHMgaW4gTGF2ZWxsZSBSb2FkIn19,"Richmond Town, Richmond Road, Bangalore",FreshMenu,1,0,3.6,382,Central Bangalore,Delivery,"Healthy Food, Chinese, Biryani, North Indian, Continental, Salad, American, Burger",400.0,Delivery,Lavelle Road,1375.2,medium,3.65,0,1,8,5.948034989180646,200.0,-1
https://www.zomato.com/bangalore/ctr-malleshwaram-bangalore?context=eyJzZSI6eyJlIjpbIjE4MzY5ODQyIiwiMTg1NTUwNjUiLCIxODMxMzUyMyIsIjUzNzY5Iiw1MjQ1OSwiMTg1NjUwODIiLCIxODcwNzQ3MiIsIjE4NDE0MzQ1IiwiNTU5NjMiLCIxODUwMzQzOSIsIjYxMzM1IiwiMTg2MTc5NTYiLCIxODcwNDc4NiIsIjE4NjYyMjU3IiwiMTgzMDU2MzgiXSwidCI6IkRlbGl2ZXJ5IFJlc3RhdXJhbnRzIGluIE1hbGxlc2h3YXJhbSJ9fQ==,"7th Cross, Margosa Road, Malleshwaram, Bangalore",CTR,1,0,4.7,4408,Malleshwaram,Quick Bites,South Indian,400.0,Delivery,Malleshwaram,20717.6,medium,3.74051724137931,1,1,1,8.391403185357937,200.0,-1
https://www.zomato.com/bangalore/chilis-american-grill-bar-malleshwaram?context=eyJzZSI6eyJlIjpbIjE4Nzc2MjkzIiwiNTc3NzkiLCIxODc5MDA1NSIsIjU2MDE2Iiw1Mzk2NiwiMTg4NzkxOTIiLCI1NjQ4MSIsIjUwNTU4IiwiNTI2ODIiLCIxODcwMzgwMiIsIjE4NzM0MDMwIiwiMTg4MjM4NDciLCI1NDA0NSIsIjE4NTU0NjYyIiwiMTg2ODgxMDQiXSwidCI6IkRlbGl2ZXJ5IFJlc3RhdXJhbnRzIGluIE1hbGxlc2h3YXJhbSJ9fQ==,"2nd Floor, Orion Mall, Dr. Rajkumar Road, Malleshwaram, Bangalore",Chili's American Grill & Bar,1,1,4.8,6433,Malleshwaram,"Casual Dining, Bar","American, Tex-Mex, Burger, BBQ, Mexican",400.0,Delivery,Malleshwaram,30878.4,medium,3.74051724137931,1,2,5,8.769351707798972,200.0,-1
https://www.zomato.com/bangalore/the-london-curry-house-the-royale-senate-hotel-race-course-road-bangalore?context=eyJzZSI6eyJlIjpbIjE4NTU1MDMxIiwiNTg5MDgiLCIxODc3NzE0NyIsIjE4NjQyNTEyIiwxODM4NTQ0OSwiMTg4ODM4OTQiLCI1MjY3NyIsIjE4MjI0NjcyIiwiMTg2NjQ5OTUiLCIxODkwNDEwMCIsIjU1NjU1IiwiNTEzNjYiLCIxODU4MDY0OSIsIjE4NjY0NzQwIiwiMTgzMzk4ODQiXSwidCI6IkRpbmUtT3V0IFJlc3RhdXJhbnRzIGluIE1hbGxlc2h3YXJhbSJ9fQ==,"19/2, Kumara Krupa Road, Off Race Course Road, Bangalore",The London Curry House - The Royale Senate Hotel,0,0,4.5,3953,Race Course Road,"Casual Dining, Bar","Pizza, North Indian, Modern Indian",400.0,Dine-out,Malleshwaram,17788.5,medium,3.8633333333333337,1,2,3,8.282483003730562,200.0,-1
https://www.zomato.com/bangalore/abs-absolute-barbecues-marathahalli?context=eyJzZSI6eyJlIjpbIjUyOTQ4IiwiMTgyNTQ1OTciLCIxODc2NTExOSIsIjE4Mzg3NDI2Iiw1NjYxOCwiMTg1MjYyNzkiLCIxODM1MzEyMSIsIjE4MjAyOTkxIiwiMTgzOTY3ODIiLCIxODYyMTg4MCIsIjUyMzczIiwiMTg1Mjk1NTkiLCIxODMzOTg5OSIsIjE4NjMwNTE1IiwiMTg1OTE3ODkiXSwidCI6IlJlc3RhdXJhbnRzIGluIE1hcmF0aGFoYWxsaSBzZXJ2aW5nIEJ1ZmZldCJ9fQ==,"90/4, 3rd Floor, Outer Ring Road, Munnekollaly Village, Marathahalli, Bangalore",AB's - Absolute Barbecues,0,1,4.8,12121,Marathahalli,Casual Dining,"European, Mediterranean, North Indian, BBQ",400.0,Buffet,Marathahalli,58180.8,medium,3.555993930197269,1,1,4,9.402777262511233,200.0,-1
https://www.zomato.com/bangalore/the-globe-grub-marathahalli?context=eyJzZSI6eyJlIjpbIjE4MjU0NTk3IiwiMTg3NjUxMTkiLCIxODM4NzQyNiIsIjU2NjE4IiwxODUyNjI3OSwiMTgzNTMxMjEiLCIxODIwMjk5MSIsIjE4Mzk2NzgyIiwiMTg2MjE4ODAiLCI1MjM3MyIsIjE4NTI5NTU5IiwiMTgzMzk4OTkiLCIxODYzMDUxNSIsIjE4NTkxNzg5IiwiMTg2NjM2MTMiLCIxODM4NTQxNCIsIjE4ODIyMzk3IiwiMTg3OTQwNzEiLCIxODY2NTk2OCIsIjUyNjAzIiwiNTUzMjYiLCIxODQ0MzA3MiIsIjE4Nzk0MDY4IiwiMTg0MTIxMjkiXSwidCI6IlJlc3RhdXJhbnRzIGluIE1hcmF0aGFoYWxsaSBzZXJ2aW5nIEJ1ZmZldCJ9fQ==,"2nd Floor, Soul Space Paradigm, Above Bata Showroom, Outer Ring Road, Marathahalli, Bangalore",The Globe Grub,0,1,4.8,3932,Marathahalli,Casual Dining,"Continental, North Indian, Asian, Italian",400.0,Buffet,Marathahalli,18873.6,medium,3.555993930197269,1,1,4,8.27715777243181,200.0,-1
https://www.zomato.com/bangalore/flechazo-marathahalli?context=eyJzZSI6eyJlIjpbIjE4NzY1MTE5IiwiMTgzODc0MjYiLCI1NjYxOCIsIjE4NTI2Mjc5IiwxODM1MzEyMSwiMTgyMDI5OTEiLCIxODM5Njc4MiIsIjE4NjIxODgwIiwiNTIzNzMiLCIxODUyOTU1OSIsIjE4MzM5ODk5IiwiMTg2MzA1MTUiLCIxODU5MTc4OSIsIjE4NjYzNjEzIiwiMTgzODU0MTQiLCIxODgyMjM5NyIsIjE4Nzk0MDcxIiwiMTg2NjU5NjgiLCI1MjYwMyIsIjU1MzI2IiwiMTg0NDMwNzIiLCIxODc5NDA2OCIsIjE4NDEyMTI5Il0sInQiOiJSZXN0YXVyYW50cyBpbiBNYXJhdGhhaGFsbGkgc2VydmluZyBCdWZmZXQifX0=,"9/1, 1st Floor, Above Surya Nissan, VRR Orchid, Doddanakkundi, Marathahalli, Bangalore",Flechazo,0,1,4.7,7154,Marathahalli,Casual Dining,"Asian, Mediterranean, North Indian, BBQ",400.0,Buffet,Marathahalli,33623.8,medium,3.555993930197269,1,1,4,8.875566691990551,200.0,-1
https://www.zomato.com/bangalore/the-boozy-griffin-marathahalli?context=eyJzZSI6eyJlIjpbIjE4NDIzNDQwIiwiMTg0NzA3ODQiLCIxODM5Njc4MiIsIjE4NzY1MTE5IiwxODMzOTg2MywiNTkwNjEiLCIxODYyMTg4MCIsIjUyMzczIiwiMTg1NDM2MjQiLCIxODU5NzEwOCIsIjE4ODIxMDE2IiwiMTg1Mjk1NTkiLCI1Nzc5NSIsIjE4ODAwMzU1IiwiMTg2MTc4NTIiLCIxODMzOTg5OSIsIjE4NjEyOTA5Il0sInQiOiJEaW5lLU91dCBSZXN0YXVyYW50cyBpbiBNYXJhdGhhaGFsbGkifX0=,"20/7, 4th & 5th Floor, Swamy Legato, Outer Ring Road, Kadubeesanahalli, Marathahalli, Bangalore",The Boozy Griffin,0,1,4.8,4696,Marathahalli,Pub,"European, Continental",400.0,Dine-out,Marathahalli,22540.8,medium,3.555993930197269,1,1,2,8.454679286026995,200.0,-1
https://www.zomato.com/bangalore/truffles-new-bel-road?context=eyJzZSI6eyJlIjpbNTEwMzksIjE4NDgwMDE2IiwiMTg1MDM0MzkiLCIxODUxMTY0NiIsIjE4NDg5MTA4IiwiMTg3NzkxOTEiLCIxODM2NjY1MiIsIjE4NTM0ODgxIiwiMTg4OTQ0ODkiLCI2MTI4MyIsIjE4NTY5MTE4Il0sInQiOiJDYWZcdTAwZTlzIGFuZCBEZWxpcyBpbiBOZXcgQkVMIFJvYWQifX0=,"84, 80 Feet Road, RMV 2nd Stage, New BEL Road, Bangalore",Truffles,0,0,4.7,3912,New BEL Road,"Cafe, Casual Dining","Cafe, American, Burger, Steak",400.0,Cafes,New BEL Road,18386.4,medium,3.661129568106312,1,2,4,8.272059622210412,200.0,-1
https://www.zomato.com/bangalore/diana-fast-food-center-sarjapur-road-bangalore?context=eyJzZSI6eyJlIjpbIjE4MzgyNTY5IiwiMTgzNjgxNDEiLCIxODcwOTYwNyIsIjE4NzQzOTkzIiwxODc1Nzc3OSwiMTg4ODk0OTAiLCIxODg5NTMxOCIsIjE4NjI4NDcwIiwiMTg5NDMxNzkiLCIxODU0NDkzMSIsIjE4OTMxMjYyIiwiMTg5NDk0NTIiLCIxODUxMzMwMSIsIjE4OTM5Mjk0IiwiMTg2NTYzNTIiLCIxODY3NzI2MSIsIjYwNzgzIl0sInQiOiJEZWxpdmVyeSBSZXN0YXVyYW50cyBpbiBTYXJqYXB1ciBSb2FkIn19,"Near Anjanadri High School, Doddakannelli - Kaadubeesanahalli Rd, Janatha Colony, Doddakannalli, Sarjapur Road, Bangalore",Diana Fast Food Center,0,0,3.6,0,Sarjapur Road,Quick Bites,"Bengali, Chinese, Fast Food, Kebab, North Indian, Oriya, Rolls, Tea",400.0,Delivery,Sarjapur Road,0.0,medium,3.610122699386504,0,1,8,0.0,200.0,-1
https://www.zomato.com/bangalore/chilis-american-grill-bar-whitefield?context=eyJzZSI6eyJlIjpbIjE4MTY1NzkzIiwiMTg4NTU5MjQiLCIxODcxODI1OSIsIjE4NDUwODg1Iiw1MzU5MCwiNTAyNDgiLCIxODU3NzgxNSIsIjU2ODcyIiwiMTg2MjU1ODciLCIxODIzMjY1MCIsIjE4OTIyMjY4IiwiMTg2MjM5ODQiLCIxODkwMTE0NiIsIjE4Nzc4MDY3IiwiMTg1OTAzMTUiXSwidCI6IkRlbGl2ZXJ5IFJlc3RhdXJhbnRzIGluIFdoaXRlZmllbGQifX0=,"20, Ground Floor, Phoenix Market City, Whitefield, Bangalore",Chili's American Grill & Bar,1,0,4.6,4955,Whitefield,Casual Dining,"American, Tex-Mex, Burger, BBQ, Mexican",400.0,Delivery,Whitefield,22793.0,medium,3.600485436893204,1,1,5,8.508354242749032,200.0,-1
https://www.zomato.com/bangalore/the-pallet-whitefield?context=eyJzZSI6eyJlIjpbIjE4NjEzMjcwIiwiMTg2NjEwOTQiLCIxODMxMzUzMSIsIjUzODcyIiwxODU5NTc4MiwiMTg1NjEzOTgiLCIxODYzMTg0MSIsIjUzNTg2IiwiMTg1MzQzOTYiLCI1NjQ2NyIsIjE4NDkyOTEwIiwiNTQzMzQiLCIxODgwMTM1MiIsIjE4NzM0MzExIiwiMTgyOTQ5MTciLCIxODMzMzE0MSIsIjE4NzQ2Mzk4IiwiMTg3MjMyMDMiLCIxODgxMjgxNiIsIjU5MDgyIiwiNTM3ODQiLCIxODgzNjIxNCIsIjE4MjIxNTQ5IiwiMTg4MDI0NjAiXSwidCI6IkRpbmUtT3V0IFJlc3RhdXJhbnRzIGluIFdoaXRlZmllbGQifX0=,"HVP Crest, ITPL Main Road, Whitefield, Bangalore",The Pallet,0,1,4.5,2745,Whitefield,"Microbrewery, Pub","Continental, Mediterranean, Italian, North Indian, Finger Food, Asian, Momos",400.0,Dine-out,Whitefield,12352.5,medium,3.600485436893204,1,2,7,7.917900586327916,200.0,-1
