PC1,PC2,cluster
2.416033004679413,0.2602081720788954,1
2.4380264351003422,0.2480693003887753,1
2.5932525549486543,-0.34906187032260266,2
0.3079109786079316,0.6808663399759497,1
0.7178514341036858,0.7165716689516735,1
0.8282390897599214,0.7310035370350135,1
-0.4747165997891707,-0.8970085955806594,3
6.569405766399137,-0.9588549307761461,5
1.4207655539201205,0.6060095196331655,1
2.3563342522125206,0.32854728179359727,1
1.353909849516,0.9837314672425514,1
1.232575590870679,1.103599738808494,1
1.4377203390433848,0.9096512617211685,1
1.4497777618655803,0.6535555538717138,1
0.26968515278841654,1.0009100468701977,1
1.1913635643061855,0.3827318945060554,1
0.7598891529258259,0.5541023105933379,1
0.7194596953911636,0.7806369049952255,1
-0.9745367684215238,-1.6561932587211112,3
-0.9226151332857441,-1.8047684928444991,3
0.9277900024289379,0.21546000053348033,1
-0.6128037399639564,-0.7004935493394429,3
0.20066259371273304,-1.2307071271009449,2
-0.11772384766270094,1.0071516641191331,6
-1.2395532266372362,-1.1688436965318725,3
0.6734900710232001,0.7735932664240586,2
-1.1120417243476537,-1.0982044220787157,3
-0.9833853940842552,-1.0950747399324012,3
1.3063757383835342,0.32592706121535914,2
1.071777209683337,0.9141244891400878,1
-0.0060141276904528244,-2.7866388951216146,3
0.3023798138392102,1.1045382963197987,1
0.6123312288485803,0.9956618489920268,1
1.8409651257764181,0.7695321294252758,1
0.7508055229292453,0.9141543263893547,1
-1.0356147780801628,-2.1359081838069023,3
4.090439102975825,-0.4668478642486175,5
10.32613820694171,-3.4378226472925593,4
0.07914761252341565,1.4766444217805679,6
0.6202909036950495,0.7561093083501356,1
0.07743670232749954,1.2926349298113837,1
1.057170919512249,0.6884295129147191,1
1.555556151946213,0.39362448554753426,1
0.3603121186766188,0.783246766108588,1
0.34161361790276834,0.2615596721670329,1
2.218772506297538,-0.1573402351932824,1
1.3996251158191577,-1.330741520433023,1
-0.43838468553786425,-2.1945807273538698,3
-0.20322743923872855,1.0450627071794343,6
0.5807164619587938,1.222811862216369,1
1.635452010728546,1.1481924711426839,1
2.5477097240701734,-0.0070141013443492245,1
3.1033742696380116,-0.4939833281121768,5
2.747808950727717,-0.699997582825789,1
0.4694592304540613,0.7856781317843603,1
2.386301765886528,0.15328636613074023,1
-0.4527830649613131,-0.779823304420271,3
-0.0632675280716667,0.911561263065882,6
1.4570325757419975,0.9575689886183476,1
0.6586291299529022,-0.14048453248851608,1
0.18819131685213852,1.0639552004271036,1
2.1713495732374635,0.25267580287246255,1
0.3934225458425928,0.7856262329919423,2
4.318560764673544,-0.7968058722188296,5
-0.5345814120539475,-0.5095571672508366,3
3.089281672173262,-0.3484805715237503,5
0.2100436643501293,0.9443340046230645,1
-0.6104102017043319,-1.5398834019798768,3
-0.4373319600515129,-0.807712498869576,2
1.9334544772100304,0.5217994219990129,1
-0.7715394948520629,1.3571911206350717,6
-0.7810384660211771,-2.158008423874092,3
0.3592657518942601,-1.3368593991975275,3
-0.3050886830797704,1.109630965865774,2
1.7227474746007496,0.8290952580354386,1
-0.6196610688529125,-0.7088005514736159,3
-0.1912780866644236,1.0432574696835417,6
0.37705917371574504,0.7715047416881362,1
1.2282218417482953,0.012840177712595512,1
1.2241632135404825,1.1131024122108382,1
-0.871003847309907,-0.7804379740405516,3
0.22170312394418215,0.9281509690405553,1
-0.5935522592641174,1.1976530611148202,6
0.553739782680298,1.13754283593551,1
9.342240945377036,-2.8027377675841634,4
-0.8804286726544808,-0.6929695651195893,3
-1.1487413600020715,-0.5313185620848929,3
-0.20322743923872855,1.0450627071794343,6
-0.6045239854864471,1.1843618577001434,6
-0.47484712400096857,1.279137427947033,2
-0.7633107001853155,1.3671595231960794,6
-1.4271969008806047,-0.9602508547747045,3
-1.15645556710708,-2.3337038188104064,3
-0.5791155521169485,-1.3756823278928927,3
0.3272215982776235,0.869492162738751,1
0.09734549211857932,0.802731582400527,1
0.22097009842469711,0.7291503570554545,1
0.7534215416555897,0.5267711160394581,1
-0.7605097139629393,-0.7572636233497179,3
0.2721554931247378,0.7808747863747595,1
-0.9250274679153802,-0.740617516989791,3
0.3649405568175087,1.0105361659060714,2
-0.8789209724872272,-0.766321584550743,3
-0.7325067187998028,-1.1972490970529472,3
-0.47759005555655104,1.2758146270933637,2
-1.4450259559918905,-0.9818490603235542,3
-1.5649735579685655,-0.9028130829551039,3
-0.13944463949194597,0.9351403025040113,2
-1.33226438225341,-1.2369665668275638,3
-1.0747665321977815,-0.8615589737440984,3
-0.7756538921854365,1.3522069193545678,6
-0.7756538921854365,1.3522069193545678,6
-0.6031525197086559,1.186023258126978,6
-0.4556466031118915,1.3023970339227173,2
-0.4320226130096665,1.0181781964725536,6
-0.43476554456524896,1.0148553956188844,6
-1.1609096024800498,-1.4170623484963714,3
1.4117538954505107,0.7103263574097419,1
-1.0361666136419916,-1.157513325629876,3
-1.4436152683693675,-1.2449300429325398,3
-1.047278982867552,-1.0691779781084323,3
-1.4177675722211802,-1.6730392965964953,3
-0.43613701034304014,1.01319399519205,6
-0.266378569421842,0.843687533110791,6
-1.3539003488476449,-0.8306490082910097,3
-0.6072669170420296,1.1810390568464741,6
-0.7687965632964804,1.360513921488741,6
-0.13807317371415478,0.9368017029308459,2
-0.7756538921854365,1.3522069193545678,6
-0.5990381223752822,1.1910074594074818,6
-0.6058954512642384,1.1827004572733089,6
-0.13670170793636355,0.9384631033576805,2
-0.4762185897787598,1.2774760275201984,2
-0.6058954512642384,1.1827004572733089,6
-0.7742824264076453,1.3538683197814025,6
-0.7701680290742716,1.3588525210619062,6
-0.6017810539308647,1.1876846585538126,6
-0.7770253579632277,1.3505455189277333,6
-0.13944463949194597,0.9351403025040113,2
-0.5976666565974911,1.1926688598343165,6
-0.2913740253018582,1.12624497013412,2
-0.6045239854864471,1.1843618577001434,6
2.2768164250131386,0.12349386603561494,1
-0.9692498208344268,-1.7133673386273593,3
0.2592959847347499,1.2480716931908817,1
1.5662062063604973,0.8078698665627679,1
0.6461789708467258,0.5515976123477841,1
1.8380058223427291,-0.061417541672010564,1
0.5853124972404582,0.337727246780168,1
1.8613440109205892,0.6378340601730764,2
1.3798292749061445,0.30855803951779137,1
-0.7756538921854365,1.3522069193545678,6
2.3135397345613233,0.31170661530059346,1
1.132937598519152,0.0957135391972365,1
0.6564979265928118,0.5826213435443274,1
-1.3597731583401205,-1.7248123931724209,3
0.20300024795337968,-0.8461680796574612,3
-0.9242849832130303,-0.9285486814875555,2
-1.2791223517220878,-0.8626401927692323,3
0.3425429988040711,-1.1542573596241494,3
-0.7155920930884834,-1.076092840163134,2
1.9181445993338633,1.7478789173885698,1
0.7442838745110929,1.2851996536263959,1
1.9967471972416315,0.5697174413585164,1
0.43413415984818426,0.664921180234382,1
-0.5016178345332191,-1.9578996105336006,3
0.7278896042805713,1.0433157639611377,1
0.3140541164291846,0.7691945241109389,2
-0.7319708069729816,-0.7634346458418961,3
0.68721230023519,0.5871284485599123,1
-0.09562729401668844,1.2364679084344632,6
1.6758502953335235,0.5862013635218342,1
-0.5899816981514974,-0.6550724695078057,3
-0.16271404610628493,-2.291905208211379,3
1.052669347415656,1.2066760267093843,1
0.22438533086456078,0.6983011837575265,1
-0.44458597097622277,-1.936447494482322,3
1.7837248658935185,0.2184694118355701,1
1.6207634305976102,1.7229814842976992,1
0.858302737534203,1.0131240181919752,1
-0.3378913023456415,-0.9382137487106197,3
-0.21004526217410466,0.25660601186215076,6
0.13606894129977992,1.245457657878578,1
1.6974463915894253,0.1516974449231591,1
0.10927480934810581,1.314576670254524,1
2.5909142241768777,0.713004235041471,1
-0.34891439822823583,1.0823698885575743,6
0.3057671028744242,0.9496366462592855,1
1.2265124707893622,1.2556599033842268,1
-0.9106977715796597,-0.42960590450524405,3
1.52663883125496,0.17423069677984063,1
1.0002137355470453,-2.865476232112456,3
0.7560800272606684,0.6971813213183327,1
-1.146135498551681,-0.7444824766116106,3
0.8307798390618091,0.8747430633604961,1
1.7104150226544323,0.09693831203093074,1
1.3913595820910356,0.3119913405938749,1
-0.7045606641729517,-0.4813974246577961,0
1.3781680460834362,0.782945580220794,1
1.2374998370786596,1.2352434420942917,1
-0.3520013203142759,-1.1903266128462147,3
-1.3292803275327976,-2.415388579599505,3
5.326073878022558,-1.200989378251711,5
1.597700190174945,0.9367956203818366,1
0.8520663049485754,0.7119366202756113,1
0.17627609513878445,0.3419371041000824,1
-0.4228085420037897,-0.6970137226264144,0
-1.283085022144133,-1.3588861755163322,3
-1.5395310155890702,-1.3309103650041747,3
-1.3977829442928191,-1.620046415013307,3
-0.5381501931617367,1.2064754642308666,6
3.355788506053147,0.3861656654124078,5
0.1257514227489203,0.9620823250364617,1
2.640893755554126,0.590672793243703,1
1.7405351314214315,0.106790582602738,1
1.0781736637355908,0.7455900683133213,1
-1.2660863617314384,-1.2847055925148596,3
0.39385717190598674,-1.2339211297552122,3
-0.35282823276758185,-2.57430777084346,3
-0.8967830208162869,-0.4783666713424475,3
1.5744941449078937,1.5421629138120538,1
0.5664445025495868,0.9103742050531552,1
0.7085462974925018,0.7144631960838255,1
-0.02769426846566064,0.3716014101601367,1
0.9206175990529604,0.7865268419040091,1
-0.5422645904951104,1.201491262950363,6
-0.7644219227296571,1.361625257713543,6
-0.8813188147188856,-0.47969010532698775,3
1.2309498060160922,-0.007785098562994789,1
-0.11273079532206283,-1.0988978076758322,3
0.6591947594677139,0.729702474651239,1
-0.9335621069346225,-0.8086660272218793,3
-1.2327903347348248,-0.6996765020568497,3
-0.6664330935306467,-0.6755748534039172,2
-0.7161374287496822,1.3660135237511182,6
-1.6084956603772644,-0.5582844238920983,3
0.23000241033840912,0.8707129373506806,6
-1.487864894575519,-0.7698274184429296,3
-1.1208775405598057,-0.5282331718069647,3
0.07187343992272179,0.8374331042781358,1
-0.14553676542730734,-2.4220211706873176,3
0.044854146581484906,0.8958646141330061,1
-0.6613129566538557,0.6144332730023894,6
0.4616072318751956,0.6052934154277376,1
-1.6230115237049605,-1.775397075919646,3
1.2468593083625308,1.1260313490249225,1
-0.9449117639178743,-1.1564744849684045,3
0.9929330716955658,0.3845210094932293,1
0.3887186333097979,0.7553217061056271,1
0.628971419027584,0.6948210422182195,1
0.3056319339662439,0.8814887234787565,1
0.2820656625873039,-1.4659039779385994,3
-0.11694945180761947,0.7006103738946354,6
0.8587013959381374,1.1467792518006512,1
-0.7078011802586532,-0.6597082162248035,3
0.7180097871299534,0.745854535092018,1
-1.8810528692476522,-2.062065791608856,3
-0.17037657179009047,-1.2611070387185939,3
-1.1704365027569432,-1.14340728914748,3
0.3205497811438091,1.3192016081032942,1
0.3778731559172375,1.0200708598666788,1
1.3044147561901027,1.0380417912522149,1
-0.8226576600481417,-1.3738404824328592,3
-0.7615162396559574,-0.6419028081077296,3
0.7217630244161333,0.4781384434174821,1
1.5988051661975282,0.21830760162456908,1
-0.2806443782029765,1.377570923167623,6
0.7085910253258972,0.4686328959607415,1
4.537158846410943,-0.7707983058607158,5
-1.5301446746365974,-1.498090209158704,3
-0.17430132339412496,0.7358820021107005,6
0.9569479915364485,1.3830208755795157,1
0.5109164410678441,1.2203476959294886,1
1.3844573338990025,1.4335071090681581,1
0.7402836242867952,-1.172797271772782,3
-1.25616274201246,-1.6304340249700109,3
0.211153006763333,1.1780270587180581,1
-1.1681658063153886,-0.957212359003085,3
-0.714765962971891,1.3676749241779527,6
1.6511118554863038,1.4246786479552844,0
-0.8671151580509033,-2.4641131251550257,3
1.6248653241179243,0.4092788206586927,1
1.6144002967850892,1.0831558958721976,1
1.0611292380687076,0.764723270425252,1
2.0703590447899143,-0.048832633613416714,1
1.090948803009718,1.092286196137788,1
1.0837193948605406,0.7425166385187782,1
-0.8238121428360701,-0.44407319762184955,3
-0.16698925146641946,-1.0137960711555551,3
-0.31001857158165347,-0.878510190348989,3
1.9716910683515392,0.055107464532101316,1
0.44651775306683117,0.3711959773282658,1
1.50781073468651,0.7039089067173051,1
-1.2734844760210862,1.0065027295894218,6
-0.8623056689514681,-3.024038865053121,3
-0.4384805232111666,-1.5788909122025838,3
-1.2305174238664838,-2.0493588085763226,3
0.6116378424465864,0.6220021044782756,1
0.3685689055053586,0.8416785565510898,1
0.8575114110023266,1.2616182182718452,1
2.6544424858100704,0.5692315489051619,1
1.8422129951186412,0.41986589332216107,1
-0.19327223221552498,-1.058706136292821,3
-0.6744193121266665,-2.0130211470021315,3
-0.40872189163000544,-0.36315689986418215,3
-0.633466320004407,-0.663859421507996,3
-1.4021173651834233,-1.552495942718957,3
0.6430559011945338,0.8375908979172959,1
0.9258822264615589,0.8373132190642874,1
-0.47346918499921775,-0.5484073640199668,3
-1.0965683841554053,-0.8494001451378885,3
-0.03779864292994535,1.147597267127037,6
-0.652713369798661,-0.6928205194269916,3
0.24458427808001001,0.959914230879059,1
-0.8553915921403312,-0.5158177426156043,3
0.261055899376925,0.5929619977319234,1
-1.2880314205439467,-1.1321063652931005,3
-0.5989044041346068,-0.2693619829537969,3
0.6479276391180306,0.39301945507742186,1
1.2784418117046106,1.0524360151227392,1
0.6892209651849855,1.4379374564741065,1
-0.7873009415642959,-1.0424276903750855,3
0.4711097528331805,-1.0896054340038708,3
1.0060842132900807,1.0650429336814338,1
-1.262897575135436,-1.3517041826379637,3
-0.21141863810069597,-1.1514220138638869,2
0.6008599493727897,0.6964189189727447,1
0.27703761626804235,0.6891729384044987,1
-1.4676212734618324,-1.38171341225008,3
0.24446382836954947,0.7847892478016821,1
-0.6003869271340369,-0.672584227573793,3
-0.6808799811389393,-1.4699410941165931,3
0.2557504942685785,0.7146756341240047,1
-0.615414711869077,-1.0680001262205898,3
-0.041804959208057144,-1.1123265935881126,3
-0.484326394655254,-0.8639883819350852,3
-1.0383278429187885,-1.8935483351842397,3
-0.18613152413008643,1.041527808566027,6
-0.35843019034742535,0.2404290835560446,6
-0.35295826743462616,-0.6759680717250461,3
1.2384141384733536,0.9285725224840973,1
-0.43124433432410136,-1.046941364898157,0
0.28871071863216596,-0.8264034652474083,2
0.09310314601019888,-0.8917762256635896,3
0.2824217835018441,0.7430690209111536,2
-1.4023243793078717,-2.0005284348798957,3
-0.36690725021011295,0.7031743652830601,6
-1.6800800976709434,-1.147312794731576,3
0.46253292742543184,0.7943655910596278,1
0.6404264504837577,0.5101312852211574,2
-0.7742824264076453,1.3538683197814025,6
-0.7844925022236005,-0.5047877555723197,3
-1.1526355557245533,-1.4192444105718518,3
-1.3846377369461678,-1.7860317790260756,3
-1.076191803019168,-0.6116875673999146,3
-1.0973132585960117,-1.6678754280616404,3
-1.7362346768545653,-1.413373327865268,3
0.4757491125106827,1.130277132229213,1
2.4484871768872942,0.3987322302021775,2
-0.19186085895480146,-1.1037730876517344,3
-0.5362058335719915,-1.1444740009755203,2
-0.849504754073537,-0.45401201528511087,3
-1.0229262534007026,-0.5423518466704702,3
-0.036620102048835555,1.1905911467894792,0
0.3116581857884287,0.8732928871367795,1
-0.09765100023770996,0.6424548064344862,6
0.3445841881180292,0.8437866214746619,1
0.15505191685471723,0.3821772822544685,1
-1.3838133480875483,-0.7354164909586397,3
-1.002906876761906,-0.8327997655060366,3
-0.4346610197841038,0.4954300991743104,6
-1.2499806208083035,-0.8294723553575868,3
-1.0588278412284848,-0.8185954188097982,3
0.6625305618804228,0.7818053673001822,1
-0.2199423717519386,0.8257393849554078,6
-1.3825996461622707,-1.4314557645388313,3
-0.9097380624732803,-0.9341459519317257,3
-0.4884407919886276,-0.868972583215589,3
1.254791472141027,0.9345807659429479,1
0.9444304140485967,0.9803238093278714,1
3.596695056217649,-0.24234323627679605,5
0.21204275786630153,0.8513555416254961,1
1.476199277233774,0.449673635274372,1
1.5997647711955123,0.31541618628526025,1
4.403008879826392,-0.9645343927467798,5
0.11799578764677575,-1.2562938605236662,3
1.4935953231654417,-0.006597691358782039,1
2.493112464362771,0.25292580291648287,1
-1.2026783543232284,-1.333297305224079,3
-0.46323196408293116,-0.9758206165483628,3
0.8099417344943137,0.9644650165907999,1
0.7300758326325222,1.0188547396896732,1
-0.11192350801069115,-1.3504569285063257,3
-0.02367492836765937,-1.324039285823495,3
0.20278767408077608,1.0582673540414231,1
0.5085888767980463,0.20373547240296447,1
1.4277432272052475,0.3626277229896246,1
1.5068578860079551,0.9434980079206492,1
1.4413406029562958,1.1897750196265746,2
0.5840408915704507,0.42150546373456155,1
-0.16387416284756995,-2.383694086064651,3
0.2217057888878594,-1.790604635621329,2
0.18751805061770177,1.0319954742629083,1
0.19530258687266153,0.7434135377610508,1
-1.3681644765082512,-1.3015673309493465,3
-1.7720633289044043,-1.4952143196570786,3
0.4751387700674192,0.2019778773555754,1
-0.4993817813580148,0.9909108673602963,6
-0.15096751671749803,1.4723464934145123,2
-1.2305399258154006,-0.9248929861704506,3
-1.5570648854478895,-0.9920614067048271,3
0.13292307846275575,1.0245036620959709,1
-0.6000869257587418,-1.0991507259523885,2
-0.5052691735105698,0.4283128066527844,6
-0.4320226130096665,1.0181781964725536,6
-0.8461575211307573,0.7656643303884678,6
-1.510321656749745,-1.316819256812835,3
-1.6715311808581255,-1.0381276658598382,3
-1.7919687590763747,-0.4053919660791854,3
-0.26331669967837884,-0.8987560890466734,2
-0.7523389739629858,1.3804507266107562,6
-0.9809065025033658,0.9234648356208793,2
-1.7446523814803734,-0.8441531501724181,3
-0.7756595792223113,-0.827430447785867,3
-0.4504028191241747,1.547077385248882,6
0.3205796888683048,1.246647720969131,1
-0.05811368575450708,-1.0004714879975047,3
-1.3717808618130707,-2.1046852969094014,2
-0.5613855280727997,-1.3602897369140812,2
-0.4996519472759887,-1.1032331470878598,3
-1.1212119420547026,-0.7862223744035108,3
0.06386730587138896,0.78203574693136,2
-0.6618742801376047,-0.6431806728101086,3
-0.5825805330417876,1.210944264529497,6
-0.7133944971940998,1.3693363246047874,6
-1.2167105435288132,-0.9577277599849585,3
-1.1959699005402575,-0.6997187054105788,3
-0.33821950512913174,1.073519811539969,0
4.769937006378928,-0.6145001836622873,5
-0.7133944971940998,1.3693363246047874,6
-1.1050975008776793,0.8353348670813283,6
1.1078828561216767,0.9038249783216619,1
0.19969980206890792,1.2642484635556321,1
-0.08564840227831415,0.6874722744442089,6
0.39008529999622393,-1.2115984180326216,3
5.054224844441785,-1.0959466461021727,5
-0.9069599945439535,-1.2166680610305398,3
1.1049696515945522,1.4938206566961867,1
-1.396971822980048,-1.1104627053993734,3
1.1712905098196982,0.4193270967097964,1
-0.04604485237690782,1.0117639163535734,6
2.8774692278712037,0.1569950205358559,2
-0.2751585150918116,1.3842165248749614,6
0.8347524623603704,0.9168615428682755,1
2.081054797039286,0.31921421143339157,1
3.6021141232810465,-0.3187566924238654,5
-0.5465313980728591,-1.3500260606472423,3
0.31573159327022854,0.24199843540225982,1
-1.0632834661013457,-0.7955011433135837,3
2.742524043078223,0.37809142280807373,1
0.759996438377155,0.7932801554674154,1
1.7178426173058037,0.9986696033960019,1
1.1630821591053315,0.3478583766503391,1
2.1756408052867653,0.18333472530636616,1
-0.9339675941786901,0.6674898054269038,6
0.7264184838471196,0.5678120405918226,1
2.698534128836463,-0.46478209011896654,1
2.198172456461332,0.055630444098668436,0
-0.6941939763050227,1.3925959305804718,6
-1.3260485086157165,-1.0963447001782451,3
1.304305577764487,0.46059498093475904,1
1.6010088239070859,1.4347426796877463,1
0.14576713369943428,1.0551913283483108,1
0.9755428983412792,0.5850423180960318,1
0.44085096850253214,0.7131841271267826,2
0.16180753207323073,1.2456858516413976,1
0.42316630573118214,0.8933915106504008,2
0.1043962950310556,-1.1771821948446024,2
-1.0924539868220315,-0.8444159438573848,3
-1.159565638039726,-1.2110052795472486,3
-0.7756538921854365,1.3522069193545678,6
-0.7742824264076453,1.3538683197814025,6
1.3691863439257388,0.670245245463403,2
0.05690358634644645,0.8649019546702313,1
-0.37793331773064587,-0.7165543587936662,2
-0.7964993173046968,-0.5705593760912065,3
-0.15281237475778237,-0.8346157753476838,2
-0.9010090093487744,-2.443234714286994,3
-0.4476598875685922,1.5504001861025511,6
2.0540992211945,0.004759168082890468,1
-0.47484712400096857,1.279137427947033,2
1.852429980336017,0.0733288609003335,1
0.4097733679379641,0.7038027935679836,2
0.11106014989649148,0.819345586668873,1
-0.5825805330417876,1.210944264529497,6
-1.0166111991745208,-0.8575953645039956,3
0.3296893616834189,0.887508368896564,1
-1.2839883482520635,-0.6579113598445857,3
-0.3943509648572207,-0.9068038427435449,3
-0.5962951908196998,1.194330260261151,6
-0.511070977900493,-0.8646263847275895,2
-0.7442973007718522,-0.8968327756563731,3
-1.1997938941454855,-2.154308551852398,3
-0.2608927063106772,0.8503331348181294,6
-0.6017810539308647,1.1876846585538126,6
-0.08427693650052291,0.6891336748710435,6
2.5681301806920103,1.5099885909209536,1
-0.7633107001853155,1.3671595231960794,6
1.5729215359681414,1.450262914581465,1
0.35727649153889995,0.8624890121816494,1
-0.11316446114283328,1.1944197715145322,6
0.3653820035961462,1.1325759118115875,1
-1.132406665834732,-0.5501332141809993,3
0.5370263521658906,0.8284881204352865,1
-0.3974698622846783,-0.8323734469871343,3
-0.5662560066097533,-1.0855135251455637,3
-1.050993489860436,-0.8675373710062505,3
-0.43476554456524896,1.0148553956188844,6
-1.0050408675208211,-1.6934894884541276,3
-0.9910926476666104,-0.6143555127227052,3
0.602568386502289,1.389874880847964,1
-1.4309840824566165,-0.7925074636593192,3
-1.2069416267625872,-0.7130099088252554,3
-1.057479026142129,-0.5822061729196868,3
-1.263583893521021,-0.6765708822029602,3
-0.7687965632964804,1.360513921488741,6
-0.6667714283150253,-0.595419888376761,3
-0.766053631740898,1.3638367223424102,6
-0.7578248370741506,1.3738051249034178,6
-0.7687965632964804,1.360513921488741,6
-0.7578248370741506,1.3738051249034178,6
0.1685466361907688,1.0376876332445084,1
-1.5704594210797305,-0.9094586846624423,3
-1.3609446408569024,-1.0890112847285807,3
-1.2869899920846832,-1.5366591983638676,3
-1.5393339134857331,-1.1021599304739864,3
-1.458415935079006,-0.7674985000503706,3
-0.08427693650052291,0.6891336748710435,6
-0.5990381223752822,1.1910074594074818,6
-0.7605677686297331,1.3704823240497486,6
-0.03346899831753042,0.8755562450981754,6
-0.8371516367703987,-0.5102873578346969,3
-1.3976721202148663,-1.4701361470913372,3
-0.6045239854864471,1.1843618577001434,6
-0.6017810539308647,1.1876846585538126,6
-0.7619392344075243,1.3688209236229139,6
-0.7715394948520629,1.3571911206350717,6
-0.6031525197086559,1.186023258126978,6
-0.6045239854864471,1.1843618577001434,6
-0.7687965632964804,1.360513921488741,6
-0.5949237250419086,1.1959916606879857,6
0.4526975634437325,1.217940084497621,1
2.483388067550658,0.6563795356253007,1
8.960655140097582,-2.5450051562547853,4
0.6232274236715872,1.0388245011812105,1
0.47018530033681627,0.8202952544371288,1
-0.4597900942005824,-2.6124109719574222,3
0.7955338788145483,0.7731441195194895,1
0.7347473760893893,0.8967508830122097,1
1.206162796662803,1.3087950953713223,1
-0.2970836078149007,-1.3758422111028454,3
0.7988839955860492,0.27541477210049015,0
0.34126631552185355,1.1928206717345275,1
1.0575204379484455,1.1918909552987087,1
0.9667235173001515,0.47138491239646535,0
0.9165675200214365,1.284429910799311,1
0.6765596175629095,1.2084984447956546,1
0.3930924274838384,1.3706751100049521,1
-1.1530796827596852,-0.9389369543079045,3
0.8361774341985071,0.7602870174155474,1
0.43018340158314594,1.005510400909247,1
0.4364539024103616,1.3271919823995568,1
-0.9984073653941905,-1.1267188210843442,3
-1.143599510848772,-0.9587150117642368,3
-0.11000553238318282,0.9465580077321152,2
0.22232370361625586,0.4576188198243097,1
-1.8989501627643093,-0.7456281412727578,3
-0.7051657025273524,1.379304727165795,6
-1.3384415851671956,-1.061835741493482,3
0.2926050484724929,1.1472136074506563,1
-0.6065052666356551,-0.664325815092571,3
-0.5737134125998927,1.197440963355082,6
-1.4352080832453378,-0.9594892001179106,3
-0.5326643300505719,1.213121065938205,6
-0.5764563441554752,1.1941181625014128,6
-0.7161374287496822,1.3660135237511182,6
-0.7407289219655084,1.3702702262900102,6
-0.7133944971940998,1.3693363246047874,6
-0.3725061495739122,1.031984800869104,6
5.369138715387674,-0.9544136674450955,5
5.179798198574614,-1.7085690760426502,5
6.748761745544405,-2.0417020192556232,5
0.23304817222073232,-2.1053088413449794,0
-1.196134236888843,-1.7693561680052734,3
9.066807719889235,-2.3697012166191436,5
1.6583383050380804,1.141493084603702,1
3.229585691496819,-0.204507172104429,5
4.099908568466261,-0.8314710818856004,5
0.5456346010421873,0.8807281590053714,1
1.6649103358770816,0.2134566877330538,1
1.8103604629965018,0.23800191972561696,1
-0.7671648542852395,1.3583024568598738,6
1.2256299419472592,0.641944347486717,1
-0.24244364943911104,-1.5856288425217853,3
-1.1699641395392608,-2.3418940769260947,3
-0.920958112756465,-1.9185625916294786,3
0.33890187956026163,0.491012293449008,1
0.6815756451994317,0.8599089768495974,1
0.4632092859654106,0.6965664227179333,1
-1.1160307079592118,0.8312443963524391,6
0.08773798662788705,0.6424822579923134,1
-0.19666213939001573,0.746896255175994,6
0.37366686221142054,0.6662554136860424,1
1.205006600219075,-0.030800122261204117,1
-0.09131217751655825,1.1428688273726542,6
-0.4597379422212409,0.6672000745422745,6
0.3555388787931774,0.7092366780498881,2
0.0918519443055912,0.9634859832000892,1
-0.29760462715758396,0.5067930371157173,6
0.04561640188947399,1.0886019562102702,1
0.32780131643099325,0.16830162375699956,2
-0.9756227146587924,-2.6804174402363734,2
-0.6782004122286172,0.902658987070195,6
-1.111916310625838,0.8362285976329429,6
-0.5729522278192701,-1.7148581031279404,2
-0.31398615938852037,0.7130613064442736,6
-0.09062273354306692,-0.17748737400094178,6
-0.5971551247510789,0.3343548130965043,6
0.7558934592724088,1.1723521686685416,1
0.7742309527656934,1.0211598838915443,1
-0.42353357510946954,1.0242737339778596,6
2.08087305767176,0.040973095082488975,1
1.9329147754693807,0.5135306749669518,1
1.545243631369363,0.7968420715563043,2
9.386274127522965,-2.925358900814114,4
0.9542988295560392,0.0973962426058421,1
0.24212571596775542,0.6530940167869792,1
0.6468368347595258,0.2705385663811697,1
-0.2937359235477882,-1.0994811113847038,3
-1.1131597364928063,-2.7132585142167582,3
-0.703695131165331,-1.0380289252405626,3
-1.108483800986251,-0.8246450852742081,3
-0.7657933885074484,1.3599638572867083,6
-0.4194191777760959,1.0292579352583633,6
0.6060666145087906,0.4460853065544025,1
-0.9921466982240353,-2.4310851680697665,3
-1.3803364986005688,-1.2059213529944768,3
4.041030571801648,-0.16552587391548207,5
0.9554054667362306,0.1486429633051618,1
0.723394197162147,0.5444609971762023,1
-0.09799738330256616,0.32065738748347494,6
0.0709422335034829,1.020468617921587,1
0.9552701962853912,1.20900344717922,2
0.929882926166758,0.830920685762774,1
-0.7512979442203098,-0.9461411278963218,2
0.8968246752249841,-1.834605014302848,2
0.022954969276109436,0.9422736045332896,2
-1.0077010259656398,-1.9286654792102094,3
2.145470338864787,1.141557883636906,1
2.431293515859366,0.037010049266686176,1
0.3070641637432449,1.1486017134231155,2
0.9717961719378841,-1.807996320179803,2
2.1707013969586297,0.4507697139555612,1
0.5139763303826358,0.5974989447903463,1
-1.168274343129423,-1.0374494391584703,3
0.46147793516064706,1.1706514237806696,1
1.7628377284984702,0.4811728847254429,2
0.6429997423118592,1.0555674004942994,1
1.9468159858683283,0.39718211525930425,1
2.77859484931936,-0.6421672310793544,2
1.2755919338852086,0.44608641897218826,1
1.1038752918835775,-0.14464348756163217,1
-1.0125030567206375,-1.986907946149921,3
-1.1051488608279796,-1.5895814844640719,3
2.272059068834318,0.09440772130014222,1
0.638389672764948,0.7810091242583382,1
0.03910090843371819,1.087373850346062,1
1.3318050805166455,0.25342524133706534,1
-0.3314155485911867,-1.4633025811781013,3
1.5088990200906274,0.7099461234380053,1
1.1931591346959454,-2.987086488716708,3
0.7907862966107684,-1.5719029912005602,3
0.0022549685358643143,1.0908744999483733,1
0.7976810049267756,0.7042653055972262,0
-1.0146911710880586,1.1897421954180045,6
-1.0215484999770148,1.1814351932838316,6
2.901300118413482,0.81414951631093,1
-1.1878913574718157,-2.5725270439840724,3
0.7450068800196724,0.6876344978674706,2
-0.8436970213559724,-0.8197634326480127,2
0.503385924791941,0.46949279792279314,1
0.3356754372196927,1.1027670564277423,1
0.579494198641151,0.9489909086994603,2
-1.2800736651920308,-0.9789664914097211,3
0.4116886238571882,0.6158234365916088,1
0.06096464208440503,0.3778168205017106,1
-1.1005391270439555,-1.354498339105928,3
-0.6862259731118545,-0.5859032816809231,3
-1.28890634117073,-2.030856933325898,3
-0.8940148202693132,-1.1962504037227966,3
-0.5421800154181873,-0.7991041908097848,3
-0.42854429588643284,0.525453140522939,6
0.17328981670478688,1.225497433279551,2
0.28013610817892315,0.7118798695514698,2
1.2451038428490435,0.9072919815962738,2
-0.346959820594839,0.40494916556616534,6
-0.8372550766641872,-1.6787530658832197,2
-0.8559132101558328,-1.6232672241797856,3
0.26005324961458354,0.8093880188562899,1
0.4343362103399385,0.45408469211761054,2
-0.3007140425129471,1.110742302090576,2
-0.1340407332325843,0.5223569848599058,2
-1.1324085633216474,-1.9252400632958977,3
-0.39849430762947685,-1.2128124333322994,2
2.9777544659913753,-0.1806886871303742,1
-1.0236329970768447,-1.1443421966804952,3
1.1839473712415898,0.086461381311675,1
1.918609510093204,0.07160522207405452,1
0.609357466097503,0.7929844512149663,1
1.1887382227673353,0.35191493716970107,1
4.351948774343792,-1.0323021866964752,5
0.5648616208339167,0.3912487691177386,1
0.22944754934803205,-1.6208471556512811,3
3.5391813231029823,-0.09067891556765012,5
-1.1837676202436385,-1.0264039315948366,3
-1.0133855661591193,-1.0838384616321706,0
0.17457721192622522,0.8455954694089932,2
-0.5751022046877777,-0.7324830876861377,3
-0.0221223409873221,-2.609845019847829,2
-1.1020600310990751,-0.755055932298028,3
-0.06562458262206075,1.1811889432417004,6
1.4269970757991228,0.5794781396082218,1
0.9669513463682111,0.926509915067442,1
0.3334479971814465,1.0443611682104497,2
-0.5960349475862502,1.1904573952054494,6
-0.9068841109964912,-0.7520348664655822,3
1.3612940527978632,0.5044760727771813,1
0.62574132144413,0.38789703207180065,1
0.16695081353754557,0.6496188912014498,1
-1.2779123976200664,-1.2581601249953995,3
1.3215496292768536,0.5624860007394925,1
-0.6959010104829916,-0.6783210821298458,2
-0.565980432545237,-0.7327103309327574,3
-0.692932501964272,0.6170250218221495,6
0.699334546598703,0.7835713622790919,1
1.5763799412074202,0.9731893739410411,1
1.0424386065821667,0.637970227437503,1
-1.1839635756138553,-1.3891156079862554,3
1.6694279363114088,0.4086805826733481,1
-0.11157421460052269,0.5585517950770859,1
-0.7676684541087639,-1.7403073559675806,3
0.770596639833544,0.8328716809478857,2
0.7262558386584815,0.38673482436747236,1
-0.008608226693038585,0.6639879252738083,6
1.525050141863664,-0.5025257519153854,1
1.810376064431596,1.398985465460609,1
0.43096156560542814,0.8984119224489323,1
0.48133192948679077,0.9092174703676968,1
-1.0563475975892338,-1.504802504114938,3
-1.095783529962064,-1.0874633324987497,3
1.1447256175575202,0.4804277348226362,1
2.1590151541864033,-0.43564964310592835,1
0.295452301878872,0.10916881215305113,1
-0.20757466526663804,0.322660675166059,6
-0.4455984414786107,0.3646938927633717,6
0.8356014960754482,0.5707145233521113,1
1.6777053725878452,0.5008006232464323,1
-0.10183043291151296,0.8669209154147979,6
-0.12205006060745104,0.811831960763208,6
3.3359409178979447,-1.2032497939353315,5
0.14460350526197702,1.0817661865135175,1
0.3785448925127482,1.0133105325357485,1
0.0909014906122152,0.5701726342848498,1
-1.0778169264998347,-1.565600963745337,3
1.1631809957002883,0.9621571824870093,1
0.4230287814694645,0.6717605420087447,2
-0.3605435706968919,0.8114709771458966,6
0.8412342102630328,0.4677897711437715,1
-0.21665573410403524,-2.2023373755701203,3
0.973382940736356,0.908425887143962,1
0.8294220399182386,0.5924575672825612,1
0.2726552101797432,0.8582320153133931,1
-0.04833526678888761,1.1625509448403855,6
1.0489238324734735,1.14618655563176,1
1.0498726281266437,0.5557614801632091,1
0.6021789961491393,1.21654340685515,1
-0.5160119088091842,-3.1860418538972253,3
0.9219261921519608,0.7505449707071289,0
5.442574907696473,-1.2210136563607819,5
0.32004340163268075,0.4157343081919077,1
0.021909597470682062,0.7230244280078953,1
0.9231654600755245,0.948332089214667,1
-0.7139592963401726,-1.2137459610781394,3
0.7584260581488117,0.31446203754781976,1
-0.8735347355532014,-1.806123445499373,3
1.9151009956740377,-0.6227813013594556,1
-0.9483270799284776,-1.5050235172072317,2
1.7073979449745693,0.12213081322535797,1
-1.1787852883157444,-0.8175571627166093,3
0.3186024140434063,0.1508485373650003,2
1.1405688993630636,-0.569803995633995,1
0.5829768070245401,0.9449079172705118,1
1.3780640101705308,0.8415542009188519,1
-0.9193105296831829,-1.5939173059944185,3
-0.2316010625965724,0.7493671294516622,6
1.546659986054307,0.008759122077413514,1
-0.8340144282532158,-1.5760432550358308,2
0.15954317819452501,0.6488889525424248,1
0.9792513374050265,0.866379016871306,1
-1.0514175567330302,-0.9393473530110479,2
-0.8327912612073307,-1.741587724102998,2
-0.7926295407588861,-0.893019003399219,3
0.0836577278311273,0.8138928772712719,1
-0.4074761224887629,0.8376242745273759,6
0.31795990627172516,1.2819232192327008,1
4.953489743499866,-0.8043175735977659,5
-0.9421578697046401,0.6667221355516839,6
0.3372404406095649,0.8199870484792334,1
0.9735430646392684,0.011687812023934763,0
0.43845744585576507,0.08838550749246539,1
-0.5720182755381847,0.9379240713351524,6
-1.0215484999770148,1.1814351932838316,6
0.8967144877394834,0.7754233280910623,2
-1.4649673810679558,-1.669208282157449,3
-1.0112290692128556,-1.5783943972357197,3
2.64409815592596,-0.36013768953559244,1
-1.1381061194358122,-1.5272005254087646,3
1.1798483103780841,0.6430943819350854,1
0.3507740006403501,0.36038170507754996,1
-1.5225765506402962,-1.1176583292286086,3
-0.08787980198748456,-0.17416457314727257,6
0.29084843294940865,0.46902690578498724,1
1.4864247164501647,0.3951508217319818,1
0.4223500581040776,0.3110291535755526,1
-0.888725428716933,-0.7016520195826779,3
-1.0201770341992236,1.1830965937106661,6
0.5371171823201027,0.4418189351454869,1
0.7270776887941842,1.0545690923850877,1
-1.4699634033305777,-1.6567302037087301,3
0.33426579218440394,0.6823650175396041,1
0.2837371704773247,0.6978278073951114,1
-1.0172851837614523,-0.408763980901192,3
0.09370582354574583,0.650541098516498,2
0.32236055533461416,0.6622772090926506,2
0.35363077791280256,1.1329474830595525,1
-0.7806207798718151,-2.7226376752613723,3
-1.0215484999770148,1.1814351932838316,6
-1.3016745192604091,-0.7757609675011374,3
0.8376625670825559,0.3201939578546096,1
0.6185144356374174,0.3039005550459534,1
0.18209411203411113,0.5188814194615222,1
-0.40570451999818374,1.0458719395267093,0
2.3776411159302757,0.4344448287402729,2
0.23289558053991138,0.06630449721266,1
-1.2466833367852317,-1.5814716576122727,3
-1.107000222095492,-1.6665405562536018,2
0.42155437223064207,1.072134917460757,1
-0.9102074515171277,-1.4593839494209957,3
-0.8781691852720753,-0.9547461199537437,3
5.55891290519873,-1.1326445428056895,5
0.39775759101547337,1.1962970019212342,1
1.29201043116191,1.019203747764258,1
-0.41216165026072316,0.9176116330982165,6
-0.5919205502528765,1.195441596485953,6
-0.9055126452187,-0.7503734660387475,3
-0.0865058295395677,0.5863142110228386,6
8.79959207315248,-2.6067056893621814,4
0.5258568446412203,0.9950176305774876,1
-1.389199999917975,-1.8403006410577436,3
1.9074317518855972,0.3811358255973453,1
0.9770038778314062,0.4058420006719836,1
0.8118395523639415,0.7854012847612167,1
-0.4389618987504258,0.5904422749869369,6
0.4887988468087198,0.8466935859503248,2
1.2801554133990205,1.0662554975196095,1
-1.0092053079768937,1.196387797125343,6
1.8895653757225275,0.6156496086959007,1
0.40940062272144684,-1.6536419829839275,2
-1.4304793068293455,-1.6478562253976519,3
-0.16527134360982979,-1.3534026053111667,3
1.3496412385357053,0.4352379298398312,1
-0.6911173172185626,-2.098416909508208,3
1.2507456561886647,0.5534743361985399,1
0.19285653224925384,0.9404703703563636,1
-0.6683681147804712,-1.4518271478454832,2
3.050298308500835,-0.22880083811450677,5
-1.0131149449197627,-1.988192386285586,3
-0.42201306292648993,-1.058228120008204,3
-0.7264170886495577,0.6960199180683576,6
-0.9570310189919387,-0.7468676369588585,2
-0.7655420998944859,0.505522675604598,6
2.2050268913885582,0.7589504266471111,1
-1.6688340698360324,0.47026189772985827,6
2.032403229359725,-0.3370063620974214,1
-1.0644392741009212,-0.7760337730255606,3
0.6568170321794359,0.622057531789033,1
2.219596182653725,0.2561847204878545,1
-0.8394468670556957,1.026881335044084,6
-0.5974064133640414,1.1887959947786146,6
0.5134178085996137,0.15254832161426377,2
1.2774297833004553,0.838422349136739,1
1.3045534846570837,0.5406707984208267,1
-0.08796221341422193,0.29490599828437436,6
0.5573251494746675,0.7053151780934274,1
-1.1250670855679321,-1.6635630313331426,3
0.026963680001694964,-2.174823380779818,0
0.9132107002571531,0.15808103979019147,1
-0.04546276526382539,0.898637846531887,6
-0.5101686397737194,0.7702583531652645,6
-0.2496607368548978,0.8597514731771045,6
-1.6896418389746846,-1.1497418650336304,3
0.08337511210803086,1.0934180853045052,1
-1.0215484999770148,1.1814351932838316,6
2.2537006812371185,0.3845119756189906,2
-0.09329734438182566,0.7331566520397128,1
0.45499181522192766,0.9214484752161246,1
-1.3541895754968893,-1.2888261917367023,3
-0.7179988002369645,1.1116885027299659,2
-0.8707317045084082,-1.0621452229939943,2
-0.5629309637314059,-1.9195261095448184,3
-0.233473681509124,-1.1799452552530016,3
-1.0145490609740349,-1.2858060088127745,3
3.6306616203924373,-0.292814530771283,5
0.11294118802333443,0.7524047848134777,1
-1.1282829604141404,-2.327735804125344,3
-1.10910366756744,-1.0360195199061932,3
-1.5211336382456109,-1.842260004471026,3
0.2822554706242817,0.8698618183012354,1
-0.5836917555861292,1.2054099990469607,6
0.40340649283781516,0.7929941640018956,1
-0.6001493449196238,1.1854731939249454,6
1.260143537120087,0.6107250204472092,1
-0.1686418980376505,0.3388870841580405,6
0.4701035490126034,1.1707131628535032,1
0.5044495552654172,0.8645918619929165,1
-0.45912415894161956,0.41180947177762,6
-0.7615256565026715,0.9151493561880135,6
-1.2836843861383098,-1.2513910275035547,3
-1.2663326089091085,-0.5789038685094305,3
1.2014412290870369,0.45615019282480024,1
-0.17305709620384915,0.43985831487935095,6
-1.3741143275503949,-1.6348340625889255,3
-1.2037481612166263,-0.6259294310896296,3
-0.6292807545727638,-0.6974720106201812,3
-0.33180915504260633,0.5258533707239313,6
-0.09471025861018804,0.40111676756482917,1
0.017754021881176765,0.7534363938954497,1
-0.5836917555861292,1.2054099990469607,6
0.6855470521597102,0.32423546181271123,1
0.435708269112917,0.8978375083502236,1
-1.1091733790702556,0.8395513984866121,6
-0.3814360899863299,0.8255379681409769,6
-1.273445956880289,1.0157034622752095,6
-1.0229199657548058,1.179773792856997,6
1.2854851895793895,1.179619283598359,2
-0.2565180657438539,0.8514444710429315,6
-0.07860359464727766,0.8603321773343471,1
-1.5251095494721436,-0.9525087699955469,3
2.5227970847783747,0.2050644854602535,2
0.1146949420946044,0.7893519488173288,1
-0.9610165159022931,-0.7218511408911255,3
-1.702666628096855,-1.2575139809078273,3
-0.9670772977269928,-1.6984061288007577,3
-1.3800644298847464,-1.126699825310917,2
-1.0617981476696357,-1.6486144368984643,2
-1.1105448448480468,0.8378899980597775,6
0.2910283508986078,0.7131627842209747,1
-0.8421897986112782,1.0235585341904148,6
-1.5043502336805388,-1.5068165324849676,3
-1.5479446529769119,-1.5357001949574638,2
-0.5919205502528765,1.195441596485953,6
-1.8623553123706762,-2.054753334507274,3
0.04017430510724025,0.7733907783548928,2
-0.8514535036966153,-0.8995536836634527,3
-0.7534501965073274,1.3749164611282199,6
2.9697603122550125,-0.03204293705245766,5
0.24593674463721135,-1.6867970774815602,2
-1.0201770341992236,1.1830965937106661,6
-1.1064304475146733,0.8428741993402813,6
-0.638083295084041,-1.8496693986792543,3
0.4266654296218921,1.0952739679226673,1
0.5337131505666795,0.3229487701799164,1
-1.5775983529739603,-1.0077816804215587,3
2.171225208094269,0.5341284578965233,1
0.7464870225263766,1.308770244603858,1
0.5621553391592865,1.150948860054667,1
0.11321237937021113,0.7974495693237668,1
-1.5803412845295428,-1.011104481275228,3
1.7837511041369762,0.5862468719909157,1
1.1241616935065564,0.7998632940549948,2
-0.6001493449196238,1.1854731939249454,6
0.23159506665724897,1.0042865406307007,1
0.4095346641968162,0.7569853016557341,1
-1.364351144381102,-1.0031124185817362,3
-0.31708262839727347,0.8598684185787416,6
-0.8502333993233335,0.7698808617937516,6
-0.28449363818887796,0.5043392141683539,6
-1.3326455942712228,-1.1085245673681199,3
0.24232823539997242,0.7833526282505452,2
-0.22797121527890138,1.0454172477314614,6
-0.6232412816300932,-2.0926160016189512,3
-0.23452376898843275,0.6701068771499724,6
3.374359710516223,-0.29404020602689407,5
-1.0248193066026954,-0.915160327950704,2
-1.0336447161086992,-0.6064973748808212,3
-1.1146592421814205,0.8329057967792737,6
-1.5227630963307635,-1.394408680421828,3
-0.7616789911740747,1.3649480585672122,6
-1.1323349989605567,-1.2607538132995137,3
-0.7671648542852395,1.3583024568598738,6
0.7421959470049525,1.0510293196074023,1
-0.7924530508727391,-0.9275402340884041,3
-0.7610666500147145,-0.559291000884573,3
1.6258767706965156,1.1959295906267553,2
-0.67069557215076,-0.9874972397891691,3
-1.8012053976865614,-1.0175517615089305,3
-0.6630185552823773,-0.6786824836911539,3
-1.3664547086653662,-1.2160869229452065,3
0.5055369143425097,0.8570507353072262,1
0.4824133353953103,0.14447087645588702,1
-0.5162023805921022,0.4242223359238952,6
-0.6165597720498,0.5501892869475881,6
-0.28666937358802025,0.8793175686616822,6
1.2686289861505087,1.1627030048058262,1
-0.26337539463280996,0.8431374689087585,6
-0.8488982086180453,-0.5799318434092855,3
-1.4693702869801395,-2.0679948920719653,3
0.6062783331789295,1.126444581257297,1
-0.43039090399842567,1.0159667318436865,6
0.14181504764439445,1.2482303945302147,1
0.18004533800632977,1.2536317276361568,1
-0.956044232784127,-1.0339720809233113,2
0.9484484320872484,0.7375895967137193,1
-1.2581038142423613,-0.568935465948423,3
-0.7641009226138789,-1.3683868423613728,3
-0.7696564972278594,0.5005384743240942,6
-0.8517900590558167,1.0119287312025724,6
-1.5204718237527244,-1.4460777910476292,3
-0.5925760571105544,-0.7928485218381505,3
-1.797448537423494,0.6896103726161553,0
0.2650403351363668,0.6476164471826317,1
-1.3264789382359352,-1.2299514443466397,3
-1.3855488479956894,-1.5864701596499151,3
-1.1906293278189628,-1.545024254925098,2
0.351383252888253,0.5850522732950774,1
-1.6306898898650788,-2.0568224986235637,3
-1.7516872934739847,-0.6568889511384083,2
-1.6945764497555116,-1.3514479827722081,3
-1.2372705833389064,-1.0788286160172726,3
0.6238077075817863,0.9783137494913335,1
-1.165117947673701,-1.0454473352119058,3
-2.0319220749915843,-0.5588984533283542,3
-1.2339042527583217,-0.9901450309665104,3
-0.6738028234678712,0.8523906716823213,6
-1.1393029465358244,-0.8123070249789236,3
-1.2815399220354022,-0.9325708250531582,3
-0.3227796233327202,-1.593234557924882,3
-0.21478549618045362,0.6276810176138535,2
-0.39870314607088087,0.630778766869458,6
0.7006165471544219,0.7417083836594593,1
-0.7790818843247515,-0.8087054797253961,3
-0.4065893423613472,0.8505982950463878,6
-1.3069630351574322,-1.1226743629843325,3
-1.111916310625838,0.8362285976329429,6
-1.0620098024247107,-1.1907131176492636,3
-0.8674508914069425,-0.8809474680595591,3
-1.1078019132924646,0.8412127989134467,6
-1.2123935790673448,-1.0215366744900005,3
3.0244517439135694,-0.16605262749754635,5
-1.2577561108497806,-0.8678182792421182,3
0.36955591588334535,0.8592097771929335,1
-1.0146911710880586,1.1897421954180045,6
-0.292531348460024,0.7410696528446568,2
-1.6051198183955808,-0.7180114182660648,3
-1.126511121212789,-1.1484642847640973,3
2.9892327552339704,-0.29583375819698177,5
-0.5987778791418326,1.1871345943517801,6
-0.28449363818887796,0.5043392141683539,6
-0.32951102063440957,0.3201920683476493,6
-0.15485078685617115,0.5944418415147827,0
0.07575705971770501,0.7961359411217743,2
-0.2982229494975471,1.0609470082254953,6
1.7827351546889019,-0.17547749186184874,1
-1.1979627969634272,-1.2812536835506647,2
-0.6053889864265585,-1.7240168130319022,3
-1.263559744930809,-1.3775030092019387,3
-1.2727563787962841,-0.6484930214856106,3
-0.98979517774767,-0.9227360698599164,3
-1.8344781134238568,0.6447525610916212,6
-1.1091733790702556,0.8395513984866121,6
-0.875946213450567,-1.9216504163491195,3
-1.0990444469202691,-2.0989646494870238,3
-0.5987778791418326,1.1871345943517801,6
0.3107363044245495,0.6662004811622388,1
-0.3482420679422258,0.4202059832094038,6
-1.1041645548699484,-1.2618772446190394,3
-1.2330757915808892,-1.1953834496341995,3
-0.9021151115896898,-1.0616264191581846,2
1.5225944702002583,1.0018998628320297,1
-0.7568858723283607,-1.4625198927992464,2
3.648358951933259,-0.27887224170150793,5
-1.8385925107572305,0.6397683598111173,6
-1.111916310625838,0.8362285976329429,6
-1.2837281050186138,-0.6617842249002873,3
0.32427465170198655,0.6782232942394878,1
0.7392155075016454,0.8582841713550381,1
-0.8856128768182226,-2.416099953130962,3
-1.2816747515470361,1.0057350597142019,6
0.15881062291693707,0.7823891818683493,1
-1.6682817689574523,-0.7715026102156048,3
-0.5317334559742672,-2.010549179636672,3
2.0148192938933276,0.20086107686627527,1
-0.11186590466475847,-1.6292616873556194,2
1.4315675280257159,0.9784161504970159,2
-1.2213527600609155,-1.0141190938272497,3
-0.684774549690201,0.8390994682676445,6
-1.38343189526125,-1.257961722708627,3
-1.7066339230985297,-1.7293050736139355,3
-0.012685611906917266,0.6759607283422838,6
-0.4843333428139495,0.967496550113109,6
0.10733158877007226,0.8656659498710921,2
0.607503008621933,0.8718729051068764,1
-0.5891776186972941,1.1987643973396223,6
0.16380998347243284,0.3783180009918186,1
2.3101755391370746,0.09893236792990992,1
-0.6753452532677743,0.9906906982179274,6
-1.5852010740268463,-1.2128514861440374,3
0.717671440092987,0.7803233331582153,1
0.599783993975243,1.0850458442558053,1
-0.5987778791418326,1.1871345943517801,6
-1.1697376631379743,-0.9096256248081112,3
0.5950281240865062,0.6466548664565908,1
-1.218232234576034,-1.0144964087104285,3
-0.5512724976798943,-1.8979329813599333,3
0.8254275723465411,0.06550082636008822,1
-1.1004714174958592,-1.9090134082074754,3
0.42052664405875906,0.2920481593314928,1
0.37810759057997084,0.9352832921013807,1
-1.3656588917994974,-1.605898157850983,3
-1.11341180507744,-1.6272921193929686,3
-1.0259852510801133,-1.604125180411156,3
-1.024291431532597,1.1781123924301624,6
-0.08270534137277678,0.9766609687841421,6
-0.3119452319256349,1.0564609367633566,6
-1.2233200262666573,-1.5594837644304258,3
1.1278311823532785,1.4349921105009142,1
0.5791899237015506,0.8972380687882133,1
0.9220805073349917,0.6669886588891184,1
-1.2815101756537013,1.0059344277654219,6
-1.246655258584256,-0.5898766888346447,3
-1.201005229661044,-0.6226066302359603,3
-1.3385628828987972,-0.9366526888693448,3
-0.7589360596184922,1.3682708594208814,6
-0.5974064133640414,1.1887959947786146,6
-1.1996403265081574,0.2260245438142297,2
-0.8654338744410526,0.7832086830497392,6
1.5929855731193057,0.6694846126743307,1
-0.5631911896879636,1.0017298386098787,6
-0.06986461372717316,0.8993813958760073,6
-0.9694503180583033,-2.5919288436939403,3
-0.425647317020421,0.8563611224643796,6
-1.4344641428659277,-1.3668967623305335,3
-0.6111609973491108,-0.6324896837891376,3
-1.2844176831026186,1.0024122588605326,6
-0.5955709740890515,-1.4420417004936685,3
-0.34424683687268937,0.8822476304741869,6
-1.4146972409417182,-1.1855951446369908,3
-0.37158181431873266,-0.6268050298210369,0
-1.458754956309388,-1.632100502514418,3
-1.0731446366411725,-1.0878117129771132,2
-1.3425009069898457,-2.6099137132381016,3
-1.1091733790702556,0.8395513984866121,6
0.12783978644895877,0.7392890727426147,1
2.2547671658974684,0.14919201722375885,2
-0.16344482006348468,0.5628456485071792,6
-1.3537220165350532,-1.2196091459049965,3
0.5481498931297839,0.707321857550123,1
-0.34251473629222223,0.5034093449587956,6
-0.8772993779464017,-0.49407461919924617,3
-1.017434102643641,1.1864193945643353,6
-1.0929312694538371,-1.0032147573963601,2
-1.6582310100330142,-1.5664348086107724,3
-1.111916310625838,0.8362285976329429,6
-1.4126997015500655,-1.3790351473716271,3
-1.0540665261937303,-1.413543933827748,3
-0.9414296942446391,-2.3485456685675623,3
-1.0994604842831015,-1.145914315653457,3
-1.2789318199914537,1.009057860567871,6
-1.1091733790702556,0.8395513984866121,6
-1.2844176831026186,1.0024122588605326,6
-0.34054608877823794,0.8186827755874809,6
-0.7284046570577518,0.8942566069468201,6
-1.1856714237566746,-1.0833308885190494,3
-0.2743870470622968,-0.9748254088053248,3
2.8229447943570833,0.09582952885233277,2
-0.9802543645311985,-1.2112404427832635,3
0.6531298180388743,1.1052823408323205,1
0.08118088817654104,-1.4777564390523532,3
-0.8408943387459202,-1.6520899979310975,3
-1.708953215050439,-0.8499929785345715,3
-0.3020855082907383,1.1090809016637413,2
1.2951673174046987,0.9392198340145407,1
0.11021810540803151,1.4805803322963145,6
-1.2246958542192912,-1.010898389462002,3
-0.720741731792547,1.1083657018762967,2
-1.5816948306218495,-1.013942515505655,3
-1.0601215948811513,-0.9828534113821722,3
-1.352969943029052,-1.9453981569154293,3
-1.549781820781591,-0.74402479963922,3
-1.4125680257526698,-1.5071620786038276,3
-1.5936550755936356,-0.9049291093737132,3
-1.2055401079925205,-2.3722321625375575,3
-0.46772955187856285,1.2835715650255042,2
0.40123131862879946,0.4822422598038753,1
-1.556639149670547,-0.7523318017733931,3
-0.07146509297516482,-1.883392281993609,3
-1.3776651278747898,-1.1989743052580972,3
-0.7411980748262881,0.7139572841829842,6
-1.5992666025196487,-1.4070167564886025,3
0.6711610260640177,0.9423634020629156,2
-0.2389891147358351,0.9156233099008272,2
-0.6357399287517739,0.573008931724706,6
-1.8746205714593296,-2.5578054734477575,3
-0.8179668713303264,0.7548521040912349,2
-1.7293982922091886,-1.521913002487904,3
-1.6783841843642713,-1.5309444628202586,3
-0.9366720065934753,0.6733677372590223,6
-1.2857891488804098,1.000750858433698,6
-0.4497750221804781,0.9575314944967517,6
-1.7149507199727019,-1.337658419086838,3
-1.0870580808772465,-1.166287953422478,3
0.1482331071065585,0.3830710128060832,1
-1.4506998955039259,-1.0785617645686267,3
-1.4115765032431908,-1.8983098622405978,3
-1.3954967200526411,-1.1623355386613063,3
-1.5775983529739603,-1.0077816804215587,3
-1.762082655978872,-1.9485938784430241,3
-1.098201652847926,0.8528426019012889,6
-0.726039599359969,-1.2993343677689864,0
-1.6699239801549988,-0.8523524144862902,3
-1.516623745910506,-1.8520403033969126,3
-1.793456530308662,-1.2817336470846954,3
-0.2817507066332955,0.5076620150220231,6
-0.26775582422376426,0.49016384956473386,6
-0.928443211926728,0.6833361398200299,6
-1.2761888884358714,1.0123806614215403,6
-1.6868989074191023,-1.1464190641799612,3
-0.06956693155732586,1.0460162804958308,6
-1.4873147725039781,-1.9312661809212037,3
-1.1818996247995819,-1.3081346179764828,3
-1.3415524047299217,-2.007532747209145,3
-1.1567504562084139,-1.1599382581103346,2
0.12761796409231663,0.3554022658344512,1
-1.7048862659591209,-2.146205899126702,3
-1.111916310625838,0.8362285976329429,6
-1.1146592421814205,0.8329057967792737,6
-0.9298146777045192,0.6816747393931953,6
-0.9435293354824313,0.6650607351248493,6
-1.547935210607086,-1.510487682021766,3
-1.1091733790702556,0.8395513984866121,6
-2.173995615423598,-2.8752115409496835,3
-0.798952710273443,0.7267376038893217,6
-1.5501665003515706,-1.0327906440305075,3
-1.7554089024027688,-2.769669536085756,3
-1.2775603542136627,1.0107192609947055,6
-1.287160614658201,0.9990894580068636,6
-1.2844176831026186,1.0024122588605326,6
-0.9394149381490576,0.6700449364053531,6
-0.8364646829712681,0.7573521760931583,6
-0.9449008012602226,0.6633993346980147,6
-1.2844176831026186,1.0024122588605326,6
-1.1160307079592118,0.8312443963524391,6
-1.2844176831026186,1.0024122588605326,6
-1.2761888884358714,1.0123806614215403,6
-0.9394149381490576,0.6700449364053531,6
-0.9435293354824313,0.6650607351248493,6
-1.8594002798958826,-0.9802354029523713,3
-1.176390395891505,-1.148985881350237,2
-1.1949426678384938,-2.1738613957786823,3
-1.4976088449349247,-1.0621063826922155,3
-1.1146592421814205,0.8329057967792737,6
-1.2830462173248274,1.0040736592873671,6
-0.6454654988535458,0.5886684428636451,2
-1.2830462173248274,1.0040736592873671,6
-1.7500997254507409,-0.8415980191939688,3
-1.862143211451465,-0.9835582038060405,3
-1.2816747515470361,1.0057350597142019,6
-1.1132877764036293,0.8345671972061083,6
-1.0817440635144313,0.8727794070233041,0
-1.248759572880047,1.0456086699582323,0
-1.0872299266255963,0.8661338053159657,0
-1.248759572880047,1.0456086699582323,0
-1.0844869950700138,0.8694566061696349,0
-1.0844869950700138,0.8694566061696349,0
-0.8152239397747439,0.7581749049449041,2
-1.1091733790702556,0.8395513984866121,6
-0.6276364437422599,0.6102666484124949,2
-0.8069951451079966,0.7681433075059118,2
-0.8124810082191615,0.7614977057985733,2
-0.9630389282512827,0.9542637738555168,2
-1.2775603542136627,1.0107192609947055,6
-1.2569883675467943,1.0356402673972247,0
-1.1009445844035084,0.8495198010476197,6
-1.2569883675467943,1.0356402673972247,0
-1.280303285769245,1.0073964601410363,6
-1.115207828492537,0.8322412366085399,6
-1.117402173737003,0.8295829959256045,6
-0.8152239397747439,0.7581749049449041,2
-0.8207098028859088,0.7515293032375657,2
-1.2830462173248274,1.0040736592873671,6
-0.7751423603390244,0.4938928726167557,6
-1.1160307079592118,0.8312443963524391,6
-1.8731353602927159,-0.74169611882429,3
-0.8759177976981951,-0.7668716487527755,3
-1.7473567938951584,-0.8382752183402996,3
-1.2761888884358714,1.0123806614215403,6
-1.2816747515470361,1.0057350597142019,6
-0.9877253122515246,0.9243585661724939,2
0.3624585254977199,0.5469437814426285,2
-0.29517544993677686,0.46080084451509984,2
-0.9890967780293158,0.9226971657456593,2
-1.2707030253247065,1.0190262631288787,6
-0.928443211926728,0.6833361398200299,6
-1.2911120503789617,-2.934799279756072,3
-1.7624245493190684,-1.4743837839834486,3
-1.6847784728612951,-1.3011076096964767,0
-0.7424784702849976,1.3882076645428967,0
-1.267960093769124,1.0223490639825479,6
0.23703529505155865,1.1816782799661643,1
1.3137154639372632,0.4170783992803844,1
0.9107870782910724,0.3039219411532696,1
0.20518796945536685,1.210604471014871,1
-1.0603646986132236,-1.4151515020858854,3
-1.093552803091667,-3.496512052360279,3
-0.7534501965073274,1.3749164611282199,6
3.0256606158954944,-0.7851788533161409,5
0.29648657784347343,1.1162124927900086,1
-0.17867465143085304,1.0543372084693514,6
-1.2707030253247065,1.0190262631288787,6
0.26335397666514615,1.0724152038325974,1
-0.6244919520962445,0.6849025014328459,6
-0.594663481808459,1.1921187956322838,6
-0.43039090399842567,1.0159667318436865,6
-1.6391644639959777,-0.809576641205982,3
-0.9994507102230419,-0.60857439157598,3
-1.190040066063619,0.23765434680207187,2
-1.8690209629593422,-0.7367119175437863,3
-0.5919205502528765,1.195441596485953,6
-0.35219495438062304,-0.9315618075507796,3
-1.1637758497223774,-1.9868928691565122,3
-1.786658928468106,-1.4151072270124363,3
-0.17049751256646656,0.9186824241529723,6
-1.7809970328540448,-0.39210076266450855,3
-1.1091733790702556,0.8395513984866121,6
-1.2238000299315455,-1.971439364533707,2
0.16216204038697357,0.5713624978562812,1
0.24399944007978955,0.8097138675993923,1
-0.6187326015592169,-1.750772899407017,2
-1.272113010243295,1.0081641300162563,6
-1.152376719183234,-1.449031583265025,3
-0.7015896339263664,-0.9738562026694592,2
-0.13718374083607415,0.7683390272153332,2
-0.8449327301668605,1.0202357333367456,6
0.28582484879359377,0.6215068871629045,1
-0.8670886837467398,-1.9572955415076874,3
3.2740541320386494,-0.06756193747557057,5
-1.7228565371493447,-1.4921045613672745,3
-1.2628678254119596,1.0236427067870901,6
-0.7644219227296571,1.361625257713543,6
-1.086707880477417,-0.841643207205748,3
-1.2495273161830331,-0.8578498766811106,3
-0.5136446429912116,0.6712544066132201,6
-1.6493862878553545,-2.055068004146035,3
-1.8303637160904833,0.6497367623721249,6
-0.677917220801245,0.8474064704018175,6
-1.2816747515470361,1.0057350597142019,6
2.9943685551210293,0.29536274056027145,1
0.291376838906681,0.6402490217665496,0
2.902737225743175,-0.09519260903011163,1
0.09534200809866329,0.527384150721925,6
-0.5919205502528765,1.195441596485953,6
1.9383566371846783,0.050406034831742746,1
0.3193941548807987,0.5714301658345243,1
1.992052727433303,0.40028644419431864,1
-0.2565180657438539,0.8514444710429315,6
0.6751545983094108,0.5949309050352749,1
1.070837631450834,0.6053607512246225,2
-0.7729521904340337,-0.9039918237244332,3
-1.210840022205486,-1.7725413091971938,3
0.35445713761107445,1.1276434426425308,1
-0.7644219227296571,1.361625257713543,6
1.113665260325817,0.7552373805642448,1
-0.42216210933167836,1.025935134404694,6
-0.41393331466493105,1.0359035369657017,6
-0.003799234261892376,0.8601538003240984,6
1.0352458971890357,0.41123460586312,2
-0.7536373179829411,-0.912335443699917,3
-0.594663481808459,1.1921187956322838,6
-1.2346644694409914,-0.6842955737306988,3
-0.5960349475862502,1.1904573952054494,6
-0.5372481944153326,0.839554465532055,6
-0.024959343320880328,0.7481016306470872,1
0.4717009455301606,1.1013518027752667,1
-0.11583002456277684,0.8059438884598351,6
-0.40073078073896673,-1.6129189367546783,2
-0.46215275589526816,-1.8629770635648253,2
-1.4534152208983215,-0.9614885669870393,3
-0.42138446771832716,-0.8736625821713541,3
0.17856564858453883,0.9799426049273134,1
-1.2105878943243273,-1.4927268515620062,3
0.4263834554194903,0.9349455003613534,1
-1.4578501741538445,-1.8314414994197201,3
-0.6751742892456625,0.8507292712554867,6
-0.5974064133640414,1.1887959947786146,6
-0.7671648542852395,1.3583024568598738,6
-0.3565304148988304,-1.1237183129842607,3
-1.5149027331452152,-2.1212156480876585,3
-1.2704195214546177,-2.572876498171369,3
-0.9795301159461837,-1.4920264192709924,3
-0.9401771383336504,-1.7769148673643596,3
-1.5551130542905773,-0.8950561450229634,3
-0.6669454945789152,0.8606976738164943,6
-1.0521047124047778,-0.8730716364887867,3
-0.7366318509422285,-0.553008223043871,3
-0.8463041959446518,1.0185743329099108,6
-0.5809488240305468,1.2087327999006299,6
-0.46224368876739796,1.2902171667328426,2
-0.5932920160306677,1.1937801960591186,6
-0.5974064133640414,1.1887959947786146,6
-0.2469178052993154,0.8630742740307737,6
-0.6806601523568273,0.8440836695481483,6
0.2044468829172736,0.5972387145662954,2
0.3216986491102011,0.6088277210869203,1
-0.8477072808350288,-1.9650456429407999,2
-0.29797111095736467,1.1140651029442452,2
-0.845831406195988,-0.9679215018141023,3
-0.3781134395658851,0.7452533812674108,6
-1.0201770341992236,1.1830965937106661,6
-0.7644219227296571,1.361625257713543,6
-0.47047248343414527,1.280248764171835,2
-0.5974064133640414,1.1887959947786146,6
-0.7644219227296571,1.361625257713543,6
-0.4276479724428432,1.0192895326973557,6
-0.42901943822063443,1.0176281322705212,6
-0.7534501965073274,1.3749164611282199,6
-0.4718439492119365,1.2785873637450005,2
-0.43039090399842567,1.0159667318436865,6
-0.769907785840822,1.3549796560062046,6
-0.8772892634759863,-0.7685330491796101,3
-1.614484931834907,-1.0809578463338172,3
-0.6806601523568273,0.8440836695481483,6
-0.5919205502528765,1.195441596485953,6
-0.46772955187856285,1.2835715650255042,2
-0.39473279377585396,1.0591631429413861,0
-0.07167350126695231,0.7002134136568532,6
-0.5987778791418326,1.1871345943517801,6
-1.1257123298827736,-1.6930432935672621,3
-0.9068841109964912,-0.7520348664655822,3
-1.329317187993636,0.13124897356734036,6
-0.6001493449196238,1.1854731939249454,6
-0.594663481808459,1.1921187956322838,6
-1.0229199657548058,1.179773792856997,6
-1.835849579201648,0.6430911606647866,6
-0.847675661722443,1.0169129324830763,6
-0.5809488240305468,1.2087327999006299,6
-0.1172409438138368,0.9578498442776632,2
-0.7671648542852395,1.3583024568598738,6
-0.5863521513947054,1.1916042258955075,6
-0.4276479724428432,1.0192895326973557,6
-0.29172756603755284,-0.9977282899561164,2
-0.1489571467920483,0.821964807636692,6
-1.3262966456675707,-1.0388945272617078,3
-0.9625168821031034,-0.7535132386661969,2
-0.9421578697046401,0.6667221355516839,6
-0.5987778791418326,1.1871345943517801,6
1.0282587157900398,0.6517599222460199,0
0.3306700195518032,0.789530831218337,1
-1.3625486196128496,-1.5386448507605248,0
-0.1581372793236495,0.628627463019649,6
-0.7490494076196541,0.8984885122957985,6
-1.3105632173254356,-1.4394999132480948,3
-0.8517900590558167,1.0119287312025724,6
-0.8740641181961327,1.0075832087760777,6
-1.3479892986837176,-1.615733459063205,3
-1.3619933268598614,-0.7008863608692552,3
-1.111916310625838,0.8362285976329429,6
-1.0717633574087493,-0.8621090379461308,3
-1.1490946806480735,0.11517913394924506,6
-1.010576773754685,1.1947263966985084,6
-1.330593335569309,-1.2349356456271436,3
-1.620458336425124,-0.9090553024873677,3
-0.3970268448035888,-0.8290779800853978,3
1.0432623540867108,0.3251859490600617,1
-0.949386797923558,-1.2827755479436158,2
-0.3205468420052994,-0.9394671388043033,3
-0.2592609972994363,0.8481216701892623,6
-0.43039090399842567,1.0159667318436865,6
-0.426276506665052,1.0209509331241904,6
-1.0996116377665144,0.8419804687886667,6
-0.769907785840822,1.3549796560062046,6
-1.1860274699130875,-0.4875593966534735,3
-1.725413341450499,-0.811692811510946,0
-1.280303285769245,1.0073964601410363,6
-1.2936889528510058,-1.4319208823835847,3
-0.42901943822063443,1.0176281322705212,6
-0.7671648542852395,1.3583024568598738,6
-1.251544767171615,-2.0597869726417253,3
-0.7671648542852395,1.3583024568598738,6
-1.267960093769124,1.0223490639825479,6
0.25539806668133713,1.1981360023506773,0
0.8895801286343246,0.413896919329274,0
0.4372405916408756,0.6177546173538941,2
-0.6398543260851475,0.5680247304442022,6
-0.43106948100270304,0.65122969422532,6
-0.11907961743806056,0.6819305204200221,6
-1.7957195345753967,-1.010906159801592,3
-1.1146592421814205,0.8329057967792737,6
-1.0587862254960922,-1.0004209821610586,2
-1.1078019132924646,0.8412127989134467,6
-1.0642720886072572,-1.007066583868397,2
-1.5320943661573407,-0.7611678295259335,3
-1.111916310625838,0.8362285976329429,6
-1.287160614658201,0.9990894580068636,6
-0.539416469594871,0.8176376952985777,6
-1.669488057603017,-1.3557343142598512,3
-1.4381043090299652,-0.890840681200993,3
-1.2789318199914537,1.009057860567871,6
-1.111916310625838,0.8362285976329429,6
-1.1105448448480468,0.8378899980597775,6
-1.111916310625838,0.8362285976329429,6
-0.9617251971152171,-0.4373169713964884,3
-1.238778866774365,-0.6892797750112025,3
1.2392537420312058,0.7758657397195164,1
-0.7685363200630307,1.3566410564330391,6
0.09751659456996502,-1.1698098590920785,2
-0.5788002716372128,-2.208277239751637,3
-1.2274220265176932,-0.974891828455337,3
-1.1158958784475776,-1.107061488414921,3
-1.352818109719098,-1.2871647913098676,3
-0.5836917555861292,1.2054099990469607,6
-0.8531615248336079,1.010267330775738,6
-1.221800464447845,-0.6207173970717295,3
0.307961642248677,0.6369716671284938,1
-0.5653938172587847,-2.928740619591175,3
-1.4237528403125,-2.2902107522561046,3
0.9136099830499927,-0.04369927646864938,1
-0.9412516422576949,-2.244275983492999,3
-0.5991146607999611,0.5501699238324,6
-0.23834599005685592,0.46408244144363736,6
-0.08406279388089752,0.3056197580084147,6
-1.7358898412166268,-1.2701713577381666,0
-0.9147285541488157,0.699950144088376,0
-1.262474230657959,1.0289946656898863,6
-1.0790011319588488,0.8761022078769733,0
-0.9147285541488157,0.699950144088376,0
1.2112988811078038,0.6613625412498335,1
0.8129167897856786,0.369628439936834,1
0.38741733719507987,0.8918493606496286,1
-1.284894722013476,-1.105661985952457,3
-0.38477337788198185,0.5602278840648058,6
-0.7198769965117154,0.7214820855791866,6
-1.2614885392198107,-1.052040141148079,3
-0.3343246984625814,0.3422737193873008,6
-0.6832178899577179,0.5970515988588234,6
-1.9153862334813767,-1.8076696504455572,3
0.18888521313908965,0.9071520750311024,1
-1.834283264597051,-2.58986597643125,3
-1.144551033758189,-1.5236127279428964,3
-1.4060029760527746,-0.802354022857441,3
-0.3276461746341653,0.4039070496192159,6
-1.4608339327615494,-1.9338857141195698,3
-1.6896418389746846,-1.1497418650336304,3
-1.5546081134423062,-1.2105024377069002,3
-1.1702339618999327,-0.9455365889243595,2
-1.3943254004424042,-1.31924723195364,3
-0.7879809840511132,0.7400288073039986,6
-1.708953215050439,-0.8499929785345715,3
-0.928443211926728,0.6833361398200299,6
-1.1064304475146733,0.8428741993402813,6
-1.8182724748164614,-0.988620140510416,3
-1.2830462173248274,1.0040736592873671,6
-1.2761888884358714,1.0123806614215403,6
-1.267960093769124,1.0223490639825479,6
-0.9064997594820683,0.7099185466493836,0
-1.8417926661294304,-2.1425457530363854,3
-1.6484978656409481,-1.0998998522285925,0
-1.1009445844035084,0.8495198010476197,6
-1.2761888884358714,1.0123806614215403,6
-1.1091733790702556,0.8395513984866121,6
-0.9287264078741241,0.8233588974778194,6
-1.1064304475146733,0.8428741993402813,6
-1.280303285769245,1.0073964601410363,6
-1.2597312991023768,1.0323174665435555,6
-1.1105448448480468,0.8378899980597775,6
-0.7586847710055298,0.513829677738771,6
-1.7706393986280364,-2.705351683957143,3
-1.3609644594583514,-0.929012891180358,3
-1.1036875159590909,0.8461970001939505,6
-1.2816747515470361,1.0057350597142019,6
0.21130421180622966,0.6055457167004684,2
-0.12546973848058413,0.9478814417166556,2
6.972394381905808,-1.46698741652138,5
3.569517845175323,0.19655827095065456,5
2.2519135344772625,1.2593122496514426,1
3.859519711688993,-0.9501319499586524,5
0.9535896541314299,0.8632832247981275,1
0.48113648123205655,0.7147549980491342,1
1.4954620604182165,-0.01934182288443094,1
-1.248126698270077,-1.7469549567102696,3
0.870190183011329,0.5304216744716771,1
0.11782258364274377,-1.5701763692833006,2
-1.7145696075265726,-2.616131902330716,3
-1.501266307751621,-1.7232396236736625,3
-0.8874279326315081,-1.2596946248875767,2
-0.42216210933167836,1.025935134404694,6
-1.4458124998454354,-0.7564187612645609,3
-0.7589360596184922,1.3682708594208814,6
-1.5134241135807045,-1.519427603324127,3
-1.363427329179035,-1.0962069506379515,3
-0.7630504569518659,1.3632866581403775,6
-0.7685363200630307,1.3566410564330391,6
-0.4180477119983047,1.030919335685198,6
-0.757564593840701,1.369932259847716,6
-0.7671648542852395,1.3583024568598738,6
-0.7671648542852395,1.3583024568598738,6
-0.7589360596184922,1.3682708594208814,6
0.211005606146024,1.025712591254248,1
-1.6389397843963054,-2.1828599583261568,3
-1.0146911710880586,1.1897421954180045,6
-1.6244519720777133,-0.9925233759138561,3
-0.6806601523568273,0.8440836695481483,6
-1.8303637160904833,0.6497367623721249,6
-1.0078338421991024,1.1980491975521776,6
-1.0146911710880586,1.1897421954180045,6
-0.7671648542852395,1.3583024568598738,6
0.2615461232276072,0.9089251471678765,0
0.29993858782837146,0.8516743991610428,1
5.09697426379293,-0.9963450385293878,5
0.3233123860282206,0.4067136180143025,1
0.8834965677727834,0.7248426624187657,1
1.9135697766266244,0.11351027201918333,1
3.228776098248141,0.2877700574108797,5
1.3602012773853127,0.929300172067695,1
5.188232301140153,-0.16791967637976163,5
-1.423896488519464,-1.8100635942013241,3
4.030619236129005,0.001911877957643336,5
2.271574502585128,0.8442613738480907,1
2.65817733037142,0.28021943132097404,1
3.5049150857311835,-0.37681211121925684,5
-0.277901446647394,1.3808937240212922,6
1.8013365547293967,0.8817240496436944,1
2.327250671723532,0.5435213874422858,1
4.90422146020047,-0.8355143147513867,5
1.036011186966661,1.2525461797313344,1
0.2839643986140938,1.0772108771292983,1
-0.2751585150918116,1.3842165248749614,6
0.28953994832968566,1.1418533423780435,1
0.5018052991871284,-1.6114924475572183,3
0.5816410632186104,1.371020662028385,1
-0.37026247728495587,-1.372285521367879,2
-0.5243972829246055,-1.9696587121773947,2
-0.6039775597772463,-1.0198426397685378,3
0.24891503816724087,0.3683108611467938,1
-1.854701334280994,-1.600617702159644,3
0.06435836675058455,1.0452036007124432,6
-0.7745683176292798,-0.9572050593871552,2
0.38970849115710215,-0.9787547694015558,3
2.6422482022776808,1.2695647914322261,1
2.606036676591711,0.0010912297514835624,1
1.3980945420368427,1.3326559549540407,2
2.927167479840147,0.06905894499751135,1
0.4264020984526375,0.6138191465220831,1
0.625441547894596,0.5588690380659096,1
1.5175204419049257,0.9956419771715657,1
0.15561850378746764,-1.1075430300097018,2
2.562167377278401,0.8877586220383069,1
0.08858897591361128,1.1637697508929006,1
0.14647746419525137,-1.7402269015060798,3
0.6516670883510476,1.3418220383671378,1
-0.48203483915461415,-1.5948754869665198,3
1.3017708238034158,0.9061671032426639,1
0.9910099337847893,0.709199322516025,1
1.5545497837055444,0.5776987023611999,2
0.6657174346659024,1.0837623316633358,1
5.625521878580391,-1.6367574420619677,5
2.1205080665513107,0.7809593648872966,1
0.4619040721415033,1.0409137765672172,1
0.9400409485836917,0.924206116171912,1
0.4985524771739698,1.1730540676287073,1
0.5279637778705704,1.2644782606806384,0
0.027418930896015107,0.8910242499215603,1
-0.277901446647394,1.3808937240212922,6
1.1909636650922408,1.1545632789255849,1
-0.5076085115146047,-0.510019870227006,3
2.1642469862181044,0.44938236652944513,1
6.588616252867256,-1.740867412764193,5
-1.3857032677056451,-2.0466077954839905,3
2.945275258772872,0.5528873090937646,1
-1.4684124473012068,-1.5558013536632338,3
0.704760222672644,0.9577465877824055,1
-0.46466996898077295,-0.6234680096237774,3
2.4753741457751675,0.8501650199085099,1
0.8264983034910962,0.7661059871655977,1
-0.2641867888694819,1.3975077282896382,6
-0.16880487077067435,-0.6260465235109656,2
1.0931522542933296,0.9438039988508835,1
-0.2873424798145142,0.9136290422417281,6
0.3101153800121859,0.8952258346066664,1
0.23597245346096604,-1.0521673198098371,2
-0.2806443782029765,1.377570923167623,6
0.5888983252316,1.1069768802943414,1
0.20719100593562012,-1.1182999444747581,3
4.09585957006285,-0.7460027068066545,5
-0.40273392290588,0.8581227618042301,6
-0.1528224879177081,0.7964519458543802,2
-0.707275424902732,1.376142787139224,6
-0.4467719272132199,0.8778284393960881,6
0.1858355877483436,-0.9409290470400128,3
0.8858849340363443,0.9275841307991727,1
0.5306056616083434,0.6737042021791269,1
0.757495251318152,1.0084810815723808,1
1.2750335195214328,0.35702030370842874,1
-0.2641867888694819,1.3975077282896382,6
-0.17387733161918206,0.590382454336232,6
-1.595187066954279,-0.8866936561267101,3
-0.22949588752700434,-0.7543285037239505,3
0.04564931155480963,0.4730931423001986,1
0.28671167098685135,0.39548805264511044,1
1.271375472894097,1.124561851609086,1
0.17388089652818298,0.9469959793194962,1
-1.016385612113293,-2.7592000890334067,3
-0.4270313401471172,-0.6395810151838662,3
-0.4084733316762582,1.3012510344777561,2
-0.9811515556711261,-0.8369051105786556,3
-1.0085213771272583,-1.5553992122836278,2
1.9813067416167618,1.3147828109048274,1
1.517682224627848,1.180151759863183,1
0.4236371728865873,0.6206057679450114,1
-0.2820158439807677,1.3759095227407883,6
-1.130079315183995,-1.155393398994443,0
0.4199552096754717,-1.6055993425826576,3
0.06435836675058455,1.0452036007124432,6
-0.38711719287986157,0.6777251829538908,6
2.890876124692704,0.9007306425496314,2
-0.34585087296239586,-0.814179476925221,3
4.793349987694979,-0.3332343637504159,5
0.3155833236035351,-0.736748750967656,0
0.1372687712584686,-0.761215977784337,0
-1.1169821956463712,-1.800278741066267,0
0.9485177909650654,1.7730690058736644,0
-1.2146011232451877,-2.078940331460265,3
0.2965004960679032,1.1284375824759658,0
2.6037535751340943,-0.2896026315557753,0
0.3934324187578016,0.7880358190151304,0
-0.5919078459204445,-0.8066515528243031,0
1.5357001593282154,0.46515433635101205,0
0.9551501910937993,1.2575481165269011,0
-0.7946627582063029,-0.3403919187056386,3
-1.2762514737371469,-0.6362457660368381,3
-0.009942680351334849,0.679283529195953,6
1.3052425203758007,1.1130763759583702,1
1.2930023499418182,0.784863773939385,0
-0.05630119523549772,-1.4818428140609459,0
-0.5151329644338705,-0.7221225949030946,0
-0.44849260427889737,-0.5694190347761269,0
0.8792535457641999,1.2033553919540707,0
-0.6177648808617388,-0.7654807115847955,3
1.3316645214508864,0.9840039953242059,1
-0.8464022242629443,-0.9433441497032978,3
-0.9877026443577311,-1.0962346646475698,3
-0.5891776186972941,1.1987643973396223,6
-1.0701677553969162,-0.8321893743815167,3
-0.044324420229601535,0.5306976291451,0
0.9133307495023082,0.560524981536545,1
-0.33012109964135306,-0.7636559425749007,3
-0.11621427607343786,1.2198407714703148,6
2.044889745711774,0.7139273331987542,1
-0.694705416830396,0.849706549682661,6
1.047592291051218,0.7891794252269575,1
-0.6253062019892425,-0.9933964980586187,3
-0.0004114065630635296,-0.7887849112872203,0
0.4383009344080527,1.080695905406295,1
0.428783538527213,0.5035463092434292,1
-0.6875174812457834,0.8357766674139753,6
-0.5778451362433602,-0.7358058885398069,3
-0.20440479534639053,-0.5640130265403378,3
2.0203369346364974,0.21630794961329655,1
-1.2663567792775525,1.0201303859934485,6
-0.5244355353838246,1.2230894684992126,6
-0.8367039355001132,1.0302041358977532,6
-1.0059886345985514,-0.9984570699699042,3
-0.9785806353039265,-0.7996364789611115,3
1.3237494975110873,0.6997241028563693,1
-1.178926896975176,-0.4747557277101794,3
-0.3697632180183298,1.0353076017227731,6
0.014548057154656471,0.7406750225931533,1
1.6411803080237375,0.16655144882077327,1
-0.2474949188379261,1.1658075454948584,6
2.141335980854193,0.515870818622329,1
1.6413731638144236,0.8055576034488194,1
2.8943460686667497,0.6237967524006721,1
-1.256307123391771,-2.3530478792543525,3
0.8074664025883863,1.4570859698364118,1
-0.5422645904951104,1.201491262950363,6
-0.5381501931617367,1.2064754642308666,6
-0.5312928642727807,1.2147824663650397,6
-0.8199753271184292,-0.727937628043388,3
-0.2533417723761866,-0.7738267199475577,2
-1.027836339845092,-1.1127295821447833,3
-1.5068285603106024,-0.8906678789853882,3
-1.5082000260883937,-0.892329279412223,3
-0.5408931247173192,1.2031526633771974,6
-0.5134638091614948,1.2363806719138895,0
-0.5052350144947475,1.246349074474897,0
-0.5162067407170773,1.2330578710602202,0
-0.7106515656385173,1.3726591254584566,6
-0.7051657025273524,1.379304727165795,6
-0.6731065926480495,-1.7813656589605174,3
-1.3329557220560306,-1.0551901397861436,3
-1.2114817751148075,-1.2290848679049777,3
-0.36290588912937366,1.043614603856946,6
-0.8051097713611731,-1.1546605087117074,3
-1.5950848097089652,-0.7995919552324712,3
-0.500478545009291,-0.7185065749852318,3
1.983726129204946,0.8107371636240998,1
-0.697892593413274,0.8035296600975558,6
0.9439756354507305,0.8527761321974009,1
-0.2751585150918116,1.3842165248749614,6
1.188952944278804,1.0199790817127785,1
3.6516882944821627,0.4099091738576617,5
-1.4894177104945172,-1.0999831290652784,3
1.3057976701150171,0.4349116755916157,1
0.7449055081212019,0.8161785305621756,1
0.18786759312292098,-0.769678414697669,3
-0.6325971277482694,-0.6447821181428883,3
0.47243270849038776,1.005179992374816,1
0.1952339070115001,-1.1135279267253224,3
-0.2751585150918116,1.3842165248749614,6
-0.7082897153864126,-0.4331077077264696,3
0.7687618215095161,-0.8311465117356479,1
2.9962830447539477,0.17431777752048155,1
-0.239299144194798,-1.9713291326946152,3
-0.027725650727950454,1.5527530456050798,6
-1.4266256315467272,-0.7286530285594651,3
-0.39582168005712415,-0.4622905816158325,3
-1.170684013753524,-1.148023521617637,3
-0.6836070833679142,-0.9982385582431352,2
-0.9222904252167013,-1.647930837347393,3
1.0359075202122565,0.6598232969252968,1
-1.2113338183368192,-1.070787205234394,2
-1.9999276168294624,-0.5520835551011619,3
-0.578944591083408,-0.5500811742700362,3
0.7529812205484084,0.7267028890486749,1
-1.0592421751710495,-1.0951633273991346,3
-0.2806443782029765,1.377570923167623,6
-0.11225740305956959,1.206403060659529,6
-0.44089523438241185,-0.7877061733947939,0
1.6538892618057084,1.3925187832280574,2
2.611526676697885,0.22626667725231206,0
0.7374290456426978,0.7353403678761763,1
0.6170414828276007,1.081637966749511,1
1.2804303185454395,-1.7267787161785892,1
-0.258700925758317,1.4041533299969766,6
-1.0247432429982084,-0.8658614637858985,3
-0.7720053725900659,-1.358087679545252,3
-1.4967922973267507,-1.8025894923647519,3
-0.10814300572619594,1.211387261940033,6
-0.3711246359468054,-0.6513084322974899,3
-0.3888001186244335,-1.0150946261711464,3
-1.773595939510609,-1.583142237481706,3
-0.2820158439807677,1.3759095227407883,6
-1.6667849374520853,-0.841906509787681,3
-0.44546944809169586,-0.6002084036480929,3
-1.112575143362201,-0.81408678712301,3
-0.41694317927855484,0.5068518588015737,6
0.8658067204869926,1.2157906852765148,1
0.4187735156544898,1.0021605497857438,1
-0.44080255867963614,1.558707188236724,6
-0.2696726519806467,1.3908621265822998,6
-0.7259281027312959,-0.40540034060209423,3
-1.5034991458498637,-0.7309541296118258,3
-0.23127161020249265,1.4373813385336687,0
-1.5730945836136059,-0.5571690686303971,3
-0.27104411775843795,1.389200726155465,6
-0.2724155835362292,1.3875393257286306,6
-0.258700925758317,1.4041533299969766,6
-0.2669297204250643,1.394184927435969,6
0.0698442298617495,1.0518492024197816,6
-1.3704209640254184,-0.6868019204676256,0
-0.4845337535455798,-0.3427791873500941,3
-0.5534267302545154,-0.571584001829684,3
-0.5086627547486398,-1.0632560969075282,3
-1.5703516520580234,-0.5538462677767279,3
-0.4449169560130098,1.5537229869562204,6
-0.44903135334638344,1.5487387856757164,6
-2.0081564114962096,-0.5620519576621695,3
-1.138334523167545,-1.3534325994641527,3
-1.1413539560767454,-1.5088342837222106,3
-0.4421740244574274,1.5570457878098896,6
-1.5950126066901342,-0.5574851660513717,3
0.22527829399410781,0.1267288676158646,1
-0.8504185932780255,1.0135901316294071,6
-1.2811530754150628,-0.8723074435181417,3
0.9331054746746682,0.9952427308125017,2
0.7067765637838944,0.8397474448329204,1
-0.8604297005090197,-0.7222694375852167,3
-0.7671648542852395,1.3583024568598738,6
-0.7671648542852395,1.3583024568598738,6
0.5660656106701083,1.0495010511391818,1
-0.5775769025443837,0.9604313813793115,6
1.7383564565222265,1.0292047653788203,1
1.7497274913675918,1.1269010822775631,1
0.469555953420618,1.1579369230140615,0
-0.199994277100039,1.0829505537623845,6
0.6440197727757241,1.357876699775218,1
-0.5271784669394071,1.2197666676455434,6
0.12097065698870788,0.8389346534186454,1
0.11270280996904672,1.1228946786610297,1
-0.5450075220506928,1.1981684620966937,6
-0.5436360562729017,1.1998298625235282,6
-0.07718524450060925,0.9522697077542307,2
0.27241724972873416,1.022013103632971,1
-0.7133944971940998,1.3693363246047874,6
1.7368631335272373,1.6659764893584146,1
2.0054986471910645,1.3062543936669644,1
2.654050471241602,0.5525202403804885,1
-0.42195991838036706,-0.4525763451679851,3
-0.10814300572619594,1.211387261940033,6
0.9006466173693274,1.4100554905767644,0
-0.277901446647394,1.3808937240212922,6
-1.8233118470193082,-0.7132830150482478,3
0.3562948030987993,1.2461503304403416,1
0.20774988601397532,1.1565931752276786,2
3.1985119403473634,0.2610833966754906,5
0.10305871760564793,-1.1434102209637025,3
-0.9345207343004522,-0.7572058804878962,0
0.13810045998339165,0.9529933622288411,0
-0.5122100754540972,-0.7216764631878438,3
6.428045508054389,-0.9718454932418539,5
6.544378775453264,-0.40720557343929786,5
1.0763532958551087,0.5326785672275903,1
2.034271209525065,0.1686954564332597,1
-0.8976629776901496,-1.9080026720069057,3
0.5785190010432446,0.47305152234257103,0
-1.5343258908677793,-1.61539218901554,0
1.2785965300639648,1.2880948996491217,1
-0.1467732443576784,0.9881127576633498,6
-1.1404859074886948,-0.48649393146956743,3
0.5087767004424204,1.515467449907903,1
-1.0751988683896143,-2.3512479330842155,3
-0.7311890580656069,-0.9440548898550942,3
-0.7051657025273524,1.379304727165795,6
0.34174666294745176,1.1053116058959664,1
-0.5408931247173192,1.2031526633771974,6
-0.36564882068495613,1.0402918030032768,6
-0.19725134554445659,1.0862733546160537,6
-0.7085641409406128,-0.612308192011978,3
-1.601458997128377,-1.4269674576104656,3
-0.07653102835192122,1.0238839090084024,6
-1.1626799432042239,-0.9505667572957466,3
-0.6869758911844625,-0.5469585565794612,3
-1.3800236294449713,-0.9613968542196657,3
-1.001150296949773,-1.1300416219380134,3
-1.364610290131906,-0.770393857128596,3
-1.012446636065782,-0.9569665461439356,3
4.242695431133707,-0.19818720825489408,5
1.4221411319920203,0.5575878108656511,1
1.8876005782974583,0.42127497889212706,1
1.8012744811212893,1.0185326074313057,1
-0.06329131766887822,-0.7275721610513818,3
1.2761591896911277,1.785294753436499,1
-0.0900457992603484,1.203180026146089,6
0.12438019708961233,0.8045818712705847,1
1.7215005626318753,1.1479979788567263,1
-0.5314662313551975,-0.591101289318249,3
-0.35435586295028054,-0.41764385053102454,3
0.1391728741743184,-0.9174058516539461,3
0.6529423849061881,1.54290043667552,1
-1.7008211105324356,-2.179815400202069,3
-0.4010300511236908,1.6068878006149276,0
1.619366728040498,0.12235483180292483,1
-0.6920213727459378,-0.9136466517916074,0
-0.6628236304982416,-0.3750756152856212,0
-1.7099378458678147,-0.3477889963051076,0
-1.173233207548396,-0.8230803740121925,0
-1.394295897953864,-1.1732660011044476,0
0.051241567618765874,-1.2290484668840806,0
-1.2636284183254878,-0.7721486411636267,0
-1.033698499378018,-1.895181408818617,0
-1.8127601972106322,-1.2209879385189923,0
-1.3704209640254184,-0.6868019204676256,0
-1.7620281160557498,-0.3846559031164435,3
-1.7592851845001674,-0.3813331022627743,3
-1.599127004023508,-0.5624693673318755,3
-1.7359956956458478,-0.3793556044149651,3
-1.5154930209463746,-0.48739025070334385,0
-1.5538940627245288,-0.5339094626547126,3
-1.7181666405345621,-0.35775739886611524,0
-1.7099378458678147,-0.3477889963051076,0
-0.23127161020249265,1.4373813385336687,0
-1.3076998022942228,-1.2324104159475835,0
-1.661568054498909,-1.0395610610797257,3
-0.8844899096533104,-0.75461162265182,3
-1.3841101924351995,-0.6771496153275927,0
-0.2833873097585589,1.3742481223139538,6
-0.9168559745342609,-0.9482862246955442,3
-1.7510563898334202,-0.3713646997017668,3
-1.7702569107224972,-0.3946243056774511,3
-1.4723655418987764,-1.0077740735942964,3
-1.4019646769146163,-0.7250141302848213,3
-1.3987256347427712,-0.854096128787952,3
-1.7455959560903864,-0.3909854074028073,3
-1.5758375151691881,-0.5604918694840663,3
-1.495031685037937,-1.0599495212119585,3
0.9804509395284233,0.44406758593657775,1
9.17304123972408,-3.016772505978391,5
1.467310455731445,0.7013880068158913,1
6.1960926798009295,-2.113634595980866,5
5.539979910513066,-1.0617911582609803,5
1.6937293072366868,0.8437514145874236,1
1.0982715868534219,0.748725863967103,1
1.0334586217387876,0.4855670190878959,1
0.5756538419533999,0.07301907165921599,1
3.7477969847246646,-0.4383176697067845,5
0.1965304882600404,0.40970221639216825,1
-2.071331021109827,-1.609267189069159,3
-0.7912075215198415,-2.1477651334365664,3
-0.4796706534252808,-1.2463746847529253,3
-1.0362959986673856,-1.8587157945054733,3
0.3115576360827988,0.7774501618260031,2
14.839961346131444,-5.343523054300963,4
7.4552735423600245,-1.8750020730815415,5
3.450098552710456,0.7254191908844491,5
3.324236127230796,-0.07709002168244598,5
3.78400077804605,-0.408518480137949,5
2.3895625216596015,1.32344897930402,2
3.385247476878535,-0.9779534420666329,5
2.2979587292838044,0.7166923954702156,1
2.5077710823053323,-0.0744563135554711,1
2.3714423482165428,0.676139038863096,1
-0.774132405102327,-1.870494199823798,3
0.5998074514784992,0.8587963383323449,1
1.1631398637318675,0.1698506281965021,1
0.3060525101789236,0.4286054480445974,2
0.6427926318127097,0.8254039013100835,1
-0.9394145712120204,0.988355556888113,6
0.12424979080388832,0.7244306919745322,1
0.9205401556799921,-0.18752560487604533,2
-0.08732389089141508,1.3863447134584246,6
0.37822636628590967,0.9422308736127202,2
-0.17727797242939364,1.2417806355077445,6
0.19480248228313443,0.3732860263885804,2
-1.277820047765704,-1.5276451716346415,3
-1.5162930769633844,-1.8567235298902045,3
0.8267335291488075,0.8147673077892567,2
-0.26255268708448043,0.8806045595321147,6
-0.16558212478879156,0.7661386186718658,6
0.03768302910165762,0.23393741630187298,2
-1.7127877286862467,-1.3611277925611607,0
0.6200525561753982,0.37864497508844724,1
1.385658081305356,0.34106040675391813,1
-0.6117246886939939,0.8249221695241209,6
2.9653363402961053,0.1259822090927861,2
3.037077187961802,0.2732505669531908,0
1.2657657909655708,1.213783888594654,1
0.6773516173413819,0.1228789611748123,1
0.5972821965920625,1.1837986301763108,1
0.6864713105552812,0.6973132716688147,0
-1.2780301207507585,-0.3397683999702267,0
-0.9604566913530218,-0.705363730962098,3
2.7888778237153296,0.22770584964325083,1
0.03548054105386026,-1.590255836108363,3
0.826900808755941,0.46806464659339875,1
1.2237701871596136,0.7938686409728782,2
0.15435810438446368,-2.5220079375019067,3
0.9382741300623042,0.19267547709569552,1
-0.8112197002448772,-2.1874861161921455,3
0.11202532211392423,-1.9194755693157541,3
1.0642880486442095,1.5594369684711746,1
1.7151378991359971,1.1908925693374508,1
0.4961636873060673,0.7629862934293429,0
-0.11024546403568142,-1.395849801421473,0
-0.9740630344429853,-1.4948391771032234,3
-1.5298552552682656,-1.185630105454374,3
2.0103737229790863,0.14524396061868713,1
-0.9332068460121155,-2.1054079866985487,3
0.26324421768755213,0.8706286060093427,1
0.36440029193284024,0.39409336364676684,1
1.4270426720509979,0.4696082244739065,1
1.3775838888471545,1.6894510464943224,1
0.6872239522240812,0.307045055698765,1
-1.1036871490220537,1.1645076206767104,6
1.5098950866609055,0.710933380812015,1
1.2601056769066357,1.1005704438257695,1
6.957682341887243,-2.276636003336209,5
3.0672465156448294,-0.8597882561608536,5
1.1457770326661598,0.1332870296268269,1
1.3345803644852248,0.0122299623976682,1
4.2155416025412915,-1.5536259606559848,5
-0.25977527096317016,-1.0329994964483027,0
1.8542018582697632,-0.36698472916388053,1
-0.12815763873334848,0.5361313932339099,6
0.6226606526763941,0.9434488863844713,1
0.6361227231144516,0.6982004693448481,0
-0.6619620561300015,-0.8876690639967808,0
0.40518685174616315,-2.993060513666728,0
0.7822433988810954,0.5676588958320109,1
0.06177771739970237,0.632466260993185,0
0.5232189315040711,0.9208225429091376,0
0.5772462233979909,0.9296060158647614,0
0.5147958351280191,0.755245829797548,0
-1.250600805194934,-0.3065403914335346,0
-0.4548771460654716,0.8608979764413062,0
-1.8166802059891112,-1.3156982460644262,3
2.1813313115409065,0.6351105278066195,0
0.9283231021146064,1.1956290396094464,0
1.7185821858838477,0.5446238713425415,2
8.324678545078621,-2.2830632316101163,5
1.015628010496905,0.7849670862745096,1
0.3583339239456279,0.7031611347555596,0
-1.2276169342546663,-0.6051261143762091,3
0.558262809197089,1.443072194111362,0
0.16895643871292795,0.9085006646249695,1
2.1412952065752475,0.1599356262588447,0
-0.005877447936044819,0.9503459436507739,6
-1.081743696577394,1.191090027506064,0
-0.8862237366086472,-1.3150577266461478,3
2.260074307163026,-0.3608741477276062,0
2.8743174338330886,-0.5409579530996557,1
-0.04967370403702041,0.7911763391420588,0
-0.1492261407329946,-1.7793585116557489,0
2.086909407835482,-0.3721774703830169,1
1.5053812163204352,-2.883053087494513,0
0.6711272779166073,0.5544357262914322,1
-1.3109452994177477,-0.37964201021425714,3
0.644154490440645,0.9997991590735648,1
-0.6367897592348213,-1.023527467725565,3
1.078586278611487,0.8832036870136349,1
-0.35270735119480123,0.6829537872870349,6
0.7909787852350967,1.2930521009754388,1
0.5694255769092506,0.8674680771121169,2
0.16316426195626574,1.0670804068292339,1
-1.0188303238999947,-0.43869406624016594,3
-0.2206918955106603,-1.8106016886019844,0
-0.894539644544091,-2.0585796316305562,0
-1.050181638724109,-1.411359320672927,3
-0.3369499779893956,-2.113411248783518,3
-1.3846908778128135,-2.044624889513341,3
0.38370296661422415,0.6847369743107871,1
-1.3604526164669128,-1.3937087947201037,3
0.18171958313241973,-1.612675449899115,3
0.5725887902082867,0.8229450353661775,1
-1.2651792292057318,-1.7260846854920064,3
0.6707498912175625,0.6251880613755695,1
0.9389831832063799,0.5526070657920825,1
-1.4119950025595067,-1.4529581007595034,3
-1.3243272898562282,-1.8271620335816696,3
1.2888485136620704,0.5018988944816607,1
0.22629224070782342,0.7359774282532667,1
-1.0872295596885588,1.1844444257987257,6
1.0785171029021956,0.3623518955317103,1
-1.3967084730516446,-0.7830740136215234,3
2.305393379990262,0.27271146237964117,1
0.45860967488391763,1.0680924787448527,1
0.1710972778954977,0.8290638340423814,1
0.6849530402085606,1.2151015931828093,1
0.9103372237440774,-3.308716054764658,3
-1.4044296330624875,-0.581606650855197,3
0.9992045588422233,0.836826282124634,1
1.3715799000865154,0.9633049282546797,1
1.1717250677937971,-0.12588700396389754,1
0.03774377356117202,0.5924998818881041,1
4.21648510823283,0.20868236377836605,5
0.3445003001306208,1.1566526401345558,1
1.6732824928627934,-0.14860358941210086,1
-0.004561358320591951,-1.3927137311240723,3
2.837373910781569,0.2294319258343523,1
-1.4050958870617878,-1.768390402040277,3
-1.3218531780142455,-1.8995525498000894,3
2.1744392690703926,0.6761522857281146,2
-1.8174711323641959,-2.7450855820073663,3
-0.363467177538032,0.7445680520680575,6
-1.574079338300434,-0.8813314365070662,3
-1.0642819946886217,-1.8629305708210542,3
2.349232837561516,-0.20918171865109775,1
31.624967517282453,-14.462480529392336,4
-0.14048482614085211,1.04445818481865,6
-0.9398903678423445,-0.502097315750262,3
1.2618081578415503,1.7116464362293624,1
4.236360242731814,-0.1343742189892045,5
-1.1377750175195593,-1.6684971598667466,3
-0.9587568070273014,-0.6862589111224134,3
-1.0403642901773165,-0.9998045861722058,3
-0.5249469759091979,0.680200087601402,6
-2.0077887029074986,-2.111425406068499,3
-0.17909407897063803,-1.1475882908384003,3
-0.6918305690834259,-1.4029885975291865,3
0.4638816657076569,-1.7253140116581838,3
-0.7009233316871658,-1.1235935357465243,3
-0.7730494697082424,-0.886468856266099,3
-0.936671639656438,0.9916783577417823,6
-0.2671616830126168,0.5409634595173004,6
-0.40738021910178024,-0.856512979022248,2
0.5617101926967073,0.9559608272100363,1
0.47111725627477347,0.39084365156498063,1
0.9986113526156372,1.051360781280762,1
-0.9284428449896907,1.0016467603027897,6
3.373761274619242,0.42038081168171587,5
0.5418325687643382,1.0900669466930935,1
0.5733805718492184,0.48233949808589643,1
0.26508074613003124,0.5732444005571469,1
0.7113775774264979,0.5501377486325764,1
4.122507421674622,-0.06164911503206065,5
2.157847202176192,-0.058717685408390806,1
1.7702466798144416,0.6122991171211408,1
-1.3616572178714723,-1.0085317182739284,3
0.6239873851313432,0.7336506938706054,2
0.4041093847218865,0.9868947962576643,1
0.39844867050441823,0.849688278984263,1
-0.5671516305056283,1.214863831871192,6
-0.5429204055718051,-1.1524337816502976,3
0.9719352701454329,0.8217422150208804,2
-0.3445447980846885,0.7413180936353685,6
-0.3212433042327748,-1.343587549283802,3
1.5173511799788535,0.024950286088516363,1
1.5552237832920865,0.48074212501628455,1
-0.6289992432883921,-0.6935150432746846,3
0.13805838196999007,0.5354989862746984,2
0.23314875088440287,0.8025870754437322,1
-0.05636680158436487,-2.148816143291258,3
0.07470694194582958,0.4571406366357243,2
0.5864058425293134,1.544504869111583,1
-0.32441840268164307,-0.9824689208502142,2
0.568119889199481,1.3203147178952124,2
6.785119600352691,-1.5506646776217188,5
0.4181971973108405,0.23813769028469356,1
0.1601835035298937,1.249394053707549,1
0.3036994979966496,1.0961797620797806,1
-0.35328177721278436,-0.8963743232032411,2
-1.134464926915557,-1.3959648051605722,3
0.8550673571701556,0.724822751094229,1
-1.3167473736081943,-0.9000825733539447,3
3.7215706611698245,-0.49070026790540866,5
-0.6253429919809983,-0.8320478937633197,3
0.2743967374628833,0.7210628637526397,1
2.231692438848425,-0.12367718304801219,1
-0.5081911139357255,-1.6640425710232327,3
0.34820367682335823,1.6033626432527606,1
0.313277798885004,0.8284250060172488,1
-0.8103426258904556,-2.1250313899195157,3
1.2990560771970956,0.5623043233967927,1
-0.759427927436028,-0.6945457887917678,3
0.29289244160810335,0.725357559574434,1
-0.7792932177916979,-1.2250914584828243,3
-1.0576815914465643,-0.650559997113859,3
1.6669012604210134,1.0221702591451987,1
-0.5916688947028769,0.6593110352866027,6
0.2707551996980905,1.0561657638818667,1
-1.0784992894524792,-0.6365338932490112,3
-0.3401334320266793,-1.2264564655055503,3
3.4028752296023717,-0.26450162989136794,5
0.8075413888067863,0.7636286335932728,1
2.34213284162106,0.10471311867284958,1
0.2651208289985621,1.059299626672917,1
-1.0383366960061657,1.183735272564675,6
-1.094382962971111,-1.1644246859560898,3
-1.6473176547340203,-1.0425058435942547,3
-1.5550121786648248,-0.836290078500137,3
-0.03136272908455298,0.8253524800702067,6
-1.5780074638304435,-1.6966287333594365,3
-1.0874723231750971,-2.745759608648541,3
0.25537703851329735,0.7902125868252798,1
-1.4779608087833633,-0.2068127472793288,3
-0.05109968102446127,0.476246676197091,1
1.1152370316433817,0.2991030091794016,1
-0.5455195373433004,-1.1364318610000346,3
-0.0781020729692,-1.291567182376845,3
0.20793142335238252,0.9254845870375141,2
-0.42328191955946987,0.48814317277850905,6
-1.136042855515573,-0.7870343933439437,3
2.1192567028279483,0.19475666390283616,1
-1.4400996067544867,-1.733353216458456,3
-0.6331219399163877,0.9219316671879165,2
-0.5740089593945844,1.2065568297370188,6
-0.1590758208069225,1.082918954836751,6
-0.6485259218978042,-2.23769775983656,2
-0.9339287081008556,0.9950011585954515,6
0.5677237380174577,1.1471114894642214,1
0.8778789864818907,1.1883786532871707,1
1.7050553052642143,0.5249785278335891,1
-0.8423591808804176,-1.9861582931588928,3
-1.597148225773967,-0.936384585534543,3
-0.9616793000949053,-0.9733350929876994,3
-1.1502380736005964,-2.0242490030474802,3
2.857392762169306,0.32713585741164275,1
-0.7443872567106542,1.1023587790229672,2
1.029975042574582,0.659872997939599,1
-0.8417515560898731,-0.6238793641298855,2
-1.0716047795071755,-0.8590326223963742,2
0.6793775913798931,0.9609478810169217,1
0.39688466218965607,0.3780022156180066,2
-0.24869523338487012,0.8631985096759799,6
-0.3679377189640521,-1.78223772721684,3
-0.7040727734340815,-0.645472009921414,3
-0.3064731245864288,-2.3428772182205257,3
-1.1587718748011742,-1.1876787410349752,3
0.0396908446511982,0.904545175890966,1
-1.2309640063571323,-1.292699327707733,3
-1.4724749456721984,-0.20016714557199045,3
1.954641178230924,-0.11459767892697979,1
1.179250159693362,0.7420423741692668,1
-1.1647715775927054,-0.9896629078735137,3
0.8052152394082155,1.0908205211478035,1
-1.7933813420881017,-0.9634639137321678,3
0.9258572692689716,0.7444951593205789,1
-1.0500597179326812,-0.971106546671451,2
-1.2600231799005785,-0.7321192291512751,3
-1.4007055531604207,-0.8584811479383291,3
2.933214888412681,0.5159601604275416,1
-0.862961422300662,-0.737148913751079,3
-1.3344502964159097,-1.469461036161783,3
-0.9888025714050189,-2.7089788308539906,3
0.7258279235604852,0.8426219645209387,1
-1.2752868766465988,-0.9232040005028104,3
-0.5731244594793422,-1.7120569680890017,3
0.16397968099635193,0.852819735684615,1
-0.9089441474331624,-2.53936961717373,3
-1.2671233444017937,-1.336549644439078,3
-0.2478577258629724,0.8894012791012416,6
-0.299268497868361,-1.9516709528958691,3
-0.10305496869111282,0.7265010842790496,6
-1.075533652441903,-1.1588613037923674,3
-0.1575689093882532,0.8810963239705192,6
-0.1619580737950529,-1.0897278033130504,3
-0.472963759439728,0.7407954021188153,2
1.2177856563086364,0.6358521949067635,1
3.763224288340883,-0.03173218032991431,5
0.21715652129362187,1.0762866390390293,1
2.15931292807266,1.0676382548103194,1
0.37685205527438453,1.3177496898405712,1
0.7736360241353968,0.85258321941966,1
-0.0306143440677828,0.8854765434522245,1
3.932291268661629,-0.29855592505702144,5
0.23987495803592387,0.9353933372359193,1
-1.045194024895122,1.1754282704305021,6
-1.3321633414415361,-1.8889792614907157,3
-1.2028398339722033,-2.0603500094956706,3
0.8603965876892282,-0.03406458384697953,1
0.8996668658458457,1.164650576800743,1
0.6757180745854571,0.9726532629301133,1
-0.16178661541759354,0.7591769114395376,6
-0.4205389880038874,0.49146597363217825,6
-1.4779608087833633,-0.2068127472793288,3
-0.9974002177428745,-1.2994110365670186,0
0.7205601768497002,0.5447744507949416,1
-0.49327818784362576,0.8143787644899374,6
-1.2593401207386066,-1.406428005127013,3
-0.7946637907292897,-1.1461643559226276,3
-1.301711298035833,-1.2593468686671465,0
-1.2489551854571679,-2.092714289691774,3
-1.1357009953853847,-0.5425028705881776,3
1.8539538015137305,0.46733171377470156,1
-1.6392839531621473,-1.448353045436288,3
-1.460422981350367,-1.688618443156986,3
-1.2886076362361156,-1.4504434851824133,3
-0.05359845376185772,0.3640264668156695,6
0.3018842952405233,0.6981792970652699,1
-0.2467617685803441,0.6916989143801454,6
-1.0536182075833527,-1.3703488925154208,3
-0.18633464703314007,0.6750977443855681,2
-0.10005101162282168,0.8095132265634517,6
2.260313335854995,0.1270031659020256,2
1.2928975731314885,0.8076988781655462,1
-1.0892949588859013,-2.0367292930157235,3
1.6013230606936857,1.1722435856608486,1
1.064576786015874,0.9773568482040301,2
4.065545612652326,-1.4712240121178333,5
-0.28096194473030567,1.0490243541682878,6
0.2943329004171835,1.1086548427061054,1
-0.6105524125750774,-2.223699816901223,3
-0.0822136822751479,0.7149106157394787,1
-0.018856729106614137,0.7087276199795765,0
13.608743275925423,-5.700906863557547,4
-1.0505021663926497,-0.5614447685722496,3
-1.4642461510054512,-0.19019874301098283,3
-0.23650962438692621,0.8855152678638841,6
-0.531804304798154,0.671893085467229,6
0.8934072105066153,-0.04506648662464325,1
0.13814495697477688,0.7991090106179021,1
-1.0751841212323232,-2.021888681738858,3
-0.7393242029562322,-0.7033191845105158,3
1.0079413576113494,0.5719223531284636,1
0.4857641333857632,0.8332694877971086,2
2.460621541431487,0.39009141456784807,2
-0.7298960757850209,-2.009112841598711,3
-0.9284428449896907,1.0016467603027897,6
1.1674163659923977,0.6157173328115949,1
-0.6369839580751628,-1.0466315733931815,0
-1.0142956016398714,-1.2656403978567197,3
-1.1036871490220537,1.1645076206767104,6
-1.0301079013394185,1.1937036751256827,6
-0.9298143107674819,0.9999853598759553,6
-0.7614273356240749,0.8288174973678617,6
-1.0383366960061657,1.183735272564675,6
0.32731249818684116,0.8156579194134103,1
0.5524838226955815,1.1598160374429582,1
-0.8620659844937708,-0.5502960017587636,3
-0.5978172557076559,-1.230305826623213,2
-1.5326328036681838,-1.3130895714443447,3
-0.22925759200721174,0.5730627971864917,6
-1.117476761350435,-0.7510944525903499,3
-0.013868042659072613,0.9102748114643551,1
-0.4124793131401336,1.0270819650947522,6
2.0212579026430406,0.27502756738910217,2
-1.3054594363065828,-0.37299640850691873,3
0.12027278224766842,0.7429430751639519,1
-1.083093843660114,-1.1464536703827068,2
-1.364612647416371,-0.769428934132574,3
-1.1384439269409672,-0.5458256714418468,3
-1.4807037403389458,-0.210135548132998,3
1.0439282752091779,0.21468904120492585,1
0.257686976199661,0.57028945514684,1
-1.3699600619066756,-1.544014826563247,3
-0.5781233567279581,1.2015726284565151,6
-1.3391431606982171,-1.09445888605439,3
-0.47022082788414554,0.7441182029724845,2
-0.5345472363537365,0.6685702846135598,6
-0.9237816085391971,-0.4543501674124088,3
-0.7348680102767093,-0.9705626161310255,3
-0.07124195605281818,0.7282018191541555,1
0.19124374902466082,0.4043640242768554,2
-1.4757325969569024,-1.85049660267671,3
-1.4048403408537369,-1.5973469839447572,3
-0.023133934417805674,0.8353208826312143,1
0.5076971551039795,1.1846632304065174,1
-0.539722314949804,1.248091840407884,0
-1.324814015288933,-1.6405208132780449,3
-1.165661434964234,-2.0449124241803465,2
-0.47022082788414554,0.7441182029724845,2
-0.7054438560166155,-0.693086278045867,3
0.30189447568721806,0.7196726203316597,2
-2.0300927490892717,-2.0337495069017932,3
-1.0064184897359587,-1.504513778725636,3
0.8571862002828455,0.517503182262944,1
1.5733515258852493,1.0580863234805584,1
0.1754564395775828,0.8976135219770498,1
-1.0066730870289657,-0.7441694586210247,3
-0.641820868057268,-0.7568350168207832,0
-0.27418296231769274,0.8169098148285794,6
0.4495862958744133,0.6185637607620091,1
0.3282115456012093,0.8862816327550777,1
-0.535614730851484,-1.6844456910141787,3
-1.6886961102848286,-1.8804227363881896,3
-1.5732968726838295,-1.3024120156492864,0
-0.05744214773623412,0.9610364345979411,6
-0.026753742737490566,0.8058128353091412,6
-1.1801092896083014,-1.027220823016583,3
1.2118256655410877,-1.773354493438314,2
-1.3532394854581113,-1.3468295654014601,3
1.8040644785008715,0.4678821200781869,1
0.05558759887308019,0.20401841071731136,1
-0.5483160883944957,-2.430707451429336,3
-0.2986607596632352,0.6358819453392439,6
-1.1620278502683816,-1.7744179014894057,3
-1.4337842523716098,-1.047993134154947,3
-0.3952932390188774,0.9665965832852147,6
-0.9284428449896907,1.0016467603027897,6
-0.8015089150597946,1.09309952969601,2
-1.0072352069413792,-1.2320657781459303,3
-0.6311225317283407,-0.6014316189717128,2
-0.5275589377916393,-1.081146039194101,3
-1.7654795328678254,-2.0541454974842703,3
-0.9422520782821527,-1.3737155610971852,3
-1.2597581144959218,-1.800286080149169,3
-0.7669131987352398,0.8221718956605233,6
-0.8535549430079274,-1.6078006608547721,3
0.6824567810690384,0.31630232309806655,2
-0.936671639656438,0.9916783577417823,6
-1.498189436079064,-1.2053607514745388,3
0.3961117142193651,0.7554245544020874,2
-1.0202512665856465,-1.021815736098835,3
3.636232315824688,-0.8599553560335014,5
-1.3027165047510003,-0.3696736076532495,3
-0.9229569818785258,1.008292362010128,6
-1.4657746583766078,-1.0941835092040881,3
-1.3136882309733302,-0.38296481106792635,3
0.7474629510440569,-0.019614675907187153,1
-1.5269431824359747,-1.1866555703672355,3
0.21991749517644704,0.5539485869384719,2
-0.8726926524183415,1.0092446092029121,6
-1.562685087402,-1.1669639335163167,3
-0.6692501836130924,-0.7900630253574753,2
0.3813143082774275,-0.10009130658014118,2
-0.3447712466751511,0.9360445227452547,6
-1.5410868298054832,-3.124392939255766,3
-1.2254612491280579,-1.0213420083122497,3
0.16508105224050762,0.49503604378462424,1
0.023505373323777792,0.24130924997616074,1
-1.3153759078304033,-0.89842117292711,3
0.23962303688539344,0.9347723547053546,1
-1.6240045894417787,-1.916436182965799,3
-0.9591898008965198,-0.9095048436545226,3
-0.8628593046517431,-0.5956616208382735,3
-0.051807357734424006,1.3204262186893034,6
-0.936671639656438,0.9916783577417823,6
0.576716071436378,0.10763993873584496,2
-1.0291364242587955,-0.9623930595914084,3
-0.5276899074647804,0.6768772867477328,6
-0.8533310112700276,-0.9780764115962327,3
-0.02408444451575099,0.5701414105743088,2
0.5930468334958364,0.741728552321052,1
1.4621341687109117,0.02761296132331479,1
-0.9927689499668649,-1.4251648080827348,3
-0.936671639656438,0.9916783577417823,6
-0.9339287081008556,0.9950011585954515,6
-0.6399792688053437,0.9136246650537435,2
-1.664365021416995,-1.3740516000326133,3
-0.02861147106593935,-1.4158914931369286,3
-0.7586844040684925,0.8321402982215309,6
0.052901985810831324,0.7267778498734001,2
-0.021267879626325703,0.8124584370164796,1
-0.936671639656438,0.9916783577417823,6
-0.6372363372497614,0.9169474659074127,2
-0.9380431054342292,0.9900169573149477,6
-0.8069947781709595,1.0864539279886716,2
-0.6386078030275525,0.9152860654805781,2
-1.7731322229090603,-1.434229411341883,3
-1.48376288297381,-0.7272533104190164,3
-1.8592018032855897,-3.1253187812159524,3
-1.2288096610571604,-2.3335093748349034,2
-0.936671639656438,0.9916783577417823,6
-1.106430080577636,1.1611848198230412,6
-0.8097377097265419,1.0831311271350024,2
-1.0982012859108887,1.1711532223840488,6
-0.7641702671796574,0.8254946965141925,6
-0.6372363372497614,0.9169474659074127,2
-0.6372363372497614,0.9169474659074127,2
-0.9284428449896907,1.0016467603027897,6
-1.1078015463554272,1.1595234193962065,6
-1.0982012859108887,1.1711532223840488,6
-1.106430080577636,1.1611848198230412,6
-1.1009442174664712,1.1678304215303796,6
0.05739188866272542,1.235383211966255,1
2.10263496213868,0.47390455872531534,1
-0.3966647047966686,0.9649351828583801,6
-0.7663646124241233,0.8228364558312572,6
-1.4085267844938667,-1.0858432407821816,2
-1.3236702608296183,-0.9335714230761407,2
-1.7297005967676158,-0.9941346705813883,3
-1.7324584059884651,-1.396602052774247,3
-1.3167473736081943,-0.9000825733539447,3
-1.3061603269558442,-1.1755572143305553,3
-0.936671639656438,0.9916783577417823,6
-0.8042518466153771,1.0897767288423408,2
-0.8069947781709595,1.0864539279886716,2
0.14717706486972423,0.8786381359416564,2
-1.3671758642808585,-1.8646797726950217,3
-0.9380431054342292,0.9900169573149477,6
-1.1036871490220537,1.1645076206767104,6
-0.8029466439701904,-1.126990068514696,3
-1.694557287409088,-1.2833050762009859,3
0.7205717295079971,-1.7769134512449276,3
-1.4865058145293923,-0.7305761112726856,3
-0.6372363372497614,0.9169474659074127,2
-0.9923509252734617,-1.5560180342005883,2
-0.7641702671796574,0.8254946965141925,6
-1.6062120513508187,-1.342285625893317,3
-1.6395871447164043,-1.5014239492095258,3
-1.1896965439172316,-2.2402570733838134,3
-1.6914655149852234,-1.421864143220369,3
-0.2889217205255437,0.6353101747778072,6
-0.9407860369898117,0.9866941564612784,6
-0.6386078030275525,0.9152860654805781,2
-1.694557287409088,-1.2833050762009859,3
-0.9202140503229433,1.0116151628637973,6
-0.9339287081008556,0.9950011585954515,6
-0.4456675164095576,1.0019304854247761,6
-0.9394145712120204,0.988355556888113,6
-1.1091730121332184,1.157862018969372,6
-0.8069947781709595,1.0864539279886716,2
-1.1091730121332184,1.157862018969372,6
-0.9284428449896907,1.0016467603027897,6
-1.106430080577636,1.1611848198230412,6
-1.0948628098519164,-1.4128626878587798,2
-0.7650137614238771,-1.7417807764909277,3
-1.1036871490220537,1.1645076206767104,6
-0.936671639656438,0.9916783577417823,6
-0.7641702671796574,0.8254946965141925,6
0.09458289561662062,0.811192077102972,1
-0.8069947781709595,1.0864539279886716,2
-1.1009442174664712,1.1678304215303796,6
0.2993692908377048,0.2030818025418885,1
-1.1040843617868314,-1.6073135112245576,2
-1.0626824556062016,-1.6328212207571928,2
-1.1036871490220537,1.1645076206767104,6
-1.4350101664675754,-1.8682042047269851,3
1.4015620324322833,0.5388171759125628,1
-0.8685782550849678,1.014228810483416,6
-1.6244507847843588,-2.4469419908522094,2
-0.5781233567279581,1.2015726284565151,6
-1.7741808211990249,-0.9402043077564833,3
-0.49694433415741524,-1.9142825543909157,3
-0.707048608830517,0.8347539458411497,6
0.06825758555096843,0.9645338430122257,1
-1.0438225591173307,1.1770896708573366,6
-0.7669131987352398,0.8221718956605233,6
0.7215765458180823,0.7938850464142406,1
-1.3109452994177477,-0.37964201021425714,3
-1.0259935040060448,1.1986878764061866,6
-1.6314187019644324,-0.9196928458423254,3
-1.524861079074873,-0.784378262937592,3
-1.3109452994177477,-0.37964201021425714,3
0.182997016327652,0.8896562661447354,1
-1.4890867689563505,-1.2070373614530714,3
-0.5225444217256204,1.161874257629556,6
-0.7533676607603211,1.3644334888304357,6
-0.6782685931525047,-0.8447568574119753,2
0.2594312372554783,0.8391540416363338,1
-0.7574820580936947,1.359449287549932,6
-0.6262646110274316,0.9302386693220895,2
-0.199722687938355,0.7271950075533481,6
-1.6633793544014077,-1.5051415132677004,3
-0.743015790932863,1.1040201794498017,2
1.0675514894161555,0.3781031700259377,1
-1.6341616335200146,-0.9230156466959946,3
-0.8768070497517151,1.0042604079224084,6
4.339487241128089,-0.39484807312973863,5
0.599727327502989,1.128761949945724,1
0.0056331214797569855,0.9600466350268354,1
-0.47022082788414554,0.7441182029724845,2
-0.06005618376388966,1.1773515726512547,6
-0.5877236171724967,1.1899428254686728,6
0.6011882635920563,0.45530682697355485,1
0.5001554429025739,1.259882355330914,1
0.2203504890456657,0.7771945194705809,2
-1.6569761507779321,-1.022563085978603,3
-1.4701102614078752,-1.158068358287437,3
0.28284442753767197,0.6272737605189662,1
1.5883408626613102,1.0244307414967078,2
0.6750386424104238,1.0213200072484756,1
0.3284287776251514,0.7320358419059695,1
-1.312316765195539,-0.38130341064109174,3
-1.1270770217949737,-0.7627242555781921,3
-1.3300290375168877,-0.6934506450901816,3
-0.9926203325158082,-0.8352535562540709,3
-0.823383346755099,-0.5669814173502219,3
-0.757441146071272,-0.8127810831369131,3
0.3021893104954999,0.8406693286555049,2
-1.3109452994177477,-0.37964201021425714,3
-0.974171349130934,-0.7219777352304441,3
-0.5497327647555037,-0.8644700548046507,3
-1.3082023678621653,-0.37631920936058794,3
-1.369693535253176,-1.4173474725265753,3
-1.4752178772277809,-0.20348994642565965,3
-1.1702967117099394,-0.2715752365526908,2
-1.0051884300171166,-0.3929271502203224,0
-1.4793322745611546,-0.2084741477061634,3
-1.1798969721544779,-0.283205039540533,2
-1.4697320141166161,-0.19684434471832124,3
-1.299973573195418,-0.3663508067995803,3
-1.4669890825610337,-0.19352154386465203,3
-1.137072461163176,-0.5441642710150122,3
-1.4807037403389458,-0.210135548132998,3
-1.472378961794121,-0.6803508767310618,3
-1.1135320932813204,-1.8815248331952368,3
-0.8980622829827787,-0.9953476407763139,2
-0.950601196876054,-0.8055092244770394,2
-0.2059670512784685,-1.2645986608781652,3
-1.284570795632123,1.0076253319281974,6
-1.2427840944578021,-1.1193380420020276,3
-0.8138521070599156,1.0781469258544987,2
-1.3109452994177477,-0.37964201021425714,3
-1.1798969721544779,-0.283205039540533,2
-0.6209398095106256,-1.044376655124616,3
-1.0479369564507044,1.172105469576833,6
-1.0982012859108887,1.1711532223840488,6
-1.4793322745611546,-0.2084741477061634,3
-0.9703988119277489,-0.9615250567057064,3
1.0850757417252883,0.3359864101775487,2
-0.9000389502562045,-1.5302595838243598,2
-1.9353172599455355,-1.685080559784538,3
-1.6339047587334918,-1.2374196908339545,3
-0.7586844040684925,0.8321402982215309,6
-1.4615032194498687,-0.18687594215731362,3
-1.1425583242743407,-0.5508098727223506,3
-1.482075206116737,-0.2117969485598326,3
-1.4615032194498687,-0.18687594215731362,3
-0.7492532634269474,1.3694176901109396,6
-0.5554282949003789,0.9561119229173927,2
-1.4309292973887906,-1.244333276444514,3
-0.8670350660800122,-1.0357875903310247,3
-1.023125749083021,-0.8802582039916543,3
-0.5890950829502879,1.1882814250418383,6
-0.8229428323848639,-1.6356663919326984,2
0.23696539302905223,0.8947811182817731,2
-0.8685782550849678,1.014228810483416,6
-1.0446541410642756,-1.209140049364884,3
-0.9339287081008556,0.9950011585954515,6
1.3313440443294784,0.7766039551036432,1
-0.9394145712120204,0.988355556888113,6
-0.1491246968552323,0.752130710269406,6
-1.0982012859108887,1.1711532223840488,6
-1.214260970701224,-1.2641652870508648,2
-0.3123276874032811,0.8672702704440038,6
-1.3640320301090225,-1.0684520513319562,3
-1.1503147605056554,-1.3722235284485518,2
-1.3571747012200663,-1.060145049197783,3
1.6558810812960478,1.0905660467343288,1
-0.6661387732288269,-0.8141624218038431,3
-0.6625234747886742,-0.6724178364340919,3
0.4278385172928698,0.9809858355558254,1
-0.8531615248336079,1.010267330775738,6
-1.519375215963708,-0.7777326612302536,3
0.4777702473629339,0.9266180024819247,1
1.0417524427990852,1.1660372356292399,1
0.6241830863714546,0.9963290018347524,1
1.0502380725357288,0.8900417566310466,2
2.0093823400620274,0.5631140335600867,1
-1.2069884417732355,-2.782220982680775,3
-0.936671639656438,0.9916783577417823,6
-1.2436121642629934,-0.9457172630406059,3
-1.1382950699050594,-0.8121356330406135,3
-0.9229569818785258,1.008292362010128,6
-1.4533471223150969,-1.0283469933230303,3
-1.0735149019106467,1.2010584300670717,0
-1.6881951849763337,-0.829810731254269,3
-1.3759935245866997,-2.004960077747353,3
-1.7124901956756642,-1.6821854107992515,3
-1.6332330028149908,-2.205191600751118,3
-1.3030327158302821,-0.8834685690855987,3
-1.233641900509025,-2.541485805311577,3
-0.5779542369249646,0.6759250395549488,6
-0.08297603371245897,0.6053664881835712,2
-0.4759277355544644,0.7346379778584718,6
-1.7645967290088016,-0.9868012551317238,3
-1.623071648836566,-1.3280308918446662,3
-0.8338770734231655,-1.0300057062475134,3
-1.5500938491975758,-0.6562839385323392,0
-0.3958582671598364,0.6997165901245183,6
-1.1078015463554272,1.1595234193962065,6
-0.8042518466153771,1.0897767288423408,2
-1.1091730121332184,1.157862018969372,6
-1.1091730121332184,1.157862018969372,6
-1.1036871490220537,1.1645076206767104,6
-0.2663088150438209,0.8440538263313593,6
-1.0735149019106467,1.2010584300670717,0
-1.0323709285769103,1.2509004428721098,0
-1.1050586147998447,1.1628462202498757,6
-0.14602362681709025,0.6477753076877264,2
-0.4940148789801854,0.8414650603752089,6
-1.2868489508800898,-1.475306100829614,3
-1.8431529591878932,-1.1377358120551793,3
-1.6703661298650478,-0.8082125257054192,3
-1.6203626316807125,-0.8555177303881019,3
-0.6789160724784996,0.920244202796506,6
-1.1078015463554272,1.1595234193962065,6
-1.1105444779110096,1.1562006185425373,6
-0.9256999134341083,1.0049695611564589,6
-1.1105444779110096,1.1562006185425373,6
-0.936671639656438,0.9916783577417823,6
4.192986684411571,-0.2764633216915218,5
6.809518278083871,-1.135009066014715,5
1.8817900522161284,0.6566144877370761,0
2.1408472947889914,0.004195345573654794,0
2.6475535678572117,0.3329496255084303,1
1.2912372874834819,0.8424993703569379,1
0.11030389112539177,-1.3472734470991572,3
-0.9517934668514824,-2.55443437353816,3
-1.3136882309733302,-0.38296481106792635,3
-0.22334896026922868,-1.643750829043919,3
0.671056885135863,0.6998388714403463,1
-0.9991281669777841,-1.2729608440593538,3
-0.3060974002614331,-1.2769828343443461,3
-1.8631991928613807,-2.7757260982273047,3
-1.4724749456721984,-0.20016714557199045,3
-0.3164083984415622,0.9879880780156866,6
-0.7416443251550717,1.1056815798766364,2
-1.2848540335624081,-0.9182126793412291,3
-1.002262304764931,-0.6523293089795984,3
-1.3109452994177477,-0.37964201021425714,3
-0.29789109399082875,-2.4820257914265245,3
-0.9727998833531427,-0.7203163348036096,3
-1.3109452994177477,-0.37964201021425714,3
-0.758853523871486,1.3577878871230973,6
-1.4148596297323468,-0.8408831694708928,3
-1.0369652302283747,1.1853966729915097,6
-0.8713211866405502,1.0109060096297469,6
-1.482075206116737,-0.2117969485598326,3
0.420096015297992,0.8347288147107127,1
-1.482075206116737,-0.2117969485598326,3
6.945946641559912,-1.5054855348713234,5
0.772832076993097,1.054069213752293,1
2.5243142779684304,0.17807152478806412,1
-0.8043434460448454,-2.177584573125713,3
0.8801076051547132,0.7854574833124882,1
-0.34547463383335664,-0.9026188334692776,3
5.845628110799253,-0.5621432957685729,5
5.955200214033912,-0.48633232835656903,5
4.929212970091782,-1.216267708738607,5
3.4142537026412607,1.1097933139484755,5
3.981265120451026,0.5143346299966411,5
1.6567485665700261,1.1066815809748975,1
4.6387488123942795,0.35079062120734184,5
3.2445367147794095,0.897458501284838,1
3.8119078447020054,0.04703152201862646,5
3.0281369540590872,0.546621550406235,1
7.03822518843039,-2.209835950109324,5
2.8339336339700303,0.6908695531707386,1
0.30809946668922994,-0.6242372999735007,3
3.7117096847021975,-0.41442265462211636,5
2.589908091855393,1.1214743629096513,2
2.9641246664444885,1.116218154843854,2
2.7068699280999478,0.7535600411123754,1
0.9415264549376516,0.9654445271910777,1
2.3278249271241225,0.9140147287610504,1
1.280599582458077,1.016945862343869,2
3.9377463654277114,0.4367335422313295,5
1.782001737590252,0.39248570156778734,1
0.8577947552760711,0.7673940932354243,2
1.1332739604285649,0.6801522249850674,1
1.116307215053756,0.7280054197474747,1
0.5426361800387292,-0.6740950457036866,3
1.6953282907172251,1.1819517944093545,1
1.4033836141291152,1.102865824021671,1
0.44753415540959984,-1.6660474129792813,2
-0.6128099593001013,-2.142159674723255,3
0.6823345517492279,-0.4859906527510072,1
0.7493653244407118,1.193244385123562,1
-0.4244663184247616,-1.807368068385666,3
0.8028104600156448,-0.9677566807183737,2
-0.16064183808705068,-0.9107888931677556,3
-1.4451464949056245,-1.9231797121743133,3
-0.9109710291247142,-1.4617531697057928,3
0.6403407110557904,0.7226367911954092,1
-0.08788103900255993,-0.414325363138577,3
0.8125473523755934,0.6098430099810095,1
-0.7199119882537478,-0.9500245236321571,3
0.28892065209911794,-0.5867870961492166,3
-1.1444341201503758,-2.778665328097372,3
1.5743471965532674,0.6358345418708992,1
2.110906935367962,0.7302422681557067,1
0.9565556971992748,0.5452265062101018,0
0.36994589095663727,-0.8248264662724938,3
-0.9031275244665674,-1.4282612084196011,3
1.2373636836488677,0.5451845284812006,1
3.458259475646709,0.16745057169596822,5
6.488922672245785,-1.4054237844672355,5
0.9566341990589762,0.799273275516714,1
2.6970214640826047,0.23164467467120076,1
0.8216066652502064,0.5409070671572441,1
-0.40497206407265723,-0.8694412770053028,3
-1.1350440887569535,-1.1012901647969944,3
-0.9405428811663491,-2.174638126426457,3
-1.3379594106894768,-0.8987347601360947,3
-0.36467508645562785,1.3614756832087556,6
0.009890898515257715,-1.0373760229548186,3
-0.5550138129855847,-0.5707336724891325,3
6.199466468012232,-0.4767527053023098,5
7.47031194359247,-2.232426884346787,5
8.54390134186757,-2.017893334622241,5
3.2557148480787106,0.7379726990167212,5
4.525833334666164,-0.8244010680044082,5
6.061346382963807,-0.836376577774518,5
4.59753404398908,0.2791411213643363,5
3.161554022582636,-0.029712756050018618,5
8.283706656737202,-2.386859550676311,5
3.7416368988553312,0.38139136661370765,5
1.5708310269825845,0.9429664590251025,1
1.2408195182163824,1.6424507841630698,1
4.11798546917618,-0.13456019779984138,5
0.9609031822657775,1.3994036533004959,1
1.8986269644852265,0.6045482806565315,1
2.7548222952856842,0.4385439053060706,1
4.102442721369161,-0.5108237615279482,5
2.61334076697843,0.35902567971516647,1
2.188108743180937,0.09267106409726694,2
3.509565339914806,0.1976014136474539,5
0.8128543125027287,0.5905016822784777,1
0.5245123610373347,-1.2478210376309273,2
-0.012397689736085028,-0.3660645281327325,3
0.7973838113756959,1.0657916082849386,1
1.5974343241884437,1.334458839130559,2
1.5829056862812478,1.124700943074313,2
-1.5908239987850676,-0.788105254148438,3
1.0258725771283648,-0.7887122168143245,2
-0.5502480323157802,0.9337940554412014,2
1.6161613757458815,0.7746436322585649,2
2.0619248797055705,1.1680470632306934,2
0.5757114778090945,1.5112521437676454,1
0.8454165775184593,-0.5353469506397376,2
2.609503799186896,0.17309203636883233,1
0.5423036135506244,-0.7207782160727374,2
0.06786450514802403,-1.2811038706255498,3
1.6187311145990328,0.5537522764158362,1
-0.3489981706403799,0.9164380871646364,6
0.4481363732292684,0.8805970183180135,1
-0.9892365742848372,-1.321532722666803,3
-0.4497627788231762,-0.25674045169199317,3
0.4465279440986767,-0.29919888470898576,3
0.7860885300908573,0.6757757592002532,1
0.49451108369568364,1.6534312158114122,2
-0.7042187718870991,1.008540610013295,6
-1.525359592675129,-0.7949556236011158,2
-1.530631395191149,-0.8353483400006438,3
-0.23106401355777195,-0.5560491649359113,2
0.1338077811067208,1.383783082380591,6
-1.1905671900540615,-1.0411924336531986,3
-0.969052426260119,-0.7317548353714917,3
-0.16658556019001025,1.1991664664669177,6
0.7176486688677238,2.074899876729167,1
-1.0953375443710784,-1.077634355282991,3
0.5271159274031381,-0.5705955992262554,3
2.369108203928932,0.3425393657274141,2
0.17260443687993626,1.3988909771601783,6
10.923854438560662,-3.179594559563806,4
2.719551148830243,0.7813768482636343,2
0.011422005441238253,-0.7342534972513832,2
3.611828850512628,0.05424183194743738,5
2.790703040826581,0.28156325194516174,1
-0.6352863226083366,-0.7697008346359401,3
-0.50050332439055,1.5356628163224482,6
0.11698433442379293,1.1204051172424725,2
-1.7463198862372251,-1.1744982158681363,3
-0.3697690499209296,-0.8121913414891287,3
1.414007835635282,1.1786273939651775,1
0.45590457112776556,-1.1607152933209386,3
1.1836927588581039,0.2595388522715884,1
1.652691577894796,0.8317003461766027,1
2.853471265449727,0.5039526245913958,1
1.9892293978950812,-1.8939680020508192,1
1.333775309775077,0.893236660077404,1
3.647037908862897,-0.4158179306053738,5
1.0620700834394123,0.5419970353091025,1
-0.43133433261713516,-1.270426676800155,3
-0.44612908268008483,-0.896117826916579,3
3.3685325994331388,-0.10790697234712587,5
2.9219986490224668,0.06245721337526577,1
-0.30180184220148615,-1.2327898805083854,3
0.5996966732293025,0.6572245393490064,1
2.324574044545256,1.0505547381982623,2
0.4281680204007513,-0.016613388596630592,1
2.449638830798662,0.49368240701689176,1
-0.5512719180349003,-0.981338547146371,3
0.7040717323201175,1.0966946325989009,1
0.9614641685896006,1.516192423574879,1
2.6793425911394584,1.0435913692776275,1
1.8803327641189875,1.0557063872408559,2
4.359778583555899,-1.0727758890069459,5
-0.24365139385690307,-0.8120493668651614,0
-0.2621920965708914,-0.4965901009275769,3
-0.43624651268461756,-0.9009406695336091,3
0.5740236751519042,0.5380145180024699,1
-0.013095011411893008,1.006050376441508,1
-0.770097590010244,-0.8977832056610058,3
3.565402016689168,0.29498084418528936,5
0.15703844568750616,-1.000665721596823,3
-0.26400210430589777,-0.952884640044719,3
1.8695600133389474,0.5936440422215306,2
0.40287127363925046,0.999833076166453,1
-1.4178812670295635,-2.7046260049188766,3
2.8512288729796462,0.11499675657650676,2
5.022947461727877,0.6335898676933293,5
1.0352395051844214,-0.9611083247460183,1
1.5739736557542616,0.7468900524812256,1
3.761811369779537,-0.5777448243163517,5
0.7623716190471695,0.6618437686484188,1
6.488103882405789,-1.3980091301530149,5
0.4895469633229363,0.5141995049947881,1
2.9612379319110724,-0.3335086865212931,5
-0.16029108360835098,-1.7025783600730036,3
-0.21230351807310238,-0.8085691413715316,3
4.703370834835815,-0.6737446174288174,5
-0.20417616257608637,-1.1064627113720515,3
-0.16137970992471007,-0.3274177135956393,3
-1.1369024137406938,-0.9364144298195148,3
1.481359516986397,1.2793070985370385,1
-0.7151451377071472,0.9560484542182405,6
-0.44190413319334726,-0.9650955322171008,3
8.737532570218795,-1.8729906421455564,5
7.435459886488506,-1.1342917957532086,5
2.157153621640174,1.020543523026608,1
-0.6710264529085292,-0.5030772009088307,3
1.0285287359656554,0.9122606094780403,1
-0.22594094796107733,-0.8209239811601572,2
-0.7736665678535234,-0.8250370758248559,3
0.845246442362704,1.2813917063293108,1
1.1035418858220847,0.8678745344611116,1
1.5739907070632213,1.475002956336072,1
1.0502617426273742,0.9911269346038698,1
-0.27320637193528086,1.7017099832537732,6
0.8437371189541973,-0.2833541129782008,1
-0.03405319818631885,-1.7138175626967505,3
2.012752725530824,0.9769735527968265,1
5.937928315763913,-1.3149293720528057,5
0.31824326929986735,-0.8254747161283503,2
-0.426977382943453,-1.0306877655229267,3
2.4731663539564273,0.31527474486538004,2
1.1532436396759045,1.0302506581594852,1
0.5537931840204803,1.4124087894589483,0
-1.0309279848261552,-1.3540182996045063,3
0.13894268008179053,-0.6867948447648505,3
0.36620659252977,-0.2545757742178585,3
2.845327254892904,0.021380141519458953,1
2.3231468724571047,0.8696407879435959,2
1.726821264172976,0.2914070492852817,1
-0.5364850328733145,-0.9305313526729738,3
1.1334277551603196,1.2305999009887831,1
4.612029966076658,-0.052445867474068035,5
-0.4233843964225734,-0.26416184097973516,3
0.8550591034268947,0.9448910914262966,1
-0.07346857871569844,1.276776388813378,2
1.572577229650508,1.5882475312183866,1
1.2633730491829505,0.4815640315915151,1
-0.58151017264815,-0.7181678108208022,3
6.576752854206422,-1.3915499368178337,5
-1.2966633696564305,-1.6015639386628642,3
0.4152065126282562,1.2894502416533902,1
0.09227591953352864,1.2792715953030305,1
-0.34357109953783693,-0.5288877933558902,3
2.787771585863537,-0.03601418833074419,1
-0.3628913968120494,-0.5343303876041768,3
0.9867171822889343,0.8809188370019633,2
2.2878616214923446,-0.08917886231635345,1
-0.33222960377783467,1.3736571298286806,6
2.658420240054627,0.3640117565986914,2
1.1182962951978592,0.8425249519647263,2
2.684443937863694,0.08486977966857026,1
0.7173420058738121,0.8545016230481792,1
-0.18469880065917993,-0.8588346657459802,3
-0.7653262140184777,-0.7232454829419768,3
-0.49053725202353077,1.5447595654513777,6
-0.5518387321221782,-0.5482576139836031,3
1.0077345412385847,1.3951162553213121,1
-0.17239830807362494,1.731258299615358,6
0.46515224055845383,-0.5695762131036338,3
-0.5871658542634294,-0.5999992839376951,3
-1.89655032998785,-2.0025944701127356,3
0.630323872653706,-0.7437279922770856,2
2.307839702009487,0.5367730210024525,1
1.2713198695795276,0.4874074615319436,2
0.9685957529965529,0.9916379457522126,1
2.373709212292104,1.0479688592324565,2
-1.0378317238365757,-2.1134235351105968,3
-0.5430079351996672,-0.9688020071654195,3
6.296599100876264,-0.49859967425381735,5
-0.7490973347304359,0.5721670029432108,6
0.9412045420915971,1.4976931686430197,1
0.5344283395532382,-0.9152475672620626,3
-0.9086082327574531,-1.0400782988662642,3
-0.503593240832924,-0.921026840340502,3
-0.35918922334446296,1.368121284916094,6
15.008583500794204,-6.090622589110022,4
1.0106825576965355,0.7203290094366049,1
0.5248677831108439,1.4618207627824216,1
0.4830644097348716,0.9969652902763461,1
-0.5754152236193979,-0.23103875507252908,3
0.7007051574937916,1.3828266720773132,1
-1.4702282296953673,-0.4757694175924445,2
0.4497024168227821,0.8422051034788087,1
1.616743950912928,0.9854234396973731,1
-0.4828897097256806,-0.8624182176808993,3
0.07523741992995872,-0.8484282355694811,2
0.7643824746312985,1.471494608025976,1
0.3648015404964243,-0.8895292071128643,3
0.25792565135841883,1.0100912434353242,1
1.1227953541908449,1.321628931978225,1
1.2843296039644065,1.052232963106116,1
-1.190615884508229,-1.415775095947181,3
4.618408582780034,-0.2898821285607682,5
1.904654121233164,0.4003612595189296,1
0.6656397380288148,0.8282050494353211,1
-1.0725530618695565,-1.8399624017018879,3
-1.0174637771208248,-1.348792182211465,3
-0.5061024420324066,1.5381793906294359,6
1.419378705818292,1.2018716855059857,2
1.1541766578444603,0.732066773866815,2
0.006725341594133132,-1.6359785420707114,2
4.793678827616251,-0.27966118333362316,5
0.3110179928015859,1.0222316117531582,1
-1.1599487092350595,-0.9016817228884141,3
1.5366936444234336,0.3232200096933686,1
1.0179879798093192,1.473817580740036,1
0.7209227902749535,-0.7533244759044604,3
1.002382581324727,-0.6730616331305809,1
-1.4155877793439557,-1.17624864115253,3
-0.5518030487452574,-0.6456624271705727,3
1.2456736650672113,0.9764158993844645,1
4.155314562689062,-0.011000901197133706,5
1.3881068575408104,0.49070472668606585,1
-0.7039008477631803,-0.64984462848473,3
-0.13175105811338686,-0.27855217878954697,3
-0.6718791237089043,-1.353624035369888,2
2.5032758225618075,1.0985787407242873,2
2.1552293988451554,1.4292373259433055,1
0.8395183843807256,-0.538258781015384,1
-0.3466602560690174,-0.31966715337227547,0
0.1916417703365129,0.8709124907721733,1
-0.24842232598971167,-0.45420293440976034,3
-0.8285287933682332,-0.8126215391014748,3
-1.670122577716311,-0.9080065985431857,3
1.3284982517732205,0.4688200671112483,1
1.0191156354576172,0.658354202882333,1
-1.0515180363224845,-1.5758997336554184,3
-1.8371380870819267,-0.7351773356082575,3
-0.5630020528532694,-0.5226529557894037,0
3.3482294694180723,0.12516401442497874,5
0.17338003004519448,-0.8509376346054464,3
1.468995216117135,1.2399353194853557,1
-0.45571151980856134,-0.7741626628709372,3
6.301311529932057,-1.345477959238055,5
6.212563492986604,-1.1900527269482504,5
-0.17759631001158263,0.9228225384551049,6
5.313760971721338,-0.04954280576750791,5
-0.9053235737694955,-1.23952057815471,3
0.5023343161010886,-1.5535753145906253,3
0.27574720553563886,-0.7774718982329826,3
-1.2190040468577317,-1.3655537649000697,3
-0.7576411109954313,1.3685998289195367,6
1.6375158954620028,1.4459557835618626,1
-1.4692595335419207,-1.063923885376177,3
5.039671758587518,-1.4467269975547887,5
-0.5330620615990348,1.532643545716849,6
-1.151384827100692,-0.8244555858711409,3
-0.6240226754421366,-0.3050049150076888,3
-0.6630291964281378,-0.7995758640805088,2
1.1477632821747594,1.534790463675108,1
-0.253094506145828,-1.4751475917961878,3
-1.9048895471149074,-1.0145633691512723,3
3.493444278317577,-0.1692239697570171,5
-0.828000293168846,-2.098799666070625,3
2.5241135898918907,0.6518531151001837,1
1.1263911977720087,0.5011782398695808,1
0.8594741455847397,0.9612524997682663,2
-0.5088453735879891,1.5348565897757667,6
-0.6171796447632366,-0.8105853022470338,2
3.314312622186796,-0.22980442115927255,5
0.3078868881087107,0.7193872874983468,1
-0.766844417226538,-1.3687624953099344,3
-1.222708150172774,-0.07862500799723607,3
-0.1608354566642341,-0.6191655174345052,3
2.685702654487438,-1.195029638198411,5
-0.9621329850062017,-0.7900920241006197,3
-0.8683283236996954,-2.1826281269003505,3
-0.7867035240739652,-2.2024052327680756,3
-0.42266918191130737,-1.5875538667640414,2
-1.0897617097187606,-0.9103127377942234,3
0.5741614431266082,1.305260851072808,1
0.694812784910768,1.0901896918087681,1
0.28971218126621057,-0.5413746353501295,3
0.36681291511240705,0.9669390074474379,1
-0.8989658796030342,-1.3123096904790525,2
1.4405268607883548,1.1998323656920025,2
-1.4438754624937882,-1.047142930611272,3
-0.5851397385186508,1.2024161676919467,6
2.074196861541959,0.867307100388497,1
1.039730806108356,0.7266587252041502,1
0.6124412443402781,1.119225087430492,1
1.8981648858539024,1.6282391710165232,0
0.11155546793694607,0.8042693635429953,1
1.079502971654049,1.1615949125030387,1
1.323723792238539,0.3725754874973227,1
-0.8268859967562098,-0.663499226340927,3
-1.4067858965012972,-1.7269182696800065,3
-0.9609719491971865,-1.8814857625406476,3
1.253514407586936,1.1364659250990718,1
0.8751372031188823,1.4435171029566747,1
0.8324291722726068,0.9429278005990236,1
-0.08498128096871585,-0.8372107967553655,3
0.757486295283129,0.603667270182402,0
3.307648785245981,-0.1588311201903043,5
-0.03480592241188071,-1.1852266569317669,3
0.01558745442553719,0.9610162322905703,1
-1.3105093703895443,-0.6457943942526784,3
1.2692065534499808,0.35256210559201007,1
1.149774555271482,0.8761667054454582,1
1.497826740733646,0.8042566578152661,0
-0.8367039355001132,1.0302041358977532,6
0.6076929043580045,1.1125859717243114,1
0.3049144873879487,1.2185581118102893,6
1.5033904630979447,1.0934827662759283,1
0.764250879939518,1.5466578315809159,1
-0.1710697270610564,-0.69507145458348,3
2.161135173445099,1.1955320658066406,1
-1.119630749443888,-0.9102871677059248,3
3.009364086661656,0.05180010132982612,5
1.2158567063146548,0.4798032986722358,1
-0.1881999580499159,-1.1049274949317254,3
0.1091632556570505,0.6471061966532173,0
-1.3758344213519003,-1.3721938450969067,3
0.09155069426506973,-0.4681181408533596,3
-0.0688675517475101,-1.101319971077247,3
2.021426061121165,0.7045592037137388,1
0.16124628435663824,-0.8037896826743683,3
-0.8286661215675635,-0.4300873848632442,3
-0.5749601752427421,-2.241947519824983,3
0.980670011980769,0.7521613167969616,1
1.7992729491187722,1.8980041648079615,1
-0.3293734176915606,1.3678177546680237,6
1.4359080358181584,0.6132076167618491,1
0.35435220375328946,-1.1544460859141483,3
-0.4972354295096007,-0.8627721131592941,3
-0.3578177575666717,1.3697826853429285,6
-0.19755785004884435,1.0465030129028916,6
-0.8329519575531129,-1.0318452981721244,0
-0.06349609316844745,-0.31647681455675897,3
1.4221530708496295,1.0518001101303585,1
-0.03965163026011419,1.2906192358601378,2
-0.33175990778863856,1.401349293452786,0
1.8383137255746191,1.4805910850046713,2
0.09277186904435634,0.8801594842023325,1
-0.48619972952133356,-0.6787431355570327,3
-0.0057784127030705975,1.5898403538522112,0
-0.7086389260663274,-0.49007861825694976,3
2.0208812122461146,0.5100213045170118,1
-1.049527497648446,-0.902126557464553,0
1.8608333577712657,0.6203953637781728,1
0.5108426963239115,0.7234874055495424,1
-0.591137837408491,-1.4028228122061115,3
-0.32468887527962526,-1.0723485459529747,3
-0.7177784182210133,-0.9264243930660859,3
-0.12396892820816559,-1.1088464547081953,3
0.23760981501440614,1.0425565685338516,1
0.2634614421744379,1.4811787437116033,2
-0.5641140559088541,-1.5261420709997064,0
-0.9107581625477899,-1.7245102860064767,3
0.5798867599489635,-1.1176091261723446,0
2.38480724007163,0.4112528949562092,1
-0.3550748260110893,1.3731054861965977,6
0.49836408804554794,1.5944373458663028,1
0.2217607135664306,-0.5404081588488637,3
-0.4733938901512514,-1.824410744320111,3
0.30007719255091825,-1.1379290160667974,3
-1.0546286787178631,-2.911001046334057,3
-0.5730535025856637,-0.8907468903046868,3
-1.0720276336331591,-1.7259265486766093,3
9.756395387311397,-3.236275472343526,4
0.5559863793994712,1.1388437218163765,1
-1.2764322224890003,-1.189328840412134,3
-0.8022600032802709,-1.3762186202713238,3
0.8676831918819745,0.4897636512618594,1
1.103670669353269,0.5885331772963269,1
0.4342604829465429,0.8362519712759183,1
1.30068300903931,0.8969272333281534,1
-1.0711607625780009,-1.5506350268232052,3
-0.6201928103868217,-0.7014823952293437,3
2.16845211049903,0.41710913580393966,1
1.298772527207767,1.233691223648412,1
5.150814387946925,-0.012597046776451336,5
2.66330255104155,1.3337290997195972,2
3.0263638404024715,1.0891031989897701,2
-1.3651755258437595,-1.214038492158478,3
-0.6774477065526028,-0.5781322343080124,3
-1.0773419272386122,-0.6364513091424336,3
-1.4297705578842095,-0.783003039379111,3
2.168131284242387,0.3529525228602045,1
-0.33908693266679085,1.3653501276945077,6
1.9075444578361052,1.039740653957043,1
-0.20074303369472007,0.8643006000417779,6
0.07464097803568387,1.1913067122253747,1
0.571159732654168,1.0346519564620182,1
3.18257134946688,-0.1508491640981838,5
-0.3701609495667927,1.3548300815014171,6
1.3364545502798346,1.158541961051017,1
0.6094087855941661,0.9382515151159743,1
-0.06386831827116,1.2884061918012202,2
8.450332822070845,-1.9825821951296871,5
0.1338077811067208,1.383783082380591,6
3.0014626860831712,0.4118661770794533,1
-0.32530755245514287,-1.038411017961203,3
3.0799078785071474,0.08345593828832966,1
2.4155195879774842,0.5722854116982324,1
-0.06386831827116,1.2884061918012202,2
-1.113901807249779,-0.6536169570428626,3
-0.19491664553442972,1.1919692211274964,6
-0.3723552948112587,1.3521718408184817,6
-0.3886186645844368,-0.8882661508839672,3
1.9983055012857667,0.4647443972905116,1
-1.0231315704878612,-1.507060346157133,3
0.04254187860892854,-1.1190217967433196,3
-1.177195656088279,-1.5712142914736833,3
-0.3619321549000454,1.3647984840624248,6
1.6478312456854192,0.8556477262824297,0
-0.36897398227839207,-1.2411348060150635,3
-0.5691371946564432,-0.6911077177381997,0
-0.7603840425510138,1.3652770280658675,6
1.6772461499600195,0.6643291719882087,1
-0.7672413714399698,1.3569700259316944,6
2.6975190823372865,0.7541001589476224,1
0.1939812808997431,0.3543554576151645,1
-0.9152313017343252,-1.7387691023641363,3
7.239202785941758,-2.0644494635989883,5
3.1862721511264507,0.12333253137318403,5
1.6662768336466822,1.0336215280010277,2
0.0950976674487924,1.6497265151355738,2
-0.7821941855083279,-1.4488538716849153,2
1.6814270320427713,0.5669640243698799,1
-0.33908693266679085,1.3653501276945077,6
-0.8441974716112921,1.0151705489829093,6
-1.1137750511426356,-1.0683924152637951,3
2.1306800487833133,1.4004571388048919,1
3.20971008685531,0.6357695772768951,1
-1.1042316113148147,-1.4440186795365193,3
-0.3363440011112084,1.368672928548177,6
-0.7658699056621786,1.358631426358529,6
-0.29569698577381953,-0.9619310464168905,3
-0.24219607890823086,1.1269212319430915,2
0.8727473390521603,-0.9861251117284616,1
1.3943662567624873,0.6485765543169663,1
0.8051845920875614,0.7376683457400384,1
5.226234951612242,-1.1746301115590658,5
3.653772345576333,-0.20828829160261883,5
3.109944467318225,0.8037522925025993,1
-0.23431701177229114,0.7540983707306219,6
-0.26356132411864813,-0.9828322587166127,2
0.9456716051756643,0.7456978926082857,2
-0.9824464648318496,-0.43441749697568915,3
-1.2165268174500938,-0.9629330559688396,3
0.6493167721637951,0.8342480308484842,1
1.531194916904303,0.29356169928416126,1
0.5527118933963278,0.8781704822600297,1
-1.0239541109857637,-0.565119775293194,3
-0.28679161225681515,-0.4911917206174204,3
0.3656128821042728,-1.157630726651518,3
0.1246209475499191,1.1144671720715404,2
-1.0533452527831446,-0.9880967115288123,3
-0.9683989051074889,-1.1180301031403925,3
0.46106801306428324,1.310868881911132,2
2.665386880334253,0.5017937007446374,1
-1.1556315643112243,-3.2371952447706125,3
2.8431305567129748,0.017720563067338407,1
-1.8632294462776464,-1.0518695513708771,3
4.617677931870942,-0.22215389800460592,5
4.627419726740349,-0.3489701679475712,5
0.8929512165449985,1.3325516311907624,1
-1.2156334013552652,-0.589994289749288,3
0.32229909200222434,-0.5486635983109528,3
-0.20570910073567544,1.722796006543109,6
1.1264352360801166,-1.243369317117648,2
-0.9054583279826066,-1.4566631722923387,3
-1.35252419746279,-1.9650376796367215,3
-0.4176251496537898,0.17746308041214495,3
-1.2807565553563414,-1.8146957147548595,3
-0.26909197460190726,1.7066941845342771,6
-0.5739451523298932,-0.9240126613810429,3
-1.7729998422780797,-0.3979471065311203,3
-1.3065490305057872,-0.645507261300418,2
-0.7658699056621786,1.358631426358529,6
1.2424441584002826,1.272326532212017,1
-0.9926037050768344,-1.3456127837455338,3
-0.005382798708009214,1.5584290366804299,6
-0.7686128372177611,1.3553086255048599,6
-0.5402599155371164,1.2033135242042956,6
0.5052622598574448,1.2707095650403553,1
-0.25659458289858417,0.8501120401147522,6
-0.5034632828597827,-1.955969927889415,2
-0.3191264350674281,-0.17430163900931758,3
-0.029847341451137283,-0.655556136104097,3
-0.1804505634148612,-0.3613987176483841,3
-1.0790976804015977,-0.6724492632741902,3
-1.465145136208547,-1.0589396840956733,3
-2.0110109253364983,-0.5706550748075024,3
-0.7576411109954313,1.3685998289195367,6
2.341853572684923,0.8505927350059522,1
-1.8351523518189792,-0.9994732765756587,3
0.012032069034893603,0.5481669831445074,1
0.41364141633063184,0.6243960672541401,1
-0.021135909937990735,-0.7626307963464943,3
1.0956336594332323,-1.023349157459614,2
-1.0022415006323113,-0.9951651114850693,3
6.8007119139655,-1.177881115631531,5
0.13147827643887516,1.1227741742057133,2
1.2915122107469508,1.1476633402011198,1
4.364065670028692,-0.13997786486686709,5
1.3996343893224834,0.4915028431938795,2
1.3673727473562152,0.8146964279234523,2
-0.5919970674076068,1.1941091655577738,6
-0.3597320070658792,-0.8336493439723736,3
-0.6336792457386696,-0.7959302282910169,3
-0.34045839844458203,1.3636887272676732,6
4.0710578713123695,0.027784708060782752,5
1.9217729879286625,0.1560038947789035,1
1.5783643789581547,1.0637132986925166,1
3.443637752698198,0.5567760645743273,0
5.146590187610824,-0.39060942443944574,5
1.8065454346535803,0.960151706769345,1
0.2612488109479116,-0.15202761045394977,3
2.742309677691223,0.3552670036851686,1
2.9701447393039784,0.5479848328779423,1
1.722964665782146,1.4740378618281484,1
1.1867036064053955,1.1971706486871003,1
1.3195411084794053,-0.7027633711222818,1
0.5497803525651945,0.9290187718270503,2
0.014530031254562198,-0.3445337312208592,3
-0.8438285747393914,-2.153134078030098,3
0.3025466423449944,1.0154233056701145,1
0.299803710789412,1.0121005048164453,1
0.65624851714049,1.2078632911469447,1
0.20043637430041092,-0.32243789216511803,3
-0.7558455176519429,-0.6361420364207534,3
0.6451642925350767,-0.40455638113760295,1
1.152277134890115,1.8464294226011353,2
-0.7284844634679094,-0.8468284483263616,3
-0.9368853309201154,-0.9742356854809536,2
0.057409578374753106,-0.17963313498660613,3
0.17260443687993626,1.3988909771601783,6
0.12856054955973092,1.189107742485196,1
-0.8441974716112921,1.0151705489829093,6
-0.33908693266679085,1.3653501276945077,6
-1.5810329903823528,-0.9042916345941464,3
-0.030487997121073904,1.5625552372533114,6
1.342536545351671,1.0101349759750484,1
1.7415545459155457,1.2930576394245799,1
-0.689697534204795,-1.455583307858872,3
0.17260443687993626,1.3988909771601783,6
0.005588927514320456,1.5717202400951065,6
-0.20573230115343694,1.725416097627232,6
-1.4266256315467272,-0.7286530285594651,3
-0.42223862648640864,1.0246027034765148,6
0.550633159502108,2.247729139664095,6
-1.670122577716311,-0.9080065985431857,3
-1.8371380870819267,-0.7351773356082575,3
-0.030487997121073904,1.5625552372533114,6
-0.9298531968453164,0.6724740067074076,6
-1.020362383279565,-1.8095990110144726,3
-1.3090619443099247,-0.7334955030788147,3
1.3158576007924188,0.5563676086376285,1
-0.5420192376490329,0.943762458002209,2
-2.0068965280031246,-0.5656708735269985,3
0.13515604646675056,1.3880645738915485,6
-0.3116576171109664,1.3985781362311998,0
0.6376837828744374,1.1496694219640458,2
-0.677917220801245,0.8474064704018175,6
-1.6673796461607284,-0.9046837976895165,3
-1.3652014121984695,-0.9760918886702169,2
-1.4334829604356834,-0.7369600306936382,3
-0.17207142330117514,1.1925208647595793,6
-1.3043506392589161,-0.3753407139940519,3
0.1365275122445418,1.3897259743183832,6
0.43184841731784485,1.3100108812035096,2
-1.062274773048484,-1.2003711818920462,3
0.26056947251576495,-0.3919638108910311,2
-0.514670214955332,-1.005621177156131,3
-0.41696599581368127,0.6943543705048743,6
0.16711857376877132,1.39224537545284,6
-1.575473708955116,-1.0123620981521528,3
-0.0012684013746356157,1.5634132379609336,6
-0.5173260859892209,-0.9578315969192154,3
-0.20570910073567544,1.722796006543109,6
-1.69450224692054,-1.3126044937560823,3
-0.027745065565491542,1.5658780381069806,6
-0.7692248460289832,0.8476365433154607,6
-0.09839023412856882,0.9058631554654808,6
0.05825082069567542,-0.4884900019121573,2
-0.08233270780311809,0.8924717494091003,6
-0.9779244384677507,-1.4221816372754021,2
-0.45240769466326,0.6176226529843936,2
-1.2309665448003497,-1.4361014043221787,3
0.019831477256643984,1.8910229680197024,6
-1.0112129809769077,1.1879998119178374,6
-0.6940768117425818,-0.7648483365410833,3
-0.13704249133632912,-0.21941641787747088,3
-0.5048255547410728,-0.8971658333912178,3
-0.5630369559116948,-0.37861158489360663,3
-1.0112129809769077,1.1879998119178374,6
-0.14222606096221807,1.767809109005719,0
-1.4598498820934906,-0.45606399409714393,2
-1.530845455786294,-0.8016012253084542,2
-1.4721930740936116,-0.47101659793865525,2
0.02204651684781507,1.5916570452171217,0
-1.1052015788363954,0.8405603969197729,6
-0.6744390306900939,0.8456640869016504,6
-0.6494542307993767,-0.5887151973661362,3
-1.3284912817878856,-1.297337786772611,3
-0.33115845681658235,-1.8379728200841787,3
-0.7143097635150619,-1.410012217575665,3
-1.3888830455027872,-2.0011056498427986,3
-0.24656935990811998,-1.1903045425154766,3
-0.757099109367071,-2.124019638145577,2
0.12829871757779449,1.3797575717573756,6
-1.152902144074992,-0.5468726603697526,3
-0.1880593166454736,1.2002762232616693,6
-2.00141066489196,-0.5590252718196601,3
-1.9289305380404493,-0.5406123783903777,3
1.5116873325995464,0.33461888242734933,1
-1.0758759630081025,-1.1433117075999977,3
-1.0501052396212567,-0.7615934241800844,3
-1.6867252587521984,-1.2183493276096269,3
-1.2348894000559563,-1.0250253446501303,3
-0.8680985812038476,-1.7941338030304148,3
-0.11152544228429177,0.4569571033909607,6
-0.5933685331853981,1.192447765130939,6
0.48663932729418324,0.9064710462088403,1
-0.9053494628574746,-1.2341404581883684,3
-1.8371380870819267,-0.7351773356082575,3
-1.6660081803829372,-0.903022397262682,3
-2.00141066489196,-0.5590252718196601,3
-0.9514927726124848,-0.7115537688314625,3
0.007058055237439125,-0.6124364848246153,3
-0.4208671607086174,1.0262641039033493,6
-1.3491958903234156,-0.8961580419790993,3
-1.9391600233053727,-0.9978716294590545,3
-1.5473789820737611,-1.1173336290188751,3
-0.10207646523629153,1.533864921599349,6
-1.2955773042834575,-0.6322160578857412,2
-0.2522467489925946,-1.262157675507392,2
0.05894550244281329,1.1436201275375502,1
-0.4236100922641998,1.0229413030496801,6
-1.3029390035402169,-0.880467938256206,3
-0.03828016448232295,1.2922806362869723,2
-1.58207603606956,-0.5489467822904841,3
0.009474712411218536,-0.7998276173164108,3
-0.9967556375211466,-0.9885195097777308,3
-0.815882044826997,-1.6755928021466435,2
-0.8233194349418108,-0.7054681453821726,3
-0.41515847462228583,-0.5192748175534433,3
-0.48259531986535786,-0.4817086224283691,3
-0.6496108292309736,-0.3088793594934409,3
-0.52757619848787,1.5392891474241874,6
0.6091881154213746,1.2808604250469384,1
2.3178158978412062,1.2081113752809094,2
2.162526994758698,1.4937724344421126,1
0.4194081402113929,0.3048859410214602,1
2.5206444979366966,1.6759229267970426,1
1.3397967385309297,0.8790312301392034,1
0.652454106948641,1.282193351989961,1
0.19682922811197034,-0.7699664027203875,2
0.7799037679860716,1.3661017903699357,1
0.7867623222133154,0.9103205339588283,1
-0.20621457259017106,-0.44396137208610204,3
-0.21977186774048044,-0.6487514755184453,3
0.028096390859868724,-0.4813878968062621,2
-0.5074739078101979,1.5365179902026014,6
0.2552326475076906,1.4712103411505957,2
-0.6459197999778891,-1.009050633610134,2
1.0288485648338117,1.1597326152482912,1
0.1558968438818455,1.0659761649513215,1
0.8359148686550371,1.5513049022191086,1
-0.05916602299143702,0.2369944357312965,1
-1.0978721948027261,-0.9591465047153069,2
-0.753828711850075,0.8439072675260971,6
1.5109104105368496,1.072930703993436,2
-0.6583337888470246,-1.9447367253833312,2
-2.004153596447542,-0.5623480726733293,3
-0.654685446095791,-0.5393983720066158,3
-1.1999875470305714,-0.7030006034119778,3
-0.04239456181569666,1.2872964350064686,2
-2.0068965280031246,-0.5656708735269985,3
-1.2529064549608384,-0.8678992623154506,3
-0.43699266505816,-0.26143068017903237,3
-0.9079677737026084,-0.8402943249286146,3
-1.8343951555263442,-0.7318545347545883,3
-1.5977555382457167,-0.5608079669050409,3
-1.4776789372047765,-0.47766219964599366,2
-1.1429092015511,-0.9122566692384714,3
-1.2282508865109443,-0.6052791736761663,3
-0.828642921149802,-0.4327074759473672,3
-0.20845203229125792,1.7194732056894397,6
-1.3201670137820944,-1.0673352508215583,2
0.46929680773103066,1.3208372844721394,2
-0.8441974716112921,1.0151705489829093,6
-0.8226489980970427,-1.191596731312961,3
-0.2860048461770008,1.3840871015720742,6
0.9350506377834917,1.408742234798665,1
0.06963605373233062,-0.6088446567374416,3
0.5573508010928642,1.316846493634861,1
1.4017997145303713,0.9625115396696835,2
-1.8425123679083852,-0.7365426210239322,3
-2.0122708088295833,-0.5670361589426732,3
0.0021703894656257146,1.562973837913005,6
3.6566838483299637,0.2446533530881194,5
16.54778786185777,-6.574864534468093,4
4.443631635346102,0.244687028003317,5
2.3414990660824224,1.043391124584435,0
5.438665594670987,-0.79927081585511,5
1.5741778851550803,0.9962000943117276,1
9.365662884628325,-3.2863987649212367,4
2.0589674833534186,0.7713404456865118,2
2.547511085360437,0.14350583396160552,1
1.3782923578289616,0.5852421287719621,1
-1.5231412932262172,-3.2224404858438027,3
1.1549926840537323,0.8299062417052968,1
0.7664784528469695,0.7855019440833453,1
-0.6590894403864337,-2.0471278201155942,2
-0.5399193904879909,1.5243365435826761,6
0.18342983323565082,-0.9367773338635521,3
-0.8240033095573762,-1.2442279333815094,3
-0.02652967039102276,1.0208013586194027,6
0.8340978234902946,0.6847249433813968,1
1.5789599248541948,0.6330733605302143,1
-1.3093607490939276,-2.0236265581944473,3
-0.5607306747726459,-0.9218735372159776,3
-0.5316905958212436,1.5343049461436837,6
-0.5371764589324085,1.5276593444363453,6
-0.03064406772439647,1.015817157338899,6
-0.5399193904879909,1.5243365435826761,6
-0.17297319308977022,1.21855162795685,0
-1.5189994361194614,-1.0313262329910324,3
-0.14488823910052806,-1.1410951468633337,3
9.766425163181596,-2.9367014112858203,4
9.456409822395894,-2.066039575236189,5
7.017573695508046,-1.330453659011736,5
3.7110136502092366,0.7535854687583561,5
6.396164497261188,-0.7569877914173894,5
6.398597524798045,-0.5006517040422935,5
11.425835141794044,-3.368600736497241,4
3.23087475857705,0.8059412869703393,1
5.527449021214188,-0.834901642409033,5
3.808902246091856,0.838071569585042,5
3.290691942015514,0.55466978528609,5
4.6480049208994885,-0.7548878565027404,5
3.5152447139196976,0.8143982414305798,5
2.4132048272942206,0.507852254643054,1
4.4953655814216615,-0.4149712788408686,5
4.915642146925628,-2.92336308473508,5
3.722075146228434,0.6146413540867857,5
3.486842358252183,-0.007560429119381496,5
2.4517079389975662,1.046010977709942,1
5.343768841210588,0.08490730491067688,5
5.657647111695622,-0.9497702524604341,5
2.589455690269754,1.0251379590997083,2
1.2025365903920546,1.3003406861008853,1
2.795604267175125,1.2595398300002123,2
2.0293467915356005,1.6799349698066721,1
2.9566792880831723,1.503596175540588,1
1.9768616189867878,1.1067173647772908,1
5.973530329945633,-0.7977272708712385,5
2.4615296121714905,1.0922949772405508,2
2.0597300464123114,1.2322823631934228,1
5.593012135371443,-0.6872418277244671,5
2.11105826374217,0.7554899745182855,0
3.648768613428015,0.5146224728915525,0
3.9254628015268738,0.0242626513405238,5
2.1783828563854133,0.1614951964294066,0
2.6367157902851956,1.0775818031585689,0
1.6253546829415861,2.151058749899238,1
1.0701643782627088,1.1475445281600738,0
2.045781835064629,1.2430391295655057,1
2.3985939691237976,-1.4411567819008342,2
2.739899383137949,0.6584990501571598,2
1.612688279618335,1.5847543778464142,0
0.38473268673249295,0.7536164416563015,1
1.1858744418313114,1.251815451775561,1
1.711228793543062,1.1427650162434617,2
0.5777160601290385,-1.4337345349807558,3
0.4244608501415657,1.4202156153902161,1
1.7616709043038183,0.4938957100349184,1
0.34192243148668683,1.2504619549405445,1
2.195590038009553,1.1142465564172976,1
1.1888280812182206,1.421347701227025,1
2.3858604475598764,1.3623266055974843,2
2.2899837420727653,1.7999233504641687,2
2.101860437156817,0.8485018629694846,1
1.5598807001498223,-1.3121253345458923,1
2.0685110863839027,0.15842846504014033,1
2.0173603350758076,0.8907823146073448,2
1.3478090862461207,1.5104111582131914,1
2.204399243377646,-1.4535542322775021,1
0.3331820081356813,0.9620597194225133,1
0.6204478987703201,-0.32508795609521884,1
1.701400720093976,0.6313684282609603,1
0.6944664184301009,1.2223825540312367,1
-0.30787488691859743,-2.40393399823446,3
2.5416093261890143,0.9195111614716492,1
-0.06539565025635888,0.4448075752853762,6
-0.11782734929065045,0.33502152725053913,1
-0.7959257981065321,-2.993567750684664,3
0.6417382702495534,-0.9331291487486274,3
0.6360857997464608,1.647698993335158,1
0.8300582746786971,1.3356574158382317,1
-0.3473360832189023,-0.503750475055463,3
0.5478848927550379,1.3887050742382927,0
0.3085280964469676,0.6436706092372833,0
1.5528845986929396,0.9541720730777172,0
0.6550968675436573,-0.9814720400390673,2
0.5485459708770342,-0.04907476481252693,3
1.1631168076203884,1.35288567521103,1
0.19106543425182168,-0.7099812305033177,3
1.003544785709103,0.9512929962223833,1
-0.6197012469533763,-0.9823209091396149,3
1.8643100770950727,0.9996099889375724,2
2.1472146889391386,0.9690654892927553,2
0.30082329047233647,1.2109538194456626,6
1.5992598688360038,0.8642121672524792,2
0.15208345002392804,-0.5392049359915749,3
-0.3415232865954387,-0.8467434881495329,3
1.5829577887755004,1.4724083190747959,1
-1.7716283765002885,-0.3962857061042857,3
-1.4897878384454637,-0.9241377688566297,3
0.36416126192548565,-0.41323015473682,3
0.7176486688677238,2.074899876729167,1
-0.022236002036565214,1.569903548730196,6
0.044779305975728136,-0.6798446124334423,3
-1.3697104689594846,-3.5686028657508873,3
1.3057763379799836,0.7142247095854759,2
-1.7471270292656127,-0.9102361471176394,3
-0.18908356456409223,-0.346839823775614,3
-0.4881064902427824,-0.9569735962115932,3
-0.33986216872804587,0.5716371536653654,6
-1.6972600302614442,-2.6274188259399254,3
-0.9330497716979116,-0.838788215439856,3
0.17858741284101387,-0.6647575499585262,2
-0.09779526207631932,-1.6087917165777126,2
-1.9986677333363776,-0.5557024709659909,3
-0.634165004529516,-0.9256153252627791,3
-0.2965240645058577,-0.7432551299023702,0
-0.46824144190600997,-0.9134498584717228,0
-0.005382798708009214,1.5584290366804299,6
-1.1367905895845891,-0.8150137233816769,2
1.6929127941775788,-1.2742441926541543,1
0.34630926162070375,-0.6948130286400942,3
-0.047307263420083005,-0.43213872824303573,0
1.8894245582452442,1.797908894636218,0
3.23148666800054,0.19455595053687305,0
1.4719098772753836,1.2425917396657076,1
1.0851868264293487,1.1844870927745204,1
1.1942292755843007,0.8159439064694188,1
0.8575896343628249,1.296344310170822,1
0.18996307007093916,1.1318748214152035,1
-1.2030010138510472,-1.7567081507563316,3
-0.12527298152791957,-1.1600497337467848,3
-0.6441069330681953,0.7876332037245378,6
0.6671686999585109,1.2390506012898725,1
-0.6438575196575484,-0.5454318900958715,3
0.03647484660988561,-0.8177616327493286,3
-1.6032414013568816,-0.5674535686123793,3
-0.6941252869350042,-0.9297755559698341,3
-1.6695659467920314,-1.8821033734402963,3
1.4852978814196174,0.6322110804080304,1
-0.7664819144734007,0.8509593441691299,6
-0.9203388237141314,0.7347317483059714,6
-0.5878777765216596,-0.7653838472352489,3
-0.8549702908142003,-0.9680942017651432,3
-1.7024455847412225,-0.8268659487397402,3
0.2177903148545627,1.3292236417977592,1
-1.9986677333363776,-0.5557024709659909,3
-2.004153596447542,-0.5623480726733293,3
-1.9986677333363776,-0.5557024709659909,3
-1.8371380870819267,-0.7351773356082575,3
-0.2084752327090193,1.7220932967735627,6
-0.5061024420324066,1.5381793906294359,6
-1.0134608350518621,-0.6817745841655655,3
-1.4893924105727832,-1.064221857209768,3
-1.838509552859718,-0.7368387360350922,3
-1.8398810186375092,-0.7385001364619267,3
-1.4935068079061569,-1.0692060584902718,3
-0.15868365029571269,1.7478723038837038,6
-0.004011332930218089,1.5600904371072644,6
0.17123297110214503,1.3972295767333438,6
-0.34045839844458203,1.3636887272676732,6
-1.007098583643534,1.1929840131983414,6
-1.7716283765002885,-0.3962857061042857,3
-1.4307400288801009,-0.733637229839969,3
-1.6317443803837712,-2.2129224579034634,3
-1.1325121268521656,-0.6581597539659804,3
-0.2441254620139624,0.6804981856935655,6
-0.31571577367694437,0.548472925678883,6
-1.3565331465012196,-1.178615332250045,3
-1.6601010279390327,-1.028740707781911,3
-1.1980715341271575,-1.4720403973114329,3
-1.1815409059577835,-0.8027796448984196,3
-1.4344783338380362,-0.781573020578991,3
-1.4169910329772755,-0.8704714864103827,3
-2.0110109253364983,-0.5706550748075024,3
-0.0026398671524268517,1.561751837534099,6
-1.3481672580339192,-1.3785680327486072,3
-1.4279970973245184,-0.7303144289862998,3
-0.9396036364576024,-0.5555082640536245,3
-0.7029387753252226,1.0393651439741851,6
-0.3074035668762086,0.8328486493074637,6
0.246173261046193,0.7509330561507115,1
-0.8136756988918187,-1.3713710510353119,3
-1.5681155968280935,-1.3568990941674595,3
-1.8123550924397416,-1.068600604693332,3
-1.0112129809769077,1.1879998119178374,6
-0.27401462738424964,-0.7759284435954578,3
0.0001030644031556209,1.565074638387768,6
-1.6004984698012992,-0.5641307677587101,3
-1.0884802154821223,-1.0693273531488179,3
-1.4279970973245184,-0.7303144289862998,3
-0.17239830807362494,1.731258299615358,6
-0.16416951340687763,1.7412267021763654,6
-0.16965537651804247,1.734581100469027,6
-0.16142658185129516,1.7445495030300346,6
-1.9875601746273728,-1.1704821273552315,3
-0.3363440011112084,1.368672928548177,6
-1.826166360859597,-0.7218861321935807,3
0.656540137678906,-0.8858485085459342,3
-1.1708983717049035,-0.6173597577370746,3
-1.612744987299815,-0.9842973568530156,3
-1.4326276320973605,-1.5097138165565007,3
-0.16691244496246,1.7379039013226962,6
0.963846679858694,1.2363471419827043,1
0.8714812069776892,1.1053230215281553,1
1.1414970936139528,1.70846599916518,1
-1.0404643198016723,-1.061068344581369,3
-0.16289587980352116,1.2388779125864664,6
0.31102843823049875,1.2803607417379859,1
-0.5547802412220475,-0.8797642718566292,3
-0.8599565624135307,-1.7081133671965916,3
-0.645575449578312,-0.5522796365669876,3
-0.025312133724736462,-0.5203497081664269,3
-0.24921719429133737,-0.9278311040568296,3
-0.9713302664502763,-0.9860944458661556,3
-0.8914200629971251,-0.4276063347207617,3
0.4459131519103956,0.19117945767629976,1
-1.5703516520580234,-0.5538462677767279,3
-0.5726374936167933,1.2082182301638535,6
-1.6084956603772644,-0.5582844238920983,3
-0.3434169639623878,-0.8427349722440345,3
-1.1789454863619024,-1.25764770045262,3
-1.8434625443534367,-0.8705679336773341,3
0.8693733536662277,0.8975534237707145,1
-1.0297382693982027,-1.4229733660976913,3
4.938544492455417,-1.1502180934011594,5
1.7552807281543408,0.7561828531172925,2
0.6879252226121838,1.031691605541843,1
0.48469840595293356,1.1495051043280384,1
0.005971669602191506,-0.0034525450576539116,3
0.5828406974648873,1.4611127887936144,1
1.889677041525581,0.6111179490237209,1
1.7885479624143301,0.8696350075005926,2
0.7141794025607007,1.2989908360274063,1
0.7234174305611882,-0.5355085455075086,1
0.4568924967772543,-0.3899088921098068,3
0.29200546387816223,-0.5000527769058483,3
1.4541098254112852,0.3008065775968782,2
-0.2473886673164672,-0.8731871096070758,3
-0.08509630331637558,0.06909840976623767,3
-0.9200462504886117,-0.5401206042863732,3
0.34693594815179235,-0.9044568201684229,2
0.2552326475076906,1.4712103411505957,2
0.007944593118510883,1.302710608030366,2
-0.0023129823799770536,1.0230144026783203,6
2.9286649906980893,0.3210077616743146,2
2.918620450048529,-0.12034668175692476,0
1.9270223449077317,0.03264560594032057,2
7.254993573941834,-1.1792710274037022,5
7.168361455088152,-0.9324456418894725,5
6.1348966828862315,-2.0477209717195612,5
2.195677563154585,0.3147546625745355,2
1.3629473240823642,0.904016867423192,1
4.280062718036527,0.41544214045954825,5
1.757452328388594,0.27926320640428004,2
1.1915968942121697,0.40150862873404575,2
2.4027668225469494,0.17593137252254548,1
0.5970771065402531,0.44573952893626884,1
2.0357854692799426,0.5775524742875958,1
1.0787704352305953,0.7838956597420168,1
0.6540710260615292,0.5402990090383751,1
0.07846534992087083,-1.5212540040697393,3
-0.2313149859908059,1.1255586953986962,6
-1.6632294530744227,-1.3875151613490673,3
-0.0016888342358898957,-1.333441046601954,3
-1.1556450756305745,-0.5501954612234218,3
0.5252281065330374,1.0531162113259591,2
-1.496533423250762,-0.2128439374877384,3
0.7728227243300634,0.40633852429291434,1
-0.7065152902612651,-0.8768227213310695,0
-0.6406431293199047,-2.356540121573681,2
-0.03928236710765454,0.46724457011091464,1
-0.011424422658759486,0.6512299315144754,1
-0.3340521042366945,-1.083193394229243,3
-1.263868322343313,-1.5276805549882508,3
-1.2228446572709468,-2.417632512860109,2
-1.17050358793455,-1.9438065089656307,3
-0.20976856361681512,-1.1474817651830649,3
1.1075957549193298,1.1407437096969042,2
2.3082653435493317,0.47141249293765863,1
1.1513855495102976,0.48065868696325187,1
-0.013101969360441319,-1.9412423998981825,3
0.2790489534422283,1.265928138729914,1
1.213811675207403,0.6020029794083366,1
-1.0861047772262016,-1.039469854695985,3
-2.1630090004896294,-2.544982652931538,3
2.300710558875417,0.11524362056569415,1
3.8827072892274663,-0.1308420838083701,5
2.159739387814677,0.7327614589239572,2
2.384869115855749,0.3948038771093708,2
-0.19551450326236502,0.9110141008728083,6
-0.47182528239846966,-1.4369246366404271,3
0.664120392539236,1.2832762007589613,1
-1.1556450756305745,-0.5501954612234218,3
-0.44026081181396565,-1.7959214757464101,2
-1.2850506498868786,-2.1317514060815443,3
0.20544123571517922,1.0785624509647929,1
-1.1098462180950426,-0.6901639283961529,3
0.617266031583771,0.921938396282504,2
-1.4637828143626064,-1.3660334140999304,3
-0.008651570295421714,0.450199519207631,1
-1.031454077256261,-0.46206549268387087,2
0.6241217619861031,0.7634532766557763,1
0.019995299466149048,0.6981372823931087,6
0.21315007581582293,0.09697058518254853,1
-1.6765836610002147,-1.5169170476188822,3
-0.8768070497517151,1.0042604079224084,6
-1.563758311262181,-1.1203883256328004,3
-0.8506995087080893,-1.4280704488155382,2
0.014345609439047705,-1.479073125406324,2
-0.4103562379794227,0.756700253153111,2
-0.9922819407245407,1.200687019149617,6
0.7157699837051955,0.3484525690532287,2
0.6127970547518621,1.0605095226958516,2
1.1176652004930563,1.781728398943966,2
-0.04382227569729638,0.8276199675435134,2
0.7385037279439037,-2.0756078632426447,2
1.549852554796557,-0.014362168123607548,1
1.3936338903959993,0.9667704847845157,1
0.9289516953632423,-2.472744937454565,2
-0.8393976943031817,-1.1573240993534244,3
-0.8311378639403147,-0.6685430369927241,3
0.6785609877276266,0.5451875176352162,2
0.21576758739202034,0.8685420613950585,1
-0.8998907960234153,-2.289437016491886,3
-0.27766731090548036,1.0186851161610762,6
0.7902970548023542,0.8681279802720203,1
-1.3226605849961903,-0.3773661982884937,3
-1.3322608454407288,-0.3889960012763358,3
0.368443231093784,0.3490164058432077,1
-0.9211646280383833,-0.7191597794813357,2
-1.0293600988297382,-0.755184850109938,3
1.6276123410857215,0.9908080410593708,1
-0.9839132744743053,-1.3625976453245734,2
-0.4850156750402939,-1.1746882811303672,3
-1.4390160605575293,-1.2273188731244888,2
0.0859841970818535,0.6018519000761118,1
-1.0064196270931596,-0.9096989252639234,3
0.650137149108693,0.3373451705237568,1
1.8745567197392867,-0.4636719581188739,1
-1.6094155310285985,-1.2896760226753081,3
-1.07746778670695,-1.8507531259558048,3
-0.10960367518345658,0.6493745424999791,1
0.1746290386323341,0.8596947688092629,1
0.1555162987179047,0.9257759552014361,2
-1.3266381572338857,-1.9861379463568087,3
-1.4979048890285533,-0.214505337914573,3
-0.9225360938161745,-0.7208211799081703,2
0.22029104044166117,0.6030961397044252,2
-0.7982872272698546,-0.7312982272112789,0
-1.3989978310805906,-1.455995714117543,2
-0.7551946154680392,-2.3575106089683,2
0.7523541755998674,0.969407216079805,1
0.615059447355769,-1.6898189136194528,3
0.08100011932803976,0.5509394664628711,1
-0.6919371954138648,-0.8010784168463886,2
-1.0598517108994003,-2.0671893648310182,3
-0.030543820619088394,-1.7091132116467689,3
0.051575815401080055,1.2484518067992314,2
-1.7686447623745534,-1.3810490888812612,3
-0.8307522944700898,1.0212121545073503,6
0.5608732187285713,0.4234131304883425,1
1.3001477292476793,1.3843091693839347,2
4.260808013868607,-0.23017943398997767,5
1.0934835045351075,1.1303276705420686,1
-1.2253269668094922,-1.8555564514234582,3
-0.18064220486968982,-1.4852341057226277,3
-0.6599688251701513,-1.9682092148961434,3
-1.2065278840766354,-1.9009672257536672,2
-1.0184475488407565,-1.7425962724718056,3
0.5128327826532864,-1.8819907292099538,3
-0.807899399121431,-0.8792399828249321,3
-1.0932926077824499,-1.6546286230557594,3
-1.7131924094043147,-1.2993798501072373,3
-0.6947371518381273,-1.8142201278582044,3
-0.42354434577633904,-1.1515317545981714,3
0.10835714670025726,-1.855745719687949,3
-1.5076465927748968,-1.2022613003984528,3
-1.9156959321498475,-1.3739070139066512,3
0.19854426085267532,-1.7016506814275274,3
-1.8695622813366148,-1.3996389457651504,3
-1.2059512461289097,-1.310145507412571,3
-1.0869815271458079,-0.4437693123293971,3
-0.448995412083406,-2.1105493332868965,3
-0.2470955257698781,1.052168983198809,6
-0.8713211866405502,1.0109060096297469,6
0.3496216958514394,0.9195779653680608,1
-0.6692147335349916,-1.4891450163042517,3
-0.8740641181961327,1.0075832087760777,6
-1.4979048890285533,-0.214505337914573,3
-1.4883046285840147,-0.20287553492673083,3
-0.0930087501797638,0.9062261345112553,6
-1.5006478205841356,-0.21782813876824209,3
0.4778439141366662,0.5228800475430595,1
1.5163987210801064,1.7611187546896485,2
0.5276572054867111,0.7793951529537162,1
-1.5901519641151793,-2.232365223986151,3
0.49306474584573606,0.9771959177453263,1
-1.711912257797722,-1.95571200355983,3
-1.631424860618231,-1.8010454840531998,3
-1.0355684745896345,-0.46704969396437457,2
-0.7162282308943867,-2.9236098490221867,3
0.8769361372871024,0.9215708787014981,1
-0.702173354246624,-1.8743178038080868,3
-1.2962346912223035,-1.1326261055300555,3
-1.055115561777886,-0.771309775603799,3
-1.4622467788059816,-0.17130892681687337,0
-0.5928882506893137,-0.8155748220113321,0
1.2411179177292528,1.1612878273575054,0
-0.273797575617912,-1.659968286440388,0
-0.17824363331268653,-2.257426021958584,0
3.0369917669383395,-0.6802890615350246,0
-0.27273395316020943,-2.1015712577270573,0
-1.7325411682815666,-1.1891140922949566,0
-1.2539132370260926,-0.9660600051197139,0
1.5655538328824807,0.6692601835406213,1
-1.1182783352560643,-1.507330969761583,2
1.0771657413059657,0.613114168559174,0
0.8631514485548349,1.0097184193801658,0
-0.025472152756456517,0.9761313100704745,6
3.238868560375236,-0.46620119492074513,5
-1.316648044597082,-1.2213957116639151,2
-1.1142241054530513,-3.0884544816734563,3
-1.606354220854149,-1.2068291965875382,3
-0.3888688828210352,-1.6325400779460304,3
1.4007234867641138,1.1136650331423696,1
1.4023242328455752,-0.1883120176315872,1
-0.36605306367851465,-1.2418217989100537,3
0.4318599196630651,1.2968571714918324,1
1.644633855492283,-3.2388163896700806,0
0.6812862579604838,0.7318122258806298,1
1.188385966661099,0.8704101472850422,1
1.771757744169612,1.2002538674875154,1
-0.8721983471458492,-1.7775441525210358,3
0.2953414063210417,0.6752184463039232,2
-0.1291291409727825,-1.5325653006993996,3
0.9399553585813301,0.3415269882508139,1
0.4395226825308859,1.140547597561531,1
0.8754303633000075,0.26421656588944253,1
0.9792484781561331,-2.7360895485122483,3
1.2397155102224533,0.49892302400188165,1
0.7463414721633722,0.7783797507810031,1
0.9521201611345296,0.7567380494786543,1
1.9720418900583503,-0.10969378381238108,1
-0.5810789963921096,-1.1332417779274235,0
-0.6367614797925921,-1.8489721839089983,3
2.0890240486128238,0.31376507574965373,1
0.5300269060225601,0.3774611132545319,2
-1.010021487348318,-1.2172925482226762,3
-1.2144707324770492,-1.566634357042463,3
2.140541240112946,0.399702164092756,2
-1.2022721848343172,-1.3722177587828797,3
3.6022260081131856,-0.8259259802675861,0
0.31404898538787845,0.871439215532171,2
0.21935971393732615,0.4706739232280822,1
2.894201864885946,0.7151816983647272,1
-0.1171152910030047,0.8543066924293791,6
-1.4200644709159422,-1.1630221329941397,3
1.1106049033177745,0.9109978708973941,1
-1.2643072577288612,-2.5360695392878476,3
0.12382218414464881,-2.777744268742133,3
0.08843611491381216,0.48705269075311064,1
1.8637459843624913,0.9376913832355768,1
-0.10982273452702222,0.8087829763677311,6
-0.6705384649876991,0.851906958736548,6
0.7641198416712858,0.4817425432687627,1
-0.9561503473822583,-1.1119348037557593,3
-0.8498971663534357,1.0097836178299646,6
-1.1035181324409047,-1.426488899595597,3
-1.5589027354952383,-0.8184390300798545,3
-0.25525384181656646,0.9574725836871064,6
-0.3365074462564676,0.5062484328666915,6
-0.718848839090166,1.1062205885036887,2
0.36511319060020686,1.387322035080277,1
0.3296917895537064,0.6609132669096779,1
0.11773443134964866,0.7691122537001119,1
1.8842299372043207,0.13889315575105002,1
0.29928072381952747,0.6179886159552586,1
-0.49847904653063735,-1.2448664676564996,3
-1.246204041771925,-1.2744915568674298,3
-1.1456983912861298,-1.1309510139757442,3
0.5131974617876504,0.8452636262285458,2
-1.5013232015888573,-1.5265738580218826,3
-0.8857273297019898,-1.1511821859823697,3
-1.6237973040629885,-2.5772907633096476,3
6.741639652370284,-1.1995592073267614,5
-1.8154309921834269,-1.2790156663033954,3
-1.7052354030073085,-0.9436972532171507,3
-1.3629755896093296,-1.2793873765259995,3
-1.0155412099412602,1.1842742811917275,6
-0.6773957938766552,0.843599956602375,6
-0.8485257005756445,1.011445018256799,6
-0.8457827690200621,1.0147678191104683,6
-1.5959348485621665,-0.8050598694587482,3
-0.8485257005756445,1.011445018256799,6
-1.0182841414968424,1.1809514803380583,6
-0.7161059075345836,1.1095433893573579,2
-0.8444113032422709,1.016429219537303,6
-0.3765890256921872,0.77053046519484,2
-0.8512686321312269,1.00812221740313,6
-1.0169126757190514,1.1826128807648928,6
-0.38070342302556087,0.7655462639143362,2
-0.8512686321312269,1.00812221740313,6
-0.6787672596544464,0.8419385561755404,6
-0.5076373529554571,0.674093494521116,6
-0.42338217470054196,-2.476921066447158,3
-0.9521388101491339,-2.218036787210327,3
-0.5214190358826392,-0.7584074697857762,3
1.2426398996360082,0.6649138467613288,2
-0.8611247044352773,-0.7640176412521621,2
12.365444248751613,-4.174923809335737,4
1.100634762176884,-0.3087137053062118,2
0.26017134718086615,1.264296717058153,1
-0.734363681606481,-1.1915934375802373,3
-1.0795990103117008,-1.8347322662220624,2
0.5846294122185179,1.2679895650066981,1
7.0984913596767445,-1.6712935710425572,5
0.360643212339953,0.8385983002098089,2
0.9509194960898655,0.9858210192207911,1
0.6959863606634141,-3.0757960727096476,3
-0.5764562122511387,-1.2484826891357133,2
-1.1682679732239303,-1.9185446652784126,3
-0.23397379184585834,-1.7124342180018102,3
0.28469217395025975,0.4841254297731167,1
-1.4503947324802926,-1.895730849782804,0
2.3717202433813305,0.10853293107352847,1
1.7988325555420115,0.14233471637359194,1
-1.0704796946995412,-0.6878372486268869,3
-1.0018822011690791,1.1890572161617747,6
1.5158866984904968,0.08941892644719371,1
2.4079655615700504,1.2633758530575028,1
1.562623652311727,0.2582434590386565,1
-0.94587662124024,-1.8531665388875584,2
1.5373421645349974,-0.5473900827955639,1
1.4140255853286914,0.530147414581493,1
-0.6634224547378799,-1.8306941182766303,3
0.7934806217082122,0.8663622511764086,1
-1.0077120233331984,-0.8122890035217792,3
2.4230250857475344,0.24057667330130683,1
1.3500612730202712,0.56987809292017,1
0.5075226196560189,0.9716079392851333,1
-1.5091445120309257,-0.8071114146207772,3
4.524125279792039,-1.2170562230725694,5
0.5446041143804103,0.9801211910916552,1
1.963290605880094,0.30493847864970747,1
0.22218274266724625,0.8843657727048357,1
0.0082891288587902,0.4504722151785232,1
-0.09923075081924711,-1.0581418212871139,3
4.479576614867217,-1.3108194109787936,5
-0.6609280840917108,-1.0909115912600977,3
0.5406244061798399,0.8778393477217051,1
-1.3681893895099086,-0.9532703135199222,3
0.7427902058196499,1.1594972187299306,1
0.8664870337588817,0.6405074206603749,1
0.09444374335936476,0.7414260886021625,1
0.4659357721815602,0.7175711564758718,1
-0.014273835682539947,0.6182863675418805,1
0.8748265837286655,0.5904267850917547,1
-0.32151122250861636,0.7115062177846158,6
0.3314855446198385,-1.5336561873313856,2
2.404531171466072,-0.30582131960441855,1
-1.4220436421758011,-1.5874152912074717,0
1.4809350330369373,0.03623440986026306,1
2.3232872449918225,0.5420807614162186,1
-0.3368441952832628,-1.2034765696640883,3
-1.1569808579648018,-0.9936841036361168,3
-1.2050812322978766,-0.5580915634351188,3
-0.31098800473262145,0.9076221193883988,6
-0.4456553761818954,-1.1988733982036268,3
0.318650830607352,-1.5689440624735618,3
0.8780880347462491,0.3120351066900749,1
0.04093037725033999,0.6694648111859852,2
-0.9700053199379272,-2.1097932495721494,3
0.9678567600635809,1.0704076698649378,1
0.7091320297795876,0.434402743210296,1
0.811276386574103,0.5493026739361678,2
3.6863720120038086,-0.15303926418630093,5
2.083013457047918,1.4686535492381314,1
-1.3199176534406079,-0.3740433974348245,3
-0.367774484038249,-1.7574881623476013,3
0.7926455858746135,0.7929368964248933,1
-0.6864126942695338,-1.627973360991289,3
-0.29970009017903454,0.6872288353334883,6
0.4355288615974857,0.8000299327943378,1
-0.488825181068476,0.8709479098329544,6
0.15646959076891873,0.6704172098055041,1
0.13684565625668763,0.7372481982910783,1
-1.6374402603534486,-0.9693838087858673,3
-0.3626802551431946,0.5061644396585945,6
-1.1912965877673793,-1.713733589481811,2
-1.418797109527902,-0.9967915029223389,3
1.6011323078585977,1.0979952473473502,2
0.8467653168737024,0.5357449479157642,1
1.5514672699213092,0.20755093097744984,1
1.5858788281607696,0.8147338910600785,1
0.8871012171547452,0.5013333506397379,1
1.819234531218698,0.18204857698583118,1
0.8046130975276458,1.093403743540581,1
2.4549812037575256,1.9054543207079102,1
1.9651553121203855,1.0010205536803227,1
-0.9599875865619424,-1.1421957111029166,3
-0.18404063334914722,0.9714074524827334,6
0.2810387126453539,0.722185897286601,2
0.6201139969636806,0.6629413721352602,1
0.28978449489583225,0.6621816977971727,1
0.18347363999607963,1.1258446338824266,1
0.4488876473766325,0.32041992277796494,2
-1.0129944397739141,-2.55501881775275,3
2.2549762829752673,0.537190219882879,1
1.4301603881685971,0.7943030142907638,2
0.3142257066287147,1.0787622870434954,1
2.278726537919988,-0.20982919860259283,2
-1.484190231250641,-0.19789133364622702,3
3.6912627531372926,-1.016188445684434,5
-0.6708172391195197,-2.021919578396593,3
-1.326774982329564,-0.3823503995689975,3
2.94126206741218,0.08281431216133962,2
1.0791134271141776,1.2527269870421478,1
2.9259542888212096,0.136277566072313,2
-1.433535917342917,-1.4362337996390044,2
1.4101404895145015,0.8876228723120034,1
-1.0943289723642955,-0.6392422826037515,3
2.836899494153399,0.40063208686731905,1
-0.7234186528174783,-1.120174350310625,3
1.0104988855216794,1.259088521993229,1
-0.02426057637460915,0.8266324684720864,1
-1.6855009612260883,-1.6464265468192434,3
0.08871234266462207,1.0875386315115554,1
0.40490863722941683,1.1086887352197714,1
-0.32903086234580226,0.8063337999243158,6
0.24738828697195667,1.0016855333621446,1
-1.0100553468300952,1.190919882899066,6
-1.3582373176774478,-1.682329917419556,3
-1.9510044892469867,-2.5009952085450218,3
1.4482189306013682,0.5543574932149505,1
0.20662107209284314,0.5226471035869975,1
-1.376418184176656,-0.9632387160809296,3
-1.0287364355616273,1.1953650755525174,6
0.0646497876789836,1.1905273915484533,1
1.3824727918360267,0.48110310407281076,1
-1.5284714290676926,-1.9272333018529413,0
-0.5728888711829817,0.9070915200685059,6
-1.0936850136922092,-0.7570830716350602,3
0.5000512246653844,0.5006555011863405,0
0.22152175436687482,0.6562939864534841,1
0.34949550090855264,0.8722229936486277,1
5.948652447024988,-1.433507910974021,5
-1.1611309387417394,-0.5568410629307601,3
-0.9122224143771696,-2.398999300870528,3
-0.31418545031904765,-0.9147924808751557,3
0.6546795898142771,0.49443678866636465,2
-1.4797155375800242,-0.821100653560338,3
-0.22570855465053424,0.9946012551885715,6
0.5639010673279995,1.069056648768605,1
-1.3796948645519092,-0.7344698865335867,3
-1.1556450756305745,-0.5501954612234218,3
0.5264733457905458,1.2953790577177848,1
-0.6485672797643385,-1.2441864412955126,3
-1.1857660982845124,-0.9024771471020461,2
0.1313167970140301,1.204573710347279,1
0.8495484281121592,0.7881595914283838,2
-1.3226605849961903,-0.3773661982884937,3
0.3290822671671277,1.1497380029527773,1
-1.3254035165517728,-0.3806889991421629,3
-1.0300826114784698,-0.46040409225703627,2
-0.22397803322145893,0.9244215162911247,6
-0.8014456746919643,-1.3856681247023996,3
-1.5020192863619268,-0.2194895391950767,3
-1.5165852923109902,-1.6518796467874768,3
-1.3247355180796703,-1.9597171377413523,2
-1.0438125190562304,-1.0433780395233045,3
-0.32288268828640754,0.7098448173577812,6
1.5479302496443,0.07213004306275969,1
0.70469951408804,0.322717582235125,1
-0.39078723826166256,0.7525376618287583,6
-0.7391916075238922,-1.0368185753504127,3
-1.1542736098527833,-0.5485340607965872,3
-1.1180859655508177,-2.3205179745267337,3
-0.3971812968905389,-1.5064067878694236,3
-1.601654516905271,-3.2638176143163844,3
-1.1697436695922545,-1.0630664115789135,3
0.07355459237297512,0.3294263842419431,1
-1.0266171672741558,-0.7518620492562688,3
-1.664600918852214,-1.389176561775902,3
-1.3976309070204367,-0.6658260119619968,3
-0.8381471317396073,1.0759139811028804,2
-0.8188711253437608,-0.8925311862396089,3
-1.3254035165517728,-0.3806889991421629,3
-1.655477179542996,-0.9323696377580734,3
-0.09508946523525448,0.9122307300144689,6
-1.3281464481073553,-0.3840117999958321,3
-0.756073577417457,-1.109175374975462,0
-1.005320712818091,-0.4820160957074247,3
-1.3857710756742354,-1.2799263851530518,3
-1.1474162809638273,-0.5402270586624142,3
0.16694824200269967,0.358384832075983,2
-0.693308661191656,-0.8027398172732233,2
-1.0110391321827583,-1.3394678520476226,2
-1.5300044926104241,-1.2695023964550054,3
-1.484190231250641,-0.19789133364622702,3
-0.7015627457193522,0.841399547548488,6
-1.2840732422819794,-1.346358807117128,3
-0.8589775224765791,-0.9575394182472642,2
-0.09319163329198117,0.8361315110036653,6
-1.3662631751597467,-0.6774995120865472,3
-1.3057696892448998,-0.7209418620206222,3
-0.5619295057630478,-1.3698641444838018,3
-1.7118368849282137,-2.0908431154677083,3
-1.32597951879012,-2.11626461530858,3
-1.3281464481073553,-0.3840117999958321,3
-1.1597594729639482,-0.5551796625039256,3
-1.1965495345329689,-0.2869102691513741,2
-1.4979048890285533,-0.214505337914573,3
-0.8768070497517151,1.0042604079224084,6
-1.0513142792725256,1.1725604849957882,6
-1.045194024895122,1.1754282704305021,6
-1.1625024045195307,-0.5585024633575947,3
-1.1474162809638273,-0.5402270586624142,3
-0.8815558383513276,1.003054022914529,6
-1.0355937644505835,1.1870580734183442,6
-1.0410796275617482,1.1804124717110058,6
-0.7131688632079206,0.8318861604064357,6
-1.1556450756305745,-0.5501954612234218,3
-0.8781785155295063,1.002599007495574,6
-1.0410796275617482,1.1804124717110058,6
-1.33363231121852,-0.3906574017031704,3
-0.24260365410225465,0.5893102069176418,2
-1.6351487308711616,-1.4749209611941618,3
-1.3295179138851465,-0.38567320042266673,3
-1.4924190259173884,-0.20785973620723458,3
-0.9035481460939435,-1.0019932424836524,2
-1.3254035165517728,-0.3806889991421629,3
-0.8781785155295063,1.002599007495574,6
-1.151724774282409,-0.779049631848558,2
-0.7084200746083082,0.8330925454143151,6
-1.4924190259173884,-0.20785973620723458,3
-1.2506791145424836,-1.3722595184298154,3
-1.4869331628062235,-0.20121413449989622,3
-1.1391874862970799,-0.5302586561014065,3
-1.1729463384108876,-0.5857150058699898,3
-1.1282157600747502,-0.5169674526867297,0
-1.045194024895122,1.1754282704305021,6
-1.0479369564507044,1.172105469576833,6
-1.5006478205841356,-0.21782813876824209,3
-0.8740641181961327,1.0075832087760777,6
-1.1556450756305745,-0.5501954612234218,3
-0.8768070497517151,1.0042604079224084,6
-1.1984695866218766,-0.2892362297489426,2
-1.4979048890285533,-0.214505337914573,3
-1.158388007186157,-0.553518262077091,3
-1.3281464481073553,-0.3840117999958321,3
-1.159784290661047,-0.8844699268397291,3
-1.0715731511113806,-0.7912465807258142,3
-1.3281464481073553,-0.3840117999958321,3
-0.7043056772749345,0.8380767466948188,6
-1.031454077256261,-0.46206549268387087,2
-1.3308893796629375,-0.3873346008495012,3
-1.637891662426744,-1.478243762047831,3
-0.9900258497398489,-1.053976388920988,3
-1.4924190259173884,-0.20785973620723458,3
-0.8658353235293854,1.0175516113370853,6
-0.7584116552263812,-1.3657305840708787,3
-1.4704755734727288,-0.181277329377881,0
-1.0465654906729132,1.1737668700036676,6
-1.227323879788122,-0.8346679138725218,3
-1.4728531929634576,-1.1613911591411061,3
-1.5006478205841356,-0.21782813876824209,3
-1.3295179138851465,-0.38567320042266673,3
-1.3254035165517728,-0.3806889991421629,3
-0.707048608830517,0.8347539458411497,6
-0.23785486550264218,0.5905165919255211,2
-1.4979048890285533,-0.214505337914573,3
-0.8781785155295063,1.002599007495574,6
-1.3308893796629375,-0.3873346008495012,3
-0.749873119821819,1.0957131773156288,2
-1.201212518177459,-0.2925590306026118,2
-1.031454077256261,-0.46206549268387087,2
-1.1611309387417394,-0.5568410629307601,3
-1.0046251327246616,1.1857344153081055,6
-0.837009252334821,-0.6016667470821069,2
-0.9909104749467494,1.2023484195764516,6
-0.8603494604182205,1.0241972130444237,6
-0.9749149084870468,-0.7064107198900039,3
-1.4787043681394763,-0.1912457319388886,3
-0.9529714560423873,-0.6798283130606503,0
-0.9189393465538255,-1.032143630522163,0
-1.295231269440366,-0.34413818975180166,0
-0.06187348695872667,0.43309494825105954,2
0.23331655388844144,0.8138908625344085,1
-0.7885524870097833,-0.9391741228836853,3
-1.1487877467416185,-0.5418884590892488,3
-1.031454077256261,-0.46206549268387087,2
-1.489676094361806,-0.20453693535356537,3
-0.8713211866405502,1.0109060096297469,6
0.6056485040797679,0.7785521316412776,1
1.3181143599093423,0.054905575065195715,1
2.117427712597525,-4.151669068024663,5
0.4056578943058562,0.43152750180749705,1
-1.4234914118292477,-1.7957873591236067,2
-0.9823684606238269,-1.7269748780695569,3
-0.9765751594018371,-0.4907591576750383,3
-0.4302348672794544,0.8445913721930585,6
0.9605942874699059,0.4111294799713392,1
-1.2337094659680565,-0.8979979513526934,3
-1.576234778106199,-1.6331914771839058,3
-0.9807426317284003,-0.9575878443531084,3
-1.705134176144964,-1.146905910216755,3
0.24938455860807815,1.0126947737109782,1
1.1723249833809057,0.5427432502927837,1
0.14999038538208417,0.625748926612877,1
-0.620912740264992,-2.161463632734507,3
0.837842043750364,-0.1774556222623979,1
-0.8361825085755236,1.0263976220983106,6
-0.7159274469522362,-1.0739080325658534,2
0.41268912750464765,0.8287183064380608,1
-1.3226605849961903,-0.3773661982884937,3
-0.7693949171491216,-0.8626546717065146,2
1.2211635919593071,0.7444576266813162,1
-1.509837317603278,-1.3125505628172922,3
-1.3480201521683037,-0.7569831490713821,3
0.29387794955728896,0.3098567027077402,1
0.22085917150105247,0.7383885649332101,1
-0.9886543839620576,-1.0523149884941536,3
-0.20409755072457753,-2.344452144034267,3
-0.13186575476734821,1.100398295039697,6
0.2511668126618097,0.33840542940617974,1
0.3742021141194318,0.15741542435267178,1
-1.0695572556986477,-1.0640973367116984,3
1.883492401796346,0.479190323707036,1
-0.1519736725527237,0.682586629267352,6
0.5229144243832279,0.7077823412302756,1
0.44663618152742873,0.4827125823105127,1
0.29975448787375764,0.6289722185723311,1
0.5858166138757943,0.2912362059786323,1
0.3283454685991992,0.7840244122629546,1
0.5871902230088458,0.7257509818681829,1
0.8502364084638849,0.4606838036686178,1
0.12066565608081813,0.6638953331602264,1
-0.563879371121551,-1.959716261774407,3
-1.4334347538387624,-1.0758461724452368,3
-1.4267392393978535,-2.0380202977489916,2
-1.3571902552493016,-2.0345356891446853,3
0.8481692861689415,0.7815402732033347,1
-1.3314262566009691,-1.1709496271404116,3
-0.0991872071389029,0.5937069039699195,1
-1.3217323956020592,-1.3701300580240632,3
0.002468628951553101,1.0525571890236647,1
-0.730755560266597,-0.9810098885195928,3
1.090791922927436,0.23746585298458442,1
-1.1160203624231717,-1.0914564040208643,3
-1.38908287292664,-2.0167776100757355,3
0.31443008097618724,-1.8874689602483674,3
-0.17843993202437522,0.8240591944494036,6
-1.8638132704928416,-1.8434383501229195,3
-0.8297566908851624,-0.8615682049095733,3
-1.0217392795402518,-1.5173106182664209,2
0.20936400364842556,0.5259699044406667,1
-1.496533423250762,-0.2128439374877384,3
0.7991624175243487,0.6688059462942693,1
-1.4206905445298037,-0.9679207298326687,3
-0.9160510557320459,-0.5414567234115497,3
-1.300196253139199,-2.1291051803672993,3
-0.7546871522088616,-1.7487309647425664,2
-1.0127982783856777,1.1875970820453967,6
-0.8489422426177252,-0.7758518249340862,3
-1.2454950132087024,-1.577141768230523,3
0.15747770310740936,-2.1383057196457083,3
0.5517974260440008,0.8829470533429313,1
-0.8598940090353506,-0.5703017503171113,3
1.3009941654507458,0.8488053520357888,1
-1.559616079976795,-1.182998927505707,3
2.153396338182198,-0.11722623854768802,2
-0.0774970903810407,1.0496598615163246,6
-1.487090204399589,-1.103537500266167,3
-0.10778825277846198,0.8695197716870036,6
-0.7421317864930858,-1.8980852302748987,2
-1.5482934830395751,-0.9921564580148109,3
-1.86326998212262,-2.0888686927010713,3
-1.4924190259173884,-0.20785973620723458,3
-1.610234977130201,-0.9357701740356139,3
-1.0059965985024526,1.184073014881271,6
0.9334977895085929,0.4815037196318771,2
0.2740121348051023,0.8047434491428052,1
-1.078389820007632,-1.201863861882422,3
-1.4355046048749207,-0.653433469814433,3
0.43166534034219034,0.7486832372465305,1
-1.2813425525819169,-0.999288013656406,3
0.6445907731780021,0.023656799177252157,2
-0.9198824746317493,-1.3393643215497382,3
-1.4756011402466505,-0.8161164522798343,3
-0.8356333352428054,-0.6961183678263189,2
-0.6297494095722601,-0.7685662266293506,3
-0.012577567656884751,-1.5252983595243736,3
0.6940819817833614,0.8198588629526764,2
-1.2840854841374993,-1.0026108145100752,3
0.8889512175177035,0.8085904666628746,1
-0.07341163065085844,0.9050271094176662,1
-1.632057818879582,-1.3397573713050812,3
-1.341677196304762,-0.8343515405628665,3
-0.40883511817125817,-1.682556492011533,2
-0.7797327694753169,-0.61490977228186,3
-0.6749404518568821,-0.7458418704935598,3
-0.8130003230906858,-0.9855136666254557,3
-0.5814861446784121,0.9245453148075353,2
0.007793881936494463,0.7847675585330078,1
0.0977168024295705,0.5158181382663196,1
-1.045663845820678,-1.0801284124034431,3
-0.5997558292949577,-1.1444195048786714,3
-0.9843915378490609,-0.8252851536930633,3
-1.609122358237973,-2.0985741406249976,3
-1.1970981208440854,-0.287574829322108,2
-0.6294565229314055,-0.7784269319887893,3
-1.0460927009242493,-0.8127289647203458,3
-0.7043056772749345,0.8380767466948188,6
-1.1851147100439912,-1.0062261510660029,3
-0.9362770357466562,-1.4649520961111429,3
0.9247190546516125,0.6598547726040731,1
0.41228567064032023,0.8348813094955462,1
-0.5152689131143338,-1.100668514824247,3
0.22913635037957572,0.8611125127445863,1
-0.8150114744320834,-0.906380744211369,3
0.1543603342021383,0.897833843844055,1
-1.3254035165517728,-0.3806889991421629,3
-1.6413835591776018,-1.182451449659095,3
0.7825048883949326,0.8311066283202637,1
-0.40761330642384025,0.76002305400678,2
0.6266595552364419,0.839833247156846,1
-1.5254751918563016,-1.4740472372936058,3
-1.1935801855281376,-1.172783630332841,3
0.09313742593340642,0.5653429412114733,2
-1.5701391190158163,-1.57387244879696,3
-0.5931106894507476,-0.6317029309742285,2
-1.3199176534406079,-0.3740433974348245,3
-1.3240320507739816,-0.3790275987153283,3
-1.3281464481073553,-0.3840117999958321,3
-0.8504185932780255,1.0135901316294071,6
-1.4992763548063446,-0.2161667383414076,3
-0.697644637942249,-1.2715339348682433,3
1.7041962237001405,0.9931593508612478,2
-0.39847158940545024,-1.1012309293563993,3
-1.4883046285840147,-0.20287553492673083,3
-1.4979048890285533,-0.214505337914573,3
-0.8644385678906453,-0.6348947556187988,2
-0.8003131472863333,-1.0148985380162254,3
-1.2654775183216629,-3.267733245674926,3
-1.146351132252462,-1.9897776973034338,2
-0.4702053079299383,-1.7077317614799565,3
1.6329356621616862,-0.21716609511485013,1
0.09673443333358624,0.5111883548922497,1
-0.032075034280201885,0.5528892660078533,1
0.07369675540772123,0.40440168533323745,1
-1.682413149314826,-1.3141144145688493,3
-1.4114307619401683,-1.6789446712149758,3
-1.3037782198386438,-1.9939921173307487,3
0.04869903980280392,-1.2204008231125543,3
1.8186581425565418,0.2618356346139589,2
-0.2858684635622974,-1.6740125258695726,3
-0.9442268205724733,-1.9875255781472556,2
-1.2535255607204567,-0.8193538721542424,3
-0.16612975031356023,0.6285203357088837,6
1.2876324551442093,0.2702604892100493,1
-1.9683973311894998,-3.009335674992508,3
0.3990076401664117,0.6357387889431405,1
1.222363123917215,0.15689254064999344,1
-0.24950616192299743,-1.3758684728738466,3
-0.94905274157609,-1.1165759671185478,3
0.22290448474562605,-1.397212236273454,3
-1.2840854841374993,-1.0026108145100752,3
-1.0779012822978673,-1.3871537721620475,3
-0.7386366153281548,-1.1760095941055764,3
-0.6599676278549554,-1.365877880635785,3
-0.9241421579701998,-1.427171263886789,3
-1.322685402693289,-0.7066564626242972,3
-0.9299299277133389,-0.5094723113700684,3
-1.8984828747655065,-1.652389223331668,3
-0.4203549383261534,0.829389966283922,6
0.044891664327329474,0.45787642892320723,1
-1.1026611387047867,-0.8015609806789695,2
-0.12987528903634554,0.811566768594348,6
-1.0438225591173307,1.1770896708573366,6
-1.0438225591173307,1.1770896708573366,6
-0.7015627457193522,0.841399547548488,6
-0.7015627457193522,0.841399547548488,6
-1.0246220382282536,1.200349276833021,6
-0.8471542347978533,1.0131064186836338,6
-1.6415546576868223,-0.974368010066371,3
-1.1245528128221283,-0.6587637501488777,3
-1.1611309387417394,-0.5568410629307601,3
-0.8430398374644796,1.0180906199641375,6
-1.2054281167919858,-0.8908133410183028,3
-1.1234206251283796,-1.241207506221735,3
-1.3852537377436267,-1.0057965405813962,3
-0.16654126341111336,0.8866949367499519,6
0.3440853400540486,0.9893507327562885,1
0.23329997583568118,1.266021484653671,1
-0.19703165806908515,0.9879001012127322,2
-1.5864368339813246,-2.094571723652467,2
-0.709054465874547,0.8368703616869395,6
-1.0410796275617482,1.1804124717110058,6
-0.8740641181961327,1.0075832087760777,6
-0.707048608830517,0.8347539458411497,6
-1.0438225591173307,1.1770896708573366,6
-0.3736519813655243,0.49287323624391766,6
-1.3634965225556737,-1.0227844407303779,3
-0.6228212482715247,0.6487710884008114,6
-1.326774982329564,-0.3823503995689975,3
-1.4924190259173884,-0.20785973620723458,3
-1.6915763942351274,-0.9389143182471035,3
-1.0507779163245794,-0.7931358138900451,3
-1.0499428134947344,1.1742218854226227,6
0.05790467578062384,1.3562576145464007,1
-0.7599140097716173,-0.9632832398095701,3
-1.0438225591173307,1.1770896708573366,6
-1.0905018599213594,-0.9858007922696125,3
-0.5372901679093188,0.6652474837598907,6
-0.7015627457193522,0.841399547548488,6
-1.1668826818935136,-0.6511089066898813,3
-0.8963288470790176,-0.9541074410997348,3
-0.686021170780779,-0.7348240111178665,3
-0.7037525950830128,-0.8299523597856184,2
-0.0781596830259503,0.43336616479905365,6
-1.13196484534327,-1.4987426828767894,3
0.4775319533478199,0.5868130595017806,2
-1.3085163962237585,-1.504508956740998,3
-1.6390195902095013,-0.9124328326360581,3
-1.0410796275617482,1.1804124717110058,6
-1.3308893796629375,-0.3873346008495012,3
-0.8320681112421499,1.0313818233788143,6
-0.7564622997254998,1.36102134002261,6
-1.1611309387417394,-0.5568410629307601,3
-1.1625024045195307,-0.5585024633575947,3
-1.4924190259173884,-0.20785973620723458,3
-1.3731205040487027,-0.6858065142207204,3
-0.8795499813072976,1.0009376070687392,6
-0.6609938535488917,0.8517056924260915,6
-1.489676094361806,-0.20453693535356537,3
-0.7015627457193522,0.841399547548488,6
-1.4979048890285533,-0.214505337914573,3
-0.9858866347093765,-0.7197019233046807,3
-0.8685782550849678,1.014228810483416,6
-0.17159600498187397,0.5554815198030378,6
0.09744048052771472,0.7507594960504487,1
-0.7106200444234186,1.1161889910646963,2
-0.8457827690200621,1.0147678191104683,6
-0.5711488097223212,0.9416143344948366,2
-1.3254035165517728,-0.3806889991421629,3
-0.576634672833486,0.9349687327874981,2
-0.8430398374644796,1.0180906199641375,6
4.653649080622439,-0.849759878246558,5
0.3216278250040851,0.48892757198770775,1
1.3185360465397313,0.20584254593978293,1
1.5758280656607602,0.6369780548910953,1
0.16305543807380352,0.7584313549895106,1
0.5136800176873629,0.2938523439908893,1
0.48499571315199363,0.9914468200810417,1
0.7963222361497803,0.3266959240955224,1
-1.6403653100224869,-2.1916565949318803,2
-0.30996536612190934,0.9976331584795163,6
0.1178577317786742,0.3422400430295235,1
0.3309425861461189,1.3529904065197784,1
-0.3472485254582515,0.7379749907229509,6
-0.46962351778704525,-1.9862338258923373,3
2.941019442177985,-0.10641811536635166,5
1.7340224930192032,1.0996029869219168,1
0.3480865111638272,0.3420416618612933,1
-1.0080959671946452,-0.8339065721858172,3
3.4921133542429232,-1.2757268591540556,5
-0.5007800240665009,0.682400496655289,6
-0.9490048530575559,-1.2642856669557925,3
-0.9607669442913387,-1.0533091844758018,3
-0.8555882234349678,-1.774653038193745,3
1.1322370889462838,1.524162113701718,1
0.7212033897217103,1.1397355143119472,1
0.0657565920961174,0.4112397614329642,1
0.9342922759613156,0.7907316859044898,1
-1.152902144074992,-0.5468726603697526,3
0.4189017556554387,0.316342210080604,1
-1.0155412099412602,1.1842742811917275,6
-0.576634672833486,0.9349687327874981,2
-0.6719775120660174,-1.9392676078161677,3
0.06354556811496355,0.8660151042669331,2
1.6709745431345049,0.5635490895674803,2
-0.9196978238756217,-0.9532085583869835,3
-0.13512810829833236,0.8376881401806763,6
-0.7958549751783874,-1.4618959662289035,2
-0.8158599257133478,-2.118395499346837,2
-0.6891942638582823,-0.7977556159927194,2
-1.282531899311456,-1.0980090835406595,2
-1.5417104163765583,-1.5294374596066431,3
-1.4593325106383914,-2.1712367469904836,3
-1.4969551679582116,-1.9557777484332854,3
-1.3240320507739816,-0.3790275987153283,3
-1.1556450756305745,-0.5501954612234218,3
-0.027527532410983532,0.4313162747218655,2
-1.326774982329564,-0.3823503995689975,3
-0.5313169920634131,0.9464812626729809,2
-0.7443872567106542,1.1023587790229672,2
-0.5290613732425715,0.6752158863208982,6
-1.3281464481073553,-0.3840117999958321,3
0.07545726918521772,0.8496906244567551,2
-1.2159549394700555,-2.4141892382790417,2
-1.3254035165517728,-0.3806889991421629,3
1.1991331584071427,0.9760415938408074,2
-1.1611309387417394,-0.5568410629307601,3
-1.0119037209671533,-0.7304481246662472,2
-1.1611309387417394,-0.5568410629307601,3
-0.26530040150134576,0.6861550331866572,6
1.3711357409598002,0.6495216897496936,1
-0.18856115738331664,0.7185322520776635,6
-1.1141809912201925,-1.0238089935470314,3
-1.5135335096414508,-1.0866213084690561,3
-1.0004550863855568,1.202549685886908,6
-1.1209750379383672,-0.9112156096389157,3
1.5982151892685308,0.6346981243071379,1
0.14102644451369709,1.3695175086825129,1
-0.05770421811039422,1.280657219969555,6
-0.6488812694339153,-0.9443696848727892,2
-1.4514482624313327,-1.11856783953155,3
-1.1578292079989867,-1.7936090467605201,2
-1.0328255430340523,-0.4637268931107055,2
0.12771420296159633,0.4614156846821776,2
-0.9278885773814455,-0.9093988057068914,2
-0.875435583973924,1.005921808349243,6
-0.8768070497517151,1.0042604079224084,6
-1.5006478205841356,-0.21782813876824209,3
-1.3444872546509128,-0.6944976340180873,3
-1.3171747218850254,-0.3707205965811553,3
-0.875435583973924,1.005921808349243,6
-1.4992763548063446,-0.2161667383414076,3
-0.707048608830517,0.8347539458411497,6
-1.5006478205841356,-0.21782813876824209,3
-1.5006478205841356,-0.21782813876824209,3
-1.4787043681394763,-0.1912457319388886,3
4.808403666852709,-0.5417681919331149,5
4.349938489229564,-0.7150249414650655,0
1.0325617238654519,0.6474648903793516,0
0.5485097282830469,0.17839980442206907,1
-1.5157591032664244,-0.8158142647510696,3
2.1611656579893945,0.09320893228749581,1
0.6240339343268086,1.278696106980837,1
0.4744774113021606,0.4892459398622504,1
-1.1669978060025086,-0.6111168859021769,3
-0.2788631163745498,-1.9958329139284978,3
0.536548582001262,0.18502439770108475,1
-1.4152968312844347,-0.6382768574331446,0
-0.2640686232086114,-1.6909277437535821,3
0.577275249878804,0.7495406961868356,1
-1.3569723885675562,-0.9986119302470053,3
-0.6719099307654903,0.8502455583097134,6
-1.0196556072746337,1.1792900799112236,6
-0.8430398374644796,1.0180906199641375,6
-0.012094168981384821,1.0410540307085094,1
-1.603668416772712,-1.2602156148322996,3
-0.6746528623210727,0.8469227574560442,6
-1.0127982783856777,1.1875970820453967,6
-0.04940130900539086,0.9746430298662615,6
0.4956788588057717,0.6670244126180247,1
14.583130239592153,-5.394202283874671,4
12.3329652477475,-4.1729591886536825,4
1.9850969246889778,1.5677657576598993,1
0.9582637671704988,1.4131465170420567,2
1.549289773812164,0.30649189495195944,1
1.5150507769697024,0.5524519433728087,1
-0.5793776043890685,0.9316459319338289,2
1.0025470736018804,0.5879658733930817,2
3.024923895039713,-0.24320939824813187,5
1.3586284100996964,1.2138939856708655,1
-0.31466035378281726,-2.883183197348703,3
-0.7043056772749345,0.8380767466948188,6
-0.700387034639766,-0.8138814428140706,3
0.4053049524671752,0.6662986297905246,0
0.3158739652679273,0.6112065970976219,1
-0.06763664212397377,1.3007403814204677,6
-1.484190231250641,-0.19789133364622702,3
-0.6099495088320145,-0.8545794543490568,3
0.9069942297676928,1.2213571999589083,1
1.6118106493291962,-0.04616274023057218,1
-0.8677346643772748,-1.0773825094706158,2
-1.7211318540773832,-2.9374512795186445,3
-0.10771975652168747,0.7024555531274507,6
0.636889897635914,0.08726252226667695,1
-0.9809397059247319,-1.5257833725095176,3
-0.9218275998875151,-0.8054259438313414,3
0.700197450652102,-2.9406514673001083,3
0.3133011352910709,0.7440405559978382,1
-0.19726682368550663,0.9787686017071913,6
-1.2800301699900964,-0.872163801668613,3
-1.3240320507739816,-0.3790275987153283,3
-1.1098577523045337,-0.890474720160634,3
-1.5342366236713283,-1.1382864503328975,3
-0.9790293058204205,-0.7113949211705076,3
-1.0119344629172051,-0.9985693116392518,3
-1.137582434146284,1.1506448729372498,6
-1.1295827745383171,-0.6147418742846109,3
-0.9734240114022401,-0.5070689673673615,3
-1.053244425070485,-0.6645601508758876,3
-0.8768070497517151,1.0042604079224084,6
-1.484190231250641,-0.19789133364622702,3
-1.1611309387417394,-0.5568410629307601,3
-1.633681116591236,-1.6656071454515242,3
-1.3281464481073553,-0.3840117999958321,3
-0.8726926524183415,1.0092446092029121,6
-0.7354623211447775,-2.1901799712158847,3
-1.1611309387417394,-0.5568410629307601,3
-1.0465654906729132,1.1737668700036676,6
-0.08552819836672189,0.5984898389399669,1
-1.3893681350770004,-1.0107807418619,3
-1.655477179542996,-0.9323696377580734,3
-0.5718858842338735,0.9361751177953774,2
-0.7043056772749345,0.8380767466948188,6
-1.5006478205841356,-0.21782813876824209,3
-1.3254035165517728,-0.3806889991421629,3
-1.158388007186157,-0.553518262077091,3
-1.3240320507739816,-0.3790275987153283,3
-1.0355937644505835,1.1870580734183442,6
-1.7357084314086235,-1.14926518043645,3
-1.1811513940473073,-1.0494474865682517,3
-1.0410796275617482,1.1804124717110058,6
-1.3330837249074037,-0.38999284153243663,3
13.650531903203008,-4.552897071199059,4
1.6140415287964947,1.0881039800109975,1
3.7950682288354396,-0.025411277412173992,5
1.5165667925469715,0.13919628414606663,1
-0.677917220801245,0.8474064704018175,6
0.7217086082582133,0.5887822323856,1
20.982814537393317,-8.337356270073798,4
4.927447408916168,-0.08640879540874606,5
8.21609961977509,-1.8471145272369804,5
5.029246767138249,-0.7634952820767723,5
8.163233565217126,-1.7442739911912368,5
6.989113826889283,-0.2938087469268148,5
6.21333505996237,-1.2790481743246986,5
5.490822184362838,-1.5225915246424895,5
2.2993268763471817,1.2901612535880442,2
2.795570902494341,1.0513260518356629,1
2.7716672718148363,0.5449635183905678,1
2.7877991961818185,0.795273796212682,1
3.961939444006925,-0.5366697884631139,5
5.73719368539669,-0.7980980600145242,5
13.271500823016055,-5.420726182310971,4
0.3762835607658367,1.5589382572346582,6
1.7241989656258376,-1.1865935390189453,1
2.9952716330134765,-1.726916158307174,5
1.4974678810187945,1.032203656191432,1
1.3879410500380365,1.3506179970568333,1
0.8077891312187563,0.34641751218300126,1
1.9403503785750869,0.9992200329302078,1
0.8688800431809685,0.47598390357853615,1
1.2347511763614198,0.5736532707257035,1
-0.2246038856439388,-0.7432024448558453,3
-0.8457698998225645,-0.4142500910189564,3
-0.8449327301668605,1.0202357333367456,6
-0.0420254174848742,0.9570749548902628,6
0.4923666728325157,0.5945721685885195,1
-0.885799965973168,-1.0750604062073648,3
0.6814994811007975,0.9563371725806423,1
-0.5122731772134205,0.6729158070400547,6
-1.0215484999770148,1.1814351932838316,6
-0.5054158483244643,0.6812228091742277,6
-0.2155026452334165,0.7345964097307588,6
-0.2760545652609273,0.6932357581868177,6
-0.09560600759379148,0.7922605434410968,6
1.0880609110054855,0.3604981920165464,2
0.019306295740582253,1.0125787156328636,1
-0.8517900590558167,1.0119287312025724,6
1.2086468305870142,1.1576774545900634,1
0.9455193757721647,0.9413701620145624,1
28.534260075984935,-12.556067471895139,4
8.800113921836932,-2.0976598858227784,5
6.25275791010108,-1.777400483899909,5
2.245248038775062,1.3941005175636545,2
7.3022230258212,-1.6111229518964143,5
4.540455954414497,-0.23108966448729568,5
5.602668652860653,-0.799905630344699,5
7.463438032439959,-1.4985806651020783,5
1.8775843603207862,1.5845537593095727,1
3.5580466818838983,0.5880716282023865,5
2.4163756579668854,0.8201287136377173,1
4.1132997118258485,0.7418932489021722,5
3.200936110801515,0.38070240397913063,1
3.0954576194572607,0.9616814600346093,1
0.19678285669346904,-0.4543138522636425,3
6.412559714811667,-1.3567482658489303,5
3.908587245092607,-0.300710458943204,5
2.6378297430844966,1.5000993689865072,0
3.588603204212398,0.011939771058851889,5
3.343970343717117,0.22743995994204358,5
2.1045375564205657,0.5894239559301612,1
3.518155556075854,0.20718119160296503,5
1.8877423981357209,0.7524489439680289,1
1.742186488692618,0.8723578557680914,0
2.666596104484994,0.5606903887450374,0
5.006450751757925,-0.7025708497587696,5
-0.0645542159165737,-0.6738288785115546,0
1.5952914798850588,1.1906598347259858,0
2.5859384280540225,0.97391185800399,0
-0.0914030725971797,-0.6640315866581255,0
1.5640469783153261,0.8372582188493278,0
-0.48427109363783266,-0.29531439830001216,0
1.2582860672340817,1.3760493659676871,0
0.21754041116075806,-0.3471914038766696,0
1.4966210364301507,1.0965280159394546,0
2.3298441092357693,0.9114713604291104,0
-1.1480347199715282,-1.266730793044705,3
-0.19101222686698416,-0.6334614456878809,0
0.04896786821693034,-0.25822498335302985,0
0.4488585560678299,-0.49019693365409645,3
0.3859757934411839,0.5844722447288252,1
-0.8045394056931487,-0.7370410496079624,0
-0.38093560025093554,1.0652941749119482,0
-0.2558004698832292,1.4258980429419352,0
-0.7240638180113086,1.3823817937514404,6
-0.516587822020555,-0.5760317629783749,3
-0.2722580592167238,1.40596123781992,0
1.0886404741782714,0.9972161329720567,0
2.7951786766935296,-0.636239358972466,1
1.568718871509584,1.6126893112074672,1
0.5253437595876637,0.4670182273364195,1
1.532382556782625,0.29650913275215335,1
-0.35683086984950924,-1.4513147384620435,3
0.9857085923047407,-2.1363138543195417,3
1.8445328024123933,0.7609036294956161,1
1.3192056952032076,0.6696127884167714,0
1.1048137852760815,1.0596782868738246,2
2.2318459989227857,0.6193402929978439,1
1.4840447286787428,0.5713776736212002,1
0.9094793255054958,0.9527365028398358,1
1.6459774788975314,0.6510161547627512,2
0.783768069193126,0.8948493335983712,1
4.928788038643016,-0.5211255981158277,5
1.7917066247752276,0.6649625064714145,1
1.2072194473869349,0.9201826827074688,1
1.6534935688465722,-0.9912186671406776,1
1.71099503046957,0.9225136907535424,1
0.902827066151346,-0.8861032527957644,2
-0.2168331705109131,0.9854310132818749,6
0.8462887450591718,0.5952216756741847,1
0.9593066147393815,1.214567084342938,2
1.1939450880843019,0.6838881390595748,1
2.0769203956122677,-0.38476430451426535,2
8.07808498369101,-2.5170749777957813,5
4.626454453979084,-0.8606561101486082,5
0.7103145794970681,1.2132797313648016,1
1.1711146959937058,0.6284655641525124,1
1.2315425753334626,0.676267392857081,2
0.330431620277978,0.9945107211459934,1
2.884161172750373,-0.1470246771418658,1
0.12298836175770556,1.1349608438818175,1
1.3260855004317718,0.8326531420987101,1
3.3693626710232754,0.23709925322895353,5
0.1154063526060738,-0.8746976868835367,3
0.4836080753583224,0.5897425019245817,1
3.3898385263269275,0.3731696635492209,5
1.1155093913831602,0.5663996017303583,1
0.20139067139188013,0.8338189526921715,2
-0.25540737432715954,-1.3432951066402787,2
0.2037218162077047,1.4333134183716756,1
2.041862079566987,0.8116809284373645,2
0.8197348133206175,-1.503265352016476,3
0.409767972079609,0.827678582946155,1
1.8842217060818005,1.0453907760438317,2
0.37377809086837976,0.8360759153250714,0
3.4083707954427624,0.48368007669161045,5
1.2260652209661063,1.2897137107590475,0
0.36157224613568606,1.1857594155053588,0
0.7534202683951171,0.8434856064264673,1
1.4645567931120687,0.38305133106359496,0
-2.1329002351819004,-2.5741223969034306,0
1.4459110826967323,0.5921925519968751,1
0.9002701984965695,0.8071241586740902,1
-1.759892093055896,-3.2549829686784357,3
0.8737711094703386,0.42320295424718274,1
1.6967152279505777,-1.9715482510488338,1
2.230603424004102,1.0131776416255809,1
1.0621546463542264,0.9967525552594738,1
1.612953778595144,0.09319364487018844,1
0.3188125843241216,1.2744413221852569,1
1.8377638513436374,0.4814179759736173,1
0.6190570330144816,1.1799869954582634,1
0.9295071315545386,0.6488986816648789,2
0.5801566282944137,0.14260538766080064,1
0.7284727849978784,0.8586422850932514,1
0.8656917475474079,-0.8914567833504088,1
2.2104416272326337,0.5600776690513971,1
0.31761592530670896,1.0430261987795961,1
-0.8245470827336565,-1.3873728445100957,3
-0.5780169250379107,-0.8379774309687851,3
2.588296526110208,0.5024816266474066,1
3.640751754489539,-0.2427848475499807,5
2.0376367778228253,0.7690549544390142,2
-0.20916362139986325,-1.072390737483109,3
1.1465086552344792,1.0117681206260913,1
-1.1601494179728855,-1.300537283298048,3
1.5058960487484494,1.4436209754913545,1
0.2221631975689164,1.2197744277967626,1
-1.5379659054509631,-1.0218132430363391,3
2.6993544299826238,0.1776130164870138,1
0.05593403212997743,-1.4598041379816198,3
0.2284385474572749,0.4861102400153668,1
-1.8348947642924094,-2.404022245177601,3
1.3724085123459733,0.7871498330882408,1
1.1238347632999939,0.8871824996234513,1
0.53051851139064,0.8883919915931382,1
-1.0568797150669518,-1.7282701908628724,3
-0.011172440917677126,0.5555733880075135,1
-0.418461486654089,-1.7827782795470475,3
0.14855946402562256,1.051591952048041,1
-1.19567578785725,-0.990029062947806,3
1.1191313446980211,0.5106641054904596,1
-0.3307693523545636,-1.8872799711107504,3
1.4390152319500389,1.8767066369711922,1
-1.0198475225837809,-0.6003663429102591,3
1.601969457007086,0.42810703448921594,1
1.6717010857300096,0.8528323641002542,2
-0.09012014448262665,0.7989061451484352,6
-0.14799728658042274,-1.2396605127430156,3
2.426124341331215,0.8012054525591604,1
1.2356416740436549,0.07969009791745325,2
0.03826675063076534,1.117769264835019,1
-0.952834945331939,-0.9359035693691493,2
1.633702313374796,0.478058199588914,1
0.9607430793468946,1.2346014780723058,2
-0.8075265655858888,-0.9217346014315362,3
-0.34304420595129315,-1.8052297554343395,3
-0.09932666730327033,0.864576014484383,6
1.6344227186739047,1.4403936761147782,1
2.233162407923508,1.059300617506656,1
0.8096021732599707,1.017754507297954,1
0.979782039805586,0.4579047065868181,1
1.5558976743490907,0.8283977195445017,1
0.7826459965297158,0.9694335181432405,1
-0.20225911770446037,-1.1472501314963384,2
1.4011679521478972,1.3480974691218428,1
0.2020736862580083,1.083731350859249,0
-0.8274906512817051,-1.5620524477853055,3
-0.15205147555068557,0.8333889181564023,6
-0.46216115302039174,1.2797341944350586,2
0.8628784921777116,1.1729356145342715,1
0.6053518145942566,0.7147205633884127,2
1.2336563370253846,1.3297618285183996,1
0.2528359933216733,0.9143809124147939,1
-1.0820999378560012,-0.5705142884205061,3
-0.2959055378741041,-0.8078655937839876,3
0.9222814791209615,1.5918363985865716,1
0.3424481308842218,0.6717568923688795,1
-0.6900982628918823,-1.9371889489910223,3
-0.9703462733754922,-0.8309080338275762,3
-0.3438541973626137,-0.4389087551074654,3
1.0177025320885087,0.2716143299954783,1
0.4740647861686186,0.52342351341827,1
2.8570793672147827,0.6625430191559523,2
0.9561574224204796,1.32269752063717,1
-1.0213754801497292,-1.106979817388739,2
-0.10238471426423947,-1.0344557823017215,3
-0.40562198425117746,1.0353889672289254,6
10.29928930226241,-3.042232504550014,4
-0.12107084450236373,-1.5541432535607234,3
0.5434955491204679,1.179867847102365,1
-1.3376348463824184,-1.3127970745307327,2
1.1158761254352438,1.4470371991542739,1
1.9419591783710628,0.8221356428736655,1
-0.5877236171724967,1.1899428254686728,6
-0.3215307934466985,-0.7891465012951917,3
-0.031757250839486356,-0.371657397512056,3
0.432705580592397,1.093166446871745,1
-0.09057752439357254,0.527100686612179,6
1.9417204493446663,0.26232496278907724,1
0.6343527109405498,0.5220486243237906,1
-0.14258971141580826,0.5487991010772151,6
-0.44536972000455294,-2.540684920741787,3
0.8943329496638345,1.285510396652664,1
1.8285132579383274,1.3084497906961743,1
-0.8545329906113991,1.0086059303489032,6
-0.27482365875088627,-0.4602791814724567,2
0.736325523620158,1.1642109789651076,1
-0.27505683144637216,-0.5352860848488336,3
0.1804751742696346,0.8478450336620174,1
-0.3158110227322461,0.7855236596333631,6
0.16458308780555764,-1.3133526039597263,3
-0.3204989137457039,-0.5427220076552357,3
-0.6835837498348597,-2.1948496104328936,3
1.4280556519940681,0.9215721870845129,2
-1.3007712994307155,-0.5850679387062421,0
0.07825456186690406,0.8307090167906246,1
0.83173805491167,1.2946851266794357,1
1.8381381189859418,0.911949753060201,1
-1.7323491745002817,-1.5310837509858557,3
1.6033603224729525,1.3210128548505948,1
0.6925553910030366,0.3619811785157688,1
2.608841967722786,-0.020138030465152678,1
-0.7703037385812546,-0.4288772097037187,3
1.2394365757307368,0.15966418782492656,1
-0.06429621486900207,0.8955440252855617,6
0.38725528698816647,1.572229460649335,6
3.6560792483139584,-0.7928783726437699,5
-1.191618141054914,-1.5997758703243314,0
0.5213440992764116,1.5007567532615331,0
-0.22306662529756463,-0.40651486109446794,0
-0.5953592485348574,-1.03978042924157,3
-0.12082544804512194,-0.9221280378480808,0
-0.5210593946480393,1.22657313017998,6
-1.1125471660939281,-0.6948901334528078,0
1.0726738975449726,0.16674127038100606,1
-0.5698945620612108,1.2115410310175228,6
1.7035678968123846,1.4874233700868482,1
1.3360956949788416,1.0635766733105867,1
-0.09496383381856918,-1.031306790083802,3
0.5487849332426172,1.3927545960070684,6
1.6861924014400056,0.021224073597127247,1
-0.5608216429363008,-1.3070055244952894,3
-0.052678433797847375,0.7974652245663307,1
0.7103605385397157,-0.3590886201030652,2
2.8452153311651154,-0.2535904298625749,1
-0.1984178281541806,-1.2729532237800587,3
0.26811134822883276,1.1528869924220722,1
0.0764180124922152,0.7891631131122864,2
0.5130278583015264,1.1420800496816244,1
-1.1689936022343705,-1.7157458718029979,3
1.7731398355115107,0.509415249437097,1
-0.40562198425117746,1.0353889672289254,6
0.8873804281442504,1.2519965418955035,1
0.349471328478126,1.23624449157822,2
-1.4185341579076292,-0.8980564488050021,3
-0.8581561377130534,-2.165921253261012,3
-0.8006476861519741,-0.49838788813300505,3
1.432712601854388,-2.451822675329756,3
-0.425143914161504,-0.6217753528868483,3
-1.1850486527663848,-1.3074613854129107,3
-1.2461816221200859,-1.9336570800793458,3
1.9524536501232337,0.29693752409613144,1
-1.2111867389180022,-1.8654409444952134,3
0.6183371232255198,1.1265707609031372,1
-1.465443420683348,-0.8670492385258698,3
1.3076261338868131,0.3429598676179778,1
-0.415222244695716,1.023759164241083,6
-0.4875033424406145,-0.3577750336966584,3
0.881130295242386,-0.5546689313289953,1
-1.0119482395324761,1.1930649962716737,6
1.5598128503995723,-0.01794501070370885,2
-0.12985758159381164,-0.8178183734134747,3
-0.43309122601415895,-0.802510715607173,3
-0.1777016857825435,1.1965644940945166,6
0.8648097877351448,1.157398606152151,2
-1.4860415697587321,-1.096499467384511,3
0.9195242488570157,0.8983928532210034,1
2.030479873489343,0.001941517413109521,1
-0.19474116009356618,1.725582308540008,6
1.6147761235344913,0.04393226040612772,2
1.8754834674863123,-1.9918962873488404,1
-1.2814329074038486,-0.7749145313668765,3
2.0726741635023656,-0.1251083904461162,1
1.1756596170806726,0.9933438847502195,1
2.686334885341311,-0.03783878827040111,1
-0.6412987649717068,-0.6481011024689477,3
1.4885899184684879,-0.1080168227888004,1
0.28278353463845296,0.43161399027979325,1
1.2993065309467118,1.096434833781619,1
2.271823101211418,0.41864044948793927,1
-0.5822377540613317,1.1965884271760112,6
1.5930741501496795,-1.2987114832819018,1
1.0092140976550115,1.2229756293851703,1
-1.0459177701042373,-1.2458170197548781,3
-0.77948819279991,-0.7846416248988664,3
2.375167071232167,0.7248562917526277,2
0.007959043654374588,-0.5365190531721268,3
-0.12986176149121298,0.8161815366535841,6
-0.9016525136306949,-0.9222440112898244,3
-1.4034513636423267,-1.0543544626635912,3
-0.6205456362644588,-0.6656927394058075,3
-0.016753924505620785,1.5660442490197566,6
0.22376107494102387,0.7400922124535511,1
-0.7295496811224734,1.375736192044102,6
-1.081171125551985,-1.3398527859871114,2
1.5503935551968469,0.8423249490497402,2
2.589559804952203,0.7244881400753744,1
0.5486417264395055,0.8379989934123668,1
0.14464089530040866,0.7553352254683635,2
1.5178648165877147,1.0136419513115729,1
0.7029328874640064,-1.8554298181659301,3
-0.29456997569950766,-1.3885601539716106,3
-0.10162643038448277,-1.3218815065399816,3
-0.8449327301668605,1.0202357333367456,6
-0.5379830823378073,-0.8046029618270649,3
-1.0121754627900006,-0.5849156527677919,3
1.673558813162097,0.18775341145433916,2
-0.964785440129665,-1.0712992900243097,3
1.7257036779446107,0.955000686019107,1
-0.511975078714436,-0.8974780612126518,3
0.14386435271012116,0.9514518882891001,2
-0.11715840806683057,0.9473668719798791,2
-1.8656512371043363,-1.1488675538772377,3
1.029913853892179,1.2792823548585197,1
0.39939040532419506,1.364293132873815,0
-0.5740089593945844,1.2065568297370188,6
0.7017676001455132,0.7301769835742808,1
-1.1845403063770803,-0.7384304557542449,0
-0.48013413340981814,-1.0498179058274095,3
14.545197582098734,-5.536300558152348,4
1.3626752445778332,0.9995224645076655,2
0.859533649549492,0.7750991027612824,1
0.7808194114136515,0.6886564733813771,1
-0.5652771033124401,1.1995841282555044,6
-0.41385077891792477,1.0254205646679178,6
-0.37582645148280985,-0.9834791516788516,3
-0.8869326664418237,-2.2168897813665707,3
2.6554322110438746,-0.03287303924753909,1
0.24605429252998998,1.1554583741052593,1
-0.7723678725780253,-0.8273202750833731,3
1.4988522957855634,1.6416710182351957,1
3.2709564960468884,-0.10387171708324751,5
-0.5664860195933968,-1.2479840161999103,2
-1.1122525584519183,-1.741943534025675,3
-1.23835857238484,-1.0337846099941148,3
-1.2375679443325116,-0.9481259558378756,3
-0.059746679230719656,-0.6054725989593985,3
0.19898354802542087,-1.5463070717572203,3
-0.3485299283446764,0.2678734714855884,6
-0.583609219839123,1.1949270267491767,6
0.34190030812009226,0.6890192786908783,1
-0.9494151930913024,-1.3151261078952243,2
3.0247816765904667,0.6455853206580138,1
1.215000825055382,0.6039276060194796,1
-0.3680893468354176,1.0633056747109375,0
1.2824131049753296,0.6775295504272547,1
1.5992925468832653,0.9776082248306515,1
-1.2374677510181291,-0.8042679682113275,3
-0.7073537192489001,-1.1669749504054139,3
-1.0215484999770148,1.1814351932838316,6
-0.5689204416312215,-1.257415171550541,2
0.8276811665542907,0.25918772765562675,1
1.579118557142967,0.2513152338570086,1
0.6418546585905036,0.9163450066124025,1
-0.7564020835948414,-1.5048645176394246,2
-1.6466704092336335,-1.2496959856842051,3
0.902865390690926,0.9439440482646242,0
2.018193437343955,-1.1828983587861723,1
0.4773872399605988,-0.5253956509126834,3
0.12986360139731404,0.7971443812147255,1
-0.6658113665290638,-0.6411631448157731,3
-0.4708889413591171,-0.747253947563701,3
-0.651539467473947,0.575335676292987,6
-0.9228455538732601,-1.1342594333546177,3
-0.0937731393662923,1.1529514762990278,2
-0.0926615320454595,-0.6205960712875802,3
0.4012506788634041,1.020721733579477,1
1.0446300666129986,1.2859648366773289,1
-0.41119679755517263,-0.6565637301079508,3
1.402071180415171,1.5249857895465107,1
1.0128567646427844,0.4461170820573407,1
-0.5948659639424864,-1.3713964603746949,3
1.341697785681371,1.4132068079645743,1
1.2619362308923443,0.578255752110642,1
0.5203906051234346,0.5125401151281049,1
0.6084692109959381,1.073404843424512,1
-0.5726374936167933,1.2082182301638535,6
0.053184790119273365,1.1291749586922941,1
-1.0201770341992236,1.1830965937106661,6
-1.6924603774491866,-1.1541901907781023,3
-1.3370746167554879,-1.2314764878886857,3
3.663713111173707,-0.12867254815633014,5
2.5741571188211343,-0.2810238178208264,1
-1.8269505658162335,-1.4400234995679182,3
0.4732318207925205,0.6245706836153385,1
-0.02348973027671029,1.0484815740350748,1
0.17074186736288197,-0.721627529995256,3
1.1612201455146756,1.3892424535146757,1
1.1102189994540377,0.39052499960599474,1
0.6021555138525475,0.6758700130590233,1
17.642129387005287,-7.184853246025246,4
0.40999309469323836,1.0021968308445786,1
-0.34823415662302465,0.7577091768243976,6
2.9482229173152326,0.4394260195652736,1
1.60714977560117,0.34054533792275726,0
0.389105727716222,0.666435574325504,1
4.495482164935347,-0.6351720393233773,0
-1.3007500570432693,-0.643315132634441,3
0.982188256550708,0.6426259248907636,1
-0.6693092210981337,-1.0151958571033834,3
-0.49859988813896056,1.5427113287001282,6
2.579397622050456,0.7143653615796431,1
0.33518390824326094,-0.8979289890740134,2
0.2773166841371794,0.6452061461058952,1
-1.5607972497961158,-2.1745310698760307,3
-0.05709428457747933,-0.3179247088515077,3
0.20926805140022092,1.7317675201695863,6
-1.5001880556862377,-0.897309850610446,3
-0.988167543391167,1.2056712204301208,6
-0.47627496246931705,-0.7879883215404156,3
1.1942622726608483,0.2811698012441873,2
0.17005046166650986,0.7146264518649392,1
-0.5666485690902313,1.19792272782867,6
-0.31032515962108126,0.7921692613407015,6
1.4618907074811032,1.3367413293382306,1
1.113676601531271,-1.248771161470742,1
0.31866717884951307,0.8240963027177376,1
1.5291255875182355,1.0025700544176017,1
-1.455299238060516,-1.9500901283927425,3
-0.7970159704150787,-0.7843897652069376,0
0.23870923161057228,1.1175451385705617,2
-1.0538517665504572,-0.850993804695065,3
3.7643974229087167,-0.09841012800457608,5
3.12775214498658,0.1330513726746724,0
-0.5590480332147212,-0.5839027052791074,3
-1.0188055684214323,1.1847579941375008,6
4.484478647349159,-0.9464238276035731,5
-1.017434102643641,1.1864193945643353,6
2.041018407850077,0.3338699691092575,1
-0.2349111071220389,-0.2634786619959635,3
-1.0993170995434927,-0.7517331314443588,3
-1.0826329285476664,-0.9727353352663929,3
0.10545087433266656,-0.5230695662940087,3
-0.13170969281474118,-0.7349428222652573,3
-0.6285038398017015,-1.5654691847657378,3
0.37400534116349804,-1.3960110851815373,3
-0.4582202351501923,-1.111192024954388,2
-0.14148740404140214,-1.5474265274582584,3
0.317838828802031,0.9293779374928708,1
0.468205367272767,-1.5990896068253095,3
-0.980529892343943,-0.6460960528078422,3
-0.28417391743244624,1.120196134914807,2
2.80056604067254,-0.017592062663163894,1
0.5561105830978054,1.0939993363479068,1
4.643241946146014,0.04997566369207372,5
0.48047882450351037,0.788386691962461,1
1.2934189362934696,0.4096048582401206,1
1.5920885998356056,0.9580550647440076,1
-0.8090676461550359,-1.5314911142328154,3
0.8450386755083291,0.743126032231231,1
-0.1744235568884157,0.65604915846018,6
0.40231196711886086,-0.8596990888212133,3
0.3392648094765247,0.9589894132863406,2
5.419486919616866,-0.6924757909793106,5
-0.7127612880138969,1.3694971854318856,6
0.8673649494240001,-0.6274063909343374,1
-1.4609073242925523,-1.7113434327847652,3
1.8938635454812078,0.7421622613039295,1
-0.0539904156483609,0.7739497152959804,1
0.6746380955939577,-1.0697352169380068,3
1.5233966193201671,0.8171433270865371,1
0.19886366434533817,0.47832757050222796,1
1.412202594325771,0.7063019239000695,1
0.28994575442707476,-1.3204033906069008,3
-0.41933664202908966,1.0187749629605793,6
0.8697021343011593,0.6568615932279352,1
0.11157547937592924,-0.331881387943876,3
-1.0327702606290188,0.5267534632695019,6
1.3393203987642572,1.1170244388519472,1
-1.0201770341992236,1.1830965937106661,6
0.24336788220442188,0.8307815360121997,2
0.351713861701326,0.7430869713462501,1
7.170814851138679,-1.6783129764582734,5
2.2437118107588363,0.6927208116789472,1
1.1048441874734947,0.37073613603037187,1
0.5855711743723863,0.8164454499427415,1
-0.9717177391532834,-0.8325694342544108,3
-0.6806601523568273,0.8440836695481483,6
3.070393525477728,-0.8518011626988164,5
1.2831577708405326,0.41770421264095564,1
1.2950227755116426,1.7204195726592542,1
1.4394729088532243,0.16033551747912572,2
0.38340861215906735,-0.28118854777918295,3
0.3634540544873145,-0.6414444751420222,3
-0.5054572170279167,1.534404326565955,6
-0.9930859599698452,-0.7080776219078029,2
1.1987906436281155,0.4941220696182233,1
-1.6792057501505695,-1.5029184036990995,3
-0.40836491580675993,1.0320661663752562,6
2.4264947008610798,0.7060308429251515,1
3.553058155931636,-0.4571542736387081,5
3.431848941966792,0.007792120351100195,5
3.747314302186694,-0.5435981671399708,5
-1.0146911710880586,1.1897421954180045,6
0.6042142013626192,1.0161267802455654,1
2.69758328164362,1.034838246268112,1
0.7690837310266525,-1.4428261121327606,3
-0.1513329941370643,-0.3246197242259438,2
0.4412825966896792,-0.688259195889204,2
2.0545150184516032,1.0273491719769472,1
0.03265228159006679,1.8929669801166724,6
1.3791310317249703,1.3099066529826036,1
0.1171298639383324,0.7468506419338932,1
-0.8485743377515704,-0.9712443026677715,3
2.137290593501302,2.3250894405034725,1
6.5225574621358735,-1.3704860196612823,5
0.5567296776771417,0.5861555573500064,2
-0.847675661722443,1.0169129324830763,6
-0.7734858956771302,-1.360030421277238,3
1.418211972647854,0.6704109652499627,1
0.8148882064018166,-1.407444855008845,2
-1.1521566975814777,-1.3958444487608603,3
0.3537416142054117,0.7945593054930787,1
5.578711740838357,-0.7510849731134103,5
3.0493527245529415,0.23845481887705147,1
0.46860680768805185,-0.9286650973975629,3
-0.7350355442336383,1.3690905903367636,6
0.7969819837648934,1.4693536098603068,1
-0.26584180090576337,1.124853236421135,2
-0.7899754404414494,0.588558318977469,6
-1.30068230516355,-1.2284912125940928,3
0.32088729458728815,-0.4458199748261292,3
-0.3764202704034202,-0.7134932442279177,3
1.461532849349712,1.0715080371013939,1
1.7219875046455022,0.22872199330333598,1
0.9608210741578788,0.9391145987144289,1
-0.6820316181346185,0.8424222691213137,6
-0.8504185932780255,1.0135901316294071,6
2.1687389347017225,1.4674643459431709,1
1.3120996949589452,1.2863433739096017,1
0.3969844532633698,0.6414963355389153,1
-1.0610458337097843,-0.8080707779658007,3
-1.0232412421930315,-0.7553344501894619,0
0.03553357966983207,0.8544905849943418,1
6.427913410921006,-2.025257973624313,5
2.14092935117312,0.9893145640649198,1
1.4679591743831322,0.3705283195162857,1
1.0156394005222018,0.6119920606807583,1
2.1557347295241898,1.0716244477792831,1
1.10898881659342,0.18721451864768662,1
-0.28143098587686377,1.1235189357684763,2
0.03402374736785803,1.894628380543507,6
1.449786229175903,-2.348061303768214,3
1.348032082880897,-1.8367435500810232,3
-1.217896034373709,-1.2929672033685538,3
0.49091036029640106,0.9345005134778005,1
1.5927896710511398,-1.1567615664720174,1
-0.37102090608943017,-0.5121699471152757,3
0.39412064176766737,0.4497858098720802,1
4.542822435565544,-0.05099318126161563,5
2.8453043640250306,0.04114168541135781,1
0.2258899920696723,0.8584778803525196,1
-0.9147621173878776,-1.3396442482198707,3
2.045156812310393,0.7780011210601901,1
4.799144916611897,-0.7767111182173574,5
-0.6423710210198634,-1.612335792284768,3
2.5810640129906908,-1.4741972276787332,5
-0.9872618555322343,1.2229702039546966,0
-0.9193230370878707,-1.110589844590854,0
0.2589456766575181,0.9684221859274343,0
1.6279643496226117,0.4308406146747814,1
0.7481099721842686,1.3458625962370343,1
0.9330726884877677,1.4232303067125298,1
0.44011897366828306,0.34898774179111325,1
1.187099015424343,0.48666184643345844,2
0.23575515035754036,1.0080030288772481,1
1.3806827649057263,0.6935655832077837,1
0.20092583943328185,-0.7851431542009415,3
1.0710134934388238,0.6056587782657197,1
-1.2857898704422386,-0.9720815397760054,3
4.076744714546419,-0.2403302415146456,5
-0.668487390431649,-1.2301281916453726,3
0.37041396373095836,0.7278709321722188,1
-1.1282486845664885,-0.8094987938620307,3
9.328164359028888,-2.6591600660888726,5
0.8866232490802793,0.570468406207935,1
-0.20323761436220522,0.6098147181935274,2
1.3540168565884418,1.6924878162819128,1
2.1986182570340507,1.1157399529137169,1
9.017549622847373,-2.735001374493418,5
-0.8449327301668605,1.0202357333367456,6
0.24676875624926695,0.9339831903973604,1
0.10336409077220059,0.9513583581785326,1
-0.7478093353145833,-1.1661610793745132,3
0.20103925673347361,1.7217991176085787,6
2.1852184970876594,0.24938577343946638,1
-1.2628587757187155,-2.4538205858088253,2
4.766511706184059,-0.7706886597590851,5
-1.4546935311565152,-1.162029837995115,3
-0.8504185932780255,1.0135901316294071,6
-1.1365880291574286,-2.3573994061625467,3
-0.07981976018669339,0.6797620387980615,6
0.8654154489857775,0.7939449149160847,2
0.9879707589915466,-1.2670033759891757,1
0.04547538486518234,0.4344012961951139,1
4.552734211203683,-0.5332050170218144,5
-1.0201770341992236,1.1830965937106661,6
-0.41110784736234235,1.028743365521587,6
1.7614662290347944,1.8050031714494497,1
0.6279602117481715,-1.8390648927043722,2
1.9021320056968019,0.7476640862526525,1
0.7192824110584409,-0.7421558618515126,1
2.939741392473989,0.9344130818173284,2
-0.8223041832115128,-1.1031015091397602,3
-1.1666781723891828,-0.9727845929932559,3
-0.43758421151537813,0.8727106228290844,6
-0.1300781022982707,0.6556181118252422,0
-0.13415140167436668,0.694250076196936,1
3.4688344511510567,-0.023570155776354525,5
-1.4978283936024177,-1.1273378966820766,3
-0.06339386228944337,0.502261815495548,6
0.07407290206155152,-1.6402500325316798,3
0.37121064568776696,1.1248656761654403,1
6.459895467630086,-1.2748462118225838,5
1.054682742695166,0.7593911029780456,2
-0.5666648365355434,1.4673288336638397,6
1.8059901115227859,0.600008969117003,1
2.725006873216432,0.4852444603050674,1
-0.9668312838419091,-0.4106202899589088,3
0.6642766729938957,0.20478866527496092,1
0.20103925673347361,1.7217991176085787,6
2.9457812195032544,0.07119917942085854,1
-1.032618254517637,-0.7937744927440541,3
-1.4528478342093873,-0.6793281551582362,3
-1.1700925567163682,-1.1862839799583074,3
3.2033717910871786,0.6470057328513846,5
0.30244145027688973,0.9697618110643992,1
-1.2015965204537364,-0.5913853395611861,3
-1.7257012965000473,-1.6571602165693606,3
-0.7496955058287326,-0.8012401471021754,3
-1.358865281269937,-0.9964668168743975,3
-0.6834030839124098,0.8407608686944791,6
-1.4137998939930665,-0.6816978128925131,3
0.13097329403316066,0.828275159020324,2
0.4395424479561978,0.4616748185855485,2
2.4013435308263236,0.2910455636894765,1
-0.3086028527499907,-0.9444258559266449,3
1.2085914984404864,0.6374544898197853,1
-0.8559044563891903,1.0069445299220687,6
2.0077299852114474,-0.1132463579588546,2
-0.9163956794785524,-0.7989747972881457,0
-0.5597912402012752,1.2062297299628428,6
-0.6806601523568273,0.8440836695481483,6
-0.2379082888822653,-1.1023477326518858,3
-1.0080396255273176,-0.8619827992964737,3
-1.5813704268718978,-1.4614548100066198,3
-0.41385077891792477,1.0254205646679178,6
-1.2474085529348755,0.41679796839906835,2
1.211373455721122,0.13776552790726065,2
-0.40235902180161015,-0.6215134019894745,3
-0.8421897986112782,1.0235585341904148,6
-0.8449327301668605,1.0202357333367456,6
0.05534296440994997,0.7811832107522894,2
-0.21615996102550533,0.8722010070808289,6
-0.8694325129215409,-0.09863362614224393,6
-0.720741731792547,1.1083657018762967,2
-1.4192857571042312,-0.6883434145998515,3
1.2036183499363275,0.6747123189410421,1
1.4549046406647017,0.6495579249190866,1
-0.6775877091858022,-0.936056466219108,3
1.5648816802527012,0.3203547253693752,1
-0.5026729167688819,0.6845456100278969,6
-0.8517900590558167,1.0119287312025724,6
-1.027308656243738,1.1744573114911263,6
-0.8517900590558167,1.0119287312025724,6
-0.9900047870878168,1.2196474031010274,0
-0.027720038879969065,0.7544857569835917,1
0.222205822601417,0.8537401331128476,0
0.26473590218426307,0.5920512441148483,1
-1.0254898774831027,-1.111964018669243,2
2.8681813332029904,0.4719109084983605,1
-0.8562295217180228,-1.0939328251630946,3
4.329211759701777,-0.36335701511859586,5
0.14621398654383644,0.4512448870867151,1
-1.6270651813986303,-2.547743925306279,3
-1.254261580097596,-1.0742085125935996,3
-1.0742830121506701,-1.0207107370550312,3
0.15370730689652087,-0.8862625977124982,3
0.3041478940657343,0.5891131963703807,2
1.2391122553520177,1.2958641247837406,1
-1.527181293438864,-2.116814265803404,3
-0.8531615248336079,1.010267330775738,6
-0.8421897986112782,1.0235585341904148,6
-0.8449327301668605,1.0202357333367456,6
-1.0146911710880586,1.1897421954180045,6
-0.37848191839456813,0.772675578567448,2
-0.840818332833487,1.0252199346172493,6
-0.677917220801245,0.8474064704018175,6
-0.8545329906113991,1.0086059303489032,6
-1.0201770341992236,1.1830965937106661,6
-0.8353324697223221,1.0318655363245877,6
-0.8421897986112782,1.0235585341904148,6
-0.6696884261344976,0.8573748729628251,6
-1.017434102643641,1.1864193945643353,6
-0.3384003389588486,0.5083935462392994,6
-0.6806601523568273,0.8440836695481483,6
-0.5482403593157663,0.9421820406487069,2
-0.6806601523568273,0.8440836695481483,6
-0.8421897986112782,1.0235585341904148,6
-0.8449327301668605,1.0202357333367456,6
-1.3702811922350595,-1.356985081604382,3
-1.7109567646549793,-1.3410301423263518,3
-1.3915488290875189,-1.4668202176334337,3
-1.3642781343005492,-0.7384313662412648,3
-1.3044619289061627,-0.5430808726992261,3
0.7568647732384367,0.8367316454172745,1
-0.44171923864419044,-1.2727937142135277,3
0.5795888476989548,0.6305209843659161,1
-1.3158951520373043,-1.5090094450757283,3
-0.3290076670628592,-0.6884295458277474,3
-0.5537262224269313,0.9355364389413685,2
-0.5026729167688819,0.6845456100278969,6
-0.1465356916317653,0.635681306703227,6
-1.6924603774491866,-1.1541901907781023,3
-0.9938053613788727,-1.6835431323443584,3
-0.9950382246374211,-0.8195732840831267,3
-0.6816950627754171,-1.0690601457447115,3
-1.2396835781332842,-0.61317291265164,3
0.18139298396891093,1.0239157016049822,2
-1.1634251997808278,-0.648405421575033,3
-1.0621073520863749,-1.0493386619744132,3
-0.1881382146663279,0.6394351541918339,6
-1.2037481612166263,-0.6259294310896296,3
-1.0607358863085836,-1.0476772615475787,3
-1.4583336973205523,-0.6859737568655746,3
-1.1154315920999403,-1.6158601265547075,3
-0.7474891230795961,-0.9455697828858198,3
2.3978625056180665,0.234138199126101,1
2.5899578492180666,0.32616848196668935,1
0.6974012819730074,-0.8609854615779601,3
-1.0188055684214323,1.1847579941375008,6
-0.8465099792728669,-1.0414576639387403,3
0.055864765022704786,-1.2708152756785083,2
0.5974540476027747,1.363783365944558,1
-1.063478817864166,-1.0510000624012479,3
-1.0256628973103883,1.1764509920033277,6
-0.8545329906113991,1.0086059303489032,6
-0.6760729652747899,-1.1374279638953613,3
-1.298444805435642,-1.304590219148943,3
-1.5885129376660738,-1.2869919006756478,3
-1.315324919445241,-1.025603323847031,3
-1.0146911710880586,1.1897421954180045,6
-1.7071282957096894,-0.9415521398445429,3
-0.7262275949037118,1.1017201001689583,2
-0.37848191839456813,0.772675578567448,2
-0.6806601523568273,0.8440836695481483,6
-0.5109017114356292,0.6745772074668893,6
-1.0064623764213112,1.1997105979790121,6
-1.0119482395324761,1.1930649962716737,6
-0.37848191839456813,0.772675578567448,2
-1.4864548261442303,-0.8577582621926066,3
-0.8421897986112782,1.0235585341904148,6
-1.017434102643641,1.1864193945643353,6
-0.677917220801245,0.8474064704018175,6
-1.0201770341992236,1.1830965937106661,6
-0.8504185932780255,1.0135901316294071,6
0.2913600111633987,0.3002368738931692,1
-0.6820316181346185,0.8424222691213137,6
-0.8449327301668605,1.0202357333367456,6
-0.8490471275002343,1.0152515320562416,6
-0.6834030839124098,0.8407608686944791,6
-1.0943448164253269,-1.0638540714765448,2
-0.8545329906113991,1.0086059303489032,6
-1.1508450538007138,-0.9550875080511109,2
1.3543913457987988,1.4649082443643715,1
-0.8596717129435719,-1.8851611204947205,2
0.5202355901059201,-0.7795282922966762,3
-0.8517900590558167,1.0119287312025724,6
-0.8531615248336079,1.010267330775738,6
-1.0215484999770148,1.1814351932838316,6
-0.7299271656352758,-1.3041891898245652,0
-1.017434102643641,1.1864193945643353,6
-0.6751742892456625,0.8507292712554867,6
-1.228136075244179,-1.1636138430039378,3
-1.0678901830725327,-1.7497897570427354,2
0.009271918340290642,0.45968111713089943,1
-0.10903905589531163,0.5204064952518895,6
-0.21420934058453495,0.5965235147788506,2
-1.7098712272652719,-0.9448749406982121,3
-0.05725840672676359,1.0890748355036737,0
-1.5237660521972562,-0.7714361051827126,0
-0.9216290590011336,-1.16126513457266,0
-0.743006460675432,-0.8533249479995159,2
-0.8634450318423417,-0.9760495145083078,2
-0.29317996730644036,0.9796770224176324,6
-0.4093322739169296,0.8472754941927186,6
-1.6013160649840599,-1.0030003605281153,3
-1.1646066936052033,-1.179638378250969,3
-1.0146911710880586,1.1897421954180045,6
-0.8531615248336079,1.010267330775738,6
-0.8517900590558167,1.0119287312025724,6
-0.7042841424590522,1.128302506998312,2
-0.6987982793478874,1.1349481087056503,2
-0.9560588532653463,-1.7128330005901935,2
-0.9172154666221737,-0.9062869896841065,3
-1.1445159841940749,-0.6031513568973625,0
-1.3011353704134532,-0.8809684487741792,2
-1.4014205559951365,-1.5403241337032822,0
-0.5509832908713488,0.9388592397950377,2
-0.08613043517802481,0.5173481983018615,6
-1.362125550756128,-1.2739194622997225,3
-0.826175559789654,-0.9871241889543464,2
-1.2666318039546947,-0.82889781211748,3
-1.0291197851651748,-1.1568269081417621,2
1.2781685059766954,-2.0300843762423457,0
0.004423140735677265,0.9312141531969829,1
1.2662316871011094,0.4337683937405045,1
-0.9418487329800119,-1.0173035311364997,3
0.5957298948576181,0.9616023198354251,1
0.009909003846842155,0.9378597549043213,1
-0.17389569632169705,-1.175059956462021,3
-0.5052685345148205,-0.7637126377224196,3
-0.24683526955230917,0.8525913017329897,6
-0.3343273103289273,1.3665592649115308,6
0.07720659923073948,1.0359642447937756,1
-1.4427158871741521,-1.6027793086951532,2
-0.5276712292723089,-1.3386916324218041,2
-1.407149702064068,-1.3832646357413314,3
-0.8778015583328632,0.4258275448539845,6
-1.9657988523189454,-1.2706841804354987,3
-0.0031223635818736933,0.6706335269811468,1
-1.097429539016915,-0.8218368541573152,3
-1.0424219162132329,-0.8719248057987287,3
-0.8504185932780255,1.0135901316294071,6
1.2705512931503036,0.9918358221514444,1
-0.8583808933522042,-1.957416977239863,2
-0.3757389868389857,0.7759983794211172,2
1.7752829697491357,0.6934437116309843,1
-0.2200199530462659,-1.643509830449637,3
1.1059889839448616,0.9737972444507923,1
1.0325086171470272,0.6075000810821698,1
-0.3699638740286058,1.078585378326625,0
1.6473697983630016,0.9932479376393518,0
-0.27269912979471944,1.1165462342869619,2
0.2330095285665328,0.5319768272939961,1
-0.7574820580936947,1.359449287549932,6
0.12940745877211338,0.5643241064597875,2
-0.9689748075977009,-0.8292466334007416,3
0.01638719160515987,-1.3628502471415869,2
0.06812221967428204,1.1257128861361811,1
0.7999372894849818,0.9577578500919206,1
4.796739270366468,-0.14228035622328275,5
0.20808037397921544,0.8606785801059611,1
-0.4079906710324543,-1.708635430072084,3
1.014653027521798,1.3308828382204303,2
-1.3936117274757975,-0.7620054894882706,3
-0.7179988002369645,1.1116885027299659,2
1.7734079001971261,-1.7132373404448908,1
-0.7476342202035922,-1.826265321135174,3
-0.28978314554838114,-0.9196342735616709,3
-0.277901446647394,1.3808937240212922,6
-0.6820316181346185,0.8424222691213137,6
-0.22975846214020604,0.6022339480263036,6
-1.0447634235088445,-0.7072347776668781,3
-1.2585024304240988,1.030003664123047,6
-0.19748409164914854,1.7222595076863387,6
-0.908948087602433,-1.714086111352778,3
-1.3911355495590023,-1.29782016693771,3
-1.5431365860410355,-2.380050554481085,3
9.231152410457009,-2.2449124934249407,5
-0.8039157213688914,-1.6862339544804008,2
-0.4734124058134898,-0.8271785049534536,2
-1.371208473270058,-1.011419420715909,3
-0.29968737477254814,1.3727332292832282,6
-0.8207237287852722,-1.4755321292261434,3
-1.030327653619577,-1.0609361691841066,3
0.2675952543453526,1.4730379524902064,2
-1.6005706728201299,-0.8062375569398096,3
0.03715374787440274,0.6433522737186559,1
-0.8940093804081204,-0.7353636489954374,3
0.031280815812275556,1.8913055796898377,6
0.3753716809810482,0.9002331351746556,0
-0.9874691080500619,-0.7812443284949514,3
-0.9840299885345489,-1.0264136737663425,0
-1.098112635109479,-0.6823722116120472,3
-0.5543053770901104,1.2128753316701812,6
-0.6792612887537879,-0.6582424718304719,3
-0.40209826618636885,-1.2840072213687814,2
-0.5808662882835406,1.198249827602846,6
-0.5767518909501669,1.2032340288833496,6
0.2568835684651027,1.2754223198539911,2
-0.1919982285379837,1.7289051093936771,6
-1.4870645242660638,-2.4911272410089698,3
-0.29121199359904654,-0.7737323101456992,3
3.365034760443095,0.8298249637936939,1
5.826615484318428,-0.8570655079258801,5
2.808068310670739,-1.9816265568416345,5
3.529081226848321,0.4195319931977217,5
2.000498341255994,1.5994682507549935,1
2.5095934520683394,0.9918881106320241,1
0.3735406292102543,1.555615456380989,6
-1.8399639765350218,0.6381069593842827,6
0.3639162512263596,-0.4769775958634712,3
-0.12817624332557825,-0.9316915649143293,3
-1.6619767409470765,0.4785688998640312,6
-0.835107383012461,-0.4957512029087182,3
-0.29283004588359207,1.381040231417401,6
-0.3007140425129471,1.110742302090576,2
-1.0438225591173307,1.1770896708573366,6
-0.2935952531043206,1.6450041062946041,6
0.2161553610352976,0.6716611469373602,1
-0.6484635958921877,-1.0032183932235172,3
-2.003436018294789,-2.2521583322746515,3
-0.5738724415573351,-1.9403480928429206,2
0.4672078446895869,-0.9021410793341395,2
-0.5946516745365574,-1.2202705122242723,3
-0.37547009146013516,-0.5353516435966266,3
-1.490238179969066,-0.2588319866098261,3
-0.5753804251723756,1.2048954293101843,6
-0.4470750294646883,1.2980095991302392,2
-0.12127280540020423,0.9423826706993753,2
0.1080828993685838,1.9843440035925755,0
-0.04584218762168728,1.0337596941752782,0
0.9295284556422948,0.5697177797247929,0
-0.7763594412772997,1.1033057546784755,0
-0.4124793131401336,1.0270819650947522,6
1.5212043897175773,0.5717934339164382,1
-1.298459683100909,-1.7037348004881325,3
-0.5564691539825136,0.9322136380876993,2
-1.5055262003708432,-1.0345763382367164,3
1.0417663838136737,0.4286697745668468,0
-0.27034137192534163,0.7343576734854504,2
0.520453445792118,0.6620385197655123,2
-0.583609219839123,1.1949270267491767,6
0.9537434325663283,1.1929280211041744,0
1.131325969523082,1.6920449851847181,1
-1.8446131427858323,-1.9847407816754528,2
-1.619891665352593,-1.8174138295056985,3
-0.7843401219496994,0.844034086017403,6
-0.8814679577534633,-0.3991890864058991,3
-0.18651236542681887,1.7355507111010156,6
0.8591919618716236,1.3313149075873756,2
-1.0905602368447513,-0.9257693269810671,3
-0.024982719172368092,1.556075846458749,6
-1.4560925489429604,-2.618146558095726,3
1.572641735403347,1.4576518578595392,1
1.2651399728524682,0.33144699653477183,1
-0.5666485690902313,1.19792272782867,6
-0.7418928731225943,1.3607835882025907,6
0.25133409861892014,0.5169478176722492,1
-1.1114634873711824,-1.0108543546947117,3
-0.7527933690359324,-1.281315841611862,3
-0.07126484478941748,-0.7709912338033039,3
-1.1464860233708434,-0.8622215065604875,3
10.3479443884975,-2.355280750307388,4
5.489255646372984,-1.3815038816037897,5
-1.0877868808237603,-1.0931661607044998,0
-0.7369100714268265,1.384370293952451,6
-0.7491422936278569,-1.9178850090659916,0
-0.10696730674049797,1.266831620757325,0
-0.8367039355001132,1.0302041358977532,6
-0.4347318374645674,1.3129622029717507,2
-0.9932866113903508,-0.5857408388429237,3
-0.8421897986112782,1.0235585341904148,6
0.786540668299119,-0.7673145863551439,1
-0.4425698376020068,-0.3028044580714113,3
-0.27868805432128135,1.1268417366221455,2
-1.6356986830113038,-1.2364047822695283,3
-0.590466548728079,1.1866200246150038,6
3.514061338631008,0.09592466952889349,5
2.233978432834647,0.7242395975049825,1
1.8339344296015676,0.48481387559451206,1
3.010630277175662,-0.1255927984465822,5
3.220682925031006,0.09545607923207483,5
2.7070338864124044,0.4847694952392003,1
1.0488237574841528,1.4875598903223506,1
0.7628710034570282,1.0859803837296278,1
1.6465620562005079,0.994323716638722,1
1.5890863388190206,1.3413505642587833,1
-0.5763578747711998,-0.6752398565280363,3
1.0803244529034048,1.033592744928535,1
0.6211669205167889,0.8896780678071617,1
-0.9690513814063553,-1.1075225972606877,3
1.006488668663898,0.7814549922051512,1
1.2230081507469412,1.2378741172818777,1
-0.7708576228255173,-1.3833511381796848,3
-0.3060330013321261,-0.6582065278150926,3
-1.7369763797394442,-1.3812717318770158,3
-1.8399639765350218,0.6381069593842827,6
-1.0859143791402863,0.07509025021651385,6
-0.8039988247539903,1.024069644060744,6
-0.7295496811224734,1.375736192044102,6
0.19966779095568238,1.7201377171817442,6
0.01375677466319135,-0.4672156446794135,3
0.6494912376100126,1.0253314381305643,2
-0.8674521665493407,-2.850821006801164,3
-1.3792688765805994,-0.7942701331230122,3
-0.7245566369535047,-0.40373894017525963,3
-0.5849806856169142,1.193265626322342,6
-0.7055467838308301,-0.4297849068728004,3
-0.024982719172368092,1.556075846458749,6
-0.5863521513947054,1.1916042258955075,6
0.12698452443966438,0.7849404504272463,1
-1.8248778529793184,0.6563823640794633,6
-1.2530690064132421,-1.5675447716639002,2
0.005233790745293247,1.3046479391561967,2
0.018790924203700057,1.3028400313332533,2
-0.5987778791418326,1.1871345943517801,6
-0.5919205502528765,1.195441596485953,6
-1.66609113828045,0.4735846985835275,6
-1.8276207845349008,0.6530595632257941,6
-1.1037553753074807,-0.5815382069556909,3
-0.7557701333113429,-0.6391300714560929,3
-1.0753750858137476,-0.88413556797962,3
-0.4718439492119365,1.2785873637450005,2
-0.583609219839123,1.1949270267491767,6
-0.4421740244574274,1.5570457878098896,6
-0.2669297204250643,1.394184927435969,6
-0.16863904750927844,1.469170199956952,2
-0.38728986772449464,1.040046068735253,6
-1.8303637160904833,0.6497367623721249,6
-0.583609219839123,1.1949270267491767,6
-0.7671648542852395,1.3583024568598738,6
0.19829632517789114,1.7184763167549095,6
-0.7519961949825299,1.3660948892572704,6
-1.6523764805025378,0.49019870285187345,6
-1.66609113828045,0.4735846985835275,6
-1.4963326973592517,0.3040782365022685,6
0.21201098295580328,1.7350903210232556,6
0.04362400781239646,1.9062581835313492,6
0.55519695150167,0.7974717958883093,1
-0.10128567683723987,1.219694264074206,6
-0.5639653107957291,-0.7002829162575396,0
-1.2100277735900102,-1.237906439775927,3
0.4969260309308006,0.7580879726176988,1
-0.8402800516627267,-0.7697544884078781,3
-1.0091649767890707,-1.0050577611079032,3
-1.0147024426856612,-1.490539477272581,3
-1.1850102889158658,-0.9774416944995838,3
-0.7314242083156617,1.3910158956597893,0
-0.4694458156937463,1.5422396913644871,6
-1.0464167801606266,-0.8308242469248039,0
0.2037821882890561,1.725121918462248,6
-0.0698758030227872,-0.39155033667582434,0
-0.415222244695716,1.023759164241083,6
0.3348890676363848,1.0318742920032145,1
-0.7990971773100163,-0.9686883549788884,2
0.33747127774857943,-0.4889832886483592,0
-2.0294795976394315,-1.240013423586278,3
-1.028896129266214,-1.2878969113069139,3
-0.7507072649517449,1.378239261981889,6
-0.5753804251723756,1.2048954293101843,6
-0.4421740244574274,1.5570457878098896,6
-1.3520257982814814,-0.8046124315646557,3
-0.9683074261038073,-1.001170684916966,2
-1.1745867548209432,-0.7621616990655706,3
-0.9113810406980479,-1.0149870398774525,3
0.09669784872214437,-1.1421523748558637,3
-0.9260938751251458,0.6813069817709031,6
-1.490846834248087,0.3107238382096068,6
-1.8385925107572305,0.6397683598111173,6
0.438725161044342,1.305192890835782,2
-0.2969444432169657,1.3760560301368974,6
-0.758853523871486,1.3577878871230973,6
0.2603978718563562,1.7526345241842756,6
-0.2983159089947569,1.3743946297100627,6
-0.4635326187981829,1.2780727940082242,2
-0.07967653908793104,-0.7391468730660328,2
-1.3853142090871016,0.3120539955911714,6
-0.5338632283978547,-0.5757054366242024,3
-0.5193869983712239,-1.3465490872983412,3
-0.10191152524896599,-1.0520431264150072,3
-0.5781233567279581,1.2015726284565151,6
-0.39826159394682437,1.0267548653205762,6
-0.0005968832903596587,-0.6821065316251927,3
-1.9909741134203143,-1.6291257524381053,3
-1.3328229310479889,-0.4432910525325966,3
-1.0215484999770148,1.1814351932838316,6
0.21201098295580328,1.7350903210232556,6
0.005883561929652401,0.8613006310141567,1
0.2898210425949997,0.6949514963618776,1
-1.4831256993793047,0.46083765981910146,6
-1.4131111806428198,-1.609692262914575,3
-0.3288414472177624,1.3732048666188692,6
0.031280815812275556,1.8913055796898377,6
-0.7579315712768758,0.5610067253256233,6
-1.3629975245038113,-0.8179036349793325,3
-0.036040118734525735,-1.4918281587293203,3
-1.0539642789983836,-0.7660312235634515,3
-0.6386900356653907,-1.6747661155018905,3
0.3332990775954348,1.2369047123516976,1
2.311883431582783,0.32265845298093054,2
0.08480985084011802,0.7423974013594885,1
0.46097293109382215,-0.39460230943583946,3
-0.18925529698240123,1.7322279102473463,6
-0.9952667591208461,-0.7953874547083192,2
-0.11990133962241299,0.9440440711262099,2
-1.4743892449145923,0.33066064333162204,6
-1.2644304731038871,-1.0670752017911749,2
-1.1415412521326596,-0.5373673973042056,3
-1.0796397492186403,-0.762705951769573,3
-0.67243135769008,0.8540520721091559,6
-0.5625341717568577,1.2029069291091736,6
-0.5652771033124401,1.1995841282555044,6
0.45922515560442334,0.8477399207178706,1
0.4004957121719354,-0.3633834470510235,3
-1.7403286549107806,-1.653858939730736,3
-1.0215484999770148,1.1814351932838316,6
-0.373710504527774,-0.9807550256156622,3
-0.8071632196947811,-0.7789225231681914,3
0.377755784174963,1.0508720632294246,1
-1.4167115781954815,-1.24466037621869,3
0.7796135086645294,0.9678413671000987,2
-0.8338120830010575,-0.7278254614465136,2
-1.007009068830006,0.2500891556256689,6
-0.1960226866569443,-0.838926007708614,3
-1.0201770341992236,1.1830965937106661,6
1.1203117783619518,0.6898659886744619,1
1.5732293953269212,0.8855701218655078,1
0.8487468153688325,1.6679552442227776,1
0.8153458855542115,1.2878892409947738,1
0.4504155191189711,0.7120180877069139,2
1.0226684156276733,0.8512220375006647,2
-1.0047452671483101,-1.1113972829014462,3
0.22948278942292502,1.2146029897281054,1
1.36504999594403,0.36099140578300404,1
-1.1252520541553708,-0.7445482823360947,3
0.4915894692155642,0.9660322416899992,2
-0.7856890017323382,-1.2431792992437318,2
0.32471988073260255,0.6140342027728998,2
-1.0201770341992236,1.1830965937106661,6
0.17505940402662862,0.7480962465265529,2
-0.20835499864468698,0.5757469191861518,6
-0.5496118250935575,0.9405206402218723,2
-0.6669454945789152,0.8606976738164943,6
-1.017434102643641,1.1864193945643353,6
-0.05659449701851595,1.0523439835159847,6
0.07464839840981893,0.8019007055950171,1
-0.9954906501989816,1.213001801393689,0
-0.8421897986112782,1.0235585341904148,6
-0.8435612643890694,1.02189713376358,6
0.3776910523967519,0.5408896797823228,2
2.75593402135134,1.6072992841828064,2
1.633931425592323,1.3477220126210332,1
1.821128787020541,0.9427872799164227,1
1.9289636975049584,0.9423053322304915,1
1.19709619133203,0.8357773157349419,2
2.162688872791709,0.9554531373492875,1
0.9120002399066379,1.3107967936588314,1
2.216059242964862,1.4078448304701707,2
0.05275078932866311,-0.28458377340897484,3
1.5894063636990048,1.1538404745794701,1
0.6409531045276965,1.1748024897050617,2
-0.3711246359468054,-0.6513084322974899,3
-0.2614438573138994,1.4008305291433074,6
0.024276787314864892,1.3094856330405917,2
-0.2955729774391745,1.3777174305637319,6
0.05596719981251748,1.9212107873728606,0
-2.0089076109725634,-1.2150924171837592,3
-0.26915418959237136,-0.7787531292675139,3
-0.46259083044258387,-1.192377071215064,2
-0.44354549023521855,1.5553843873830548,6
-1.0075425325181264,-0.9098425671134529,3
-0.024982719172368092,1.556075846458749,6
-1.8385925107572305,0.6397683598111173,6
-0.6009608074231015,-0.5475106693478924,3
0.11002681185859271,-0.6673607492105482,2
-1.343659225202721,-1.4613148171297703,3
0.35860553725599514,-0.4344662288912436,3
-1.2858323248437717,-0.8521574180931645,3
-0.6861460154679923,0.8374380678408099,6
-1.095694576239081,-2.030563819535941,3
-0.14807557452697315,0.5421534993698767,6
-0.8531615248336079,1.010267330775738,6
-0.45435742150702874,-1.3504451394411128,3
-0.9570896084208276,1.2595210133450578,0
-0.9734573993362409,-0.7614744918449413,3
-0.9872618555322343,1.2229702039546966,0
-0.25034658368069573,0.6789177683400633,6
-0.02508820427098872,0.7675675787705334,1
-1.022057416583394,-1.8079929024934798,3
-1.1105880208114085,-1.0150182784670851,3
-1.0201770341992236,1.1830965937106661,6
-0.5163875745467941,0.6679316057595509,6
-0.8504185932780255,1.0135901316294071,6
-1.134172227625609,-1.4807422829375403,3
-0.3894536446168979,0.7593843751527711,2
-1.207321009494367,-0.888668227645695,3
0.4163445641066501,0.4326119434632118,1
-1.1642168660283398,-1.114691866694865,3
-1.0229199657548058,1.179773792856997,6
0.11894674077793584,-1.4133635888541323,3
1.0395376193844201,0.5687338994074821,1
1.708515163352247,0.7545005725318884,0
1.403362268038389,0.3040630556638289,1
-1.1160738839225735,-1.0216638801744236,3
-1.0579929547530011,-1.0443544606939095,3
2.225620639804338,-0.1258112968672546,0
0.5412101585174539,0.9151663037093496,1
-0.7768190046875108,-2.4773029918240663,3
-1.017434102643641,1.1864193945643353,6
-0.8175034146110363,1.0534637418734376,0
-0.8147604830554538,1.0567865427271068,0
-0.7762696428592183,-0.8977529453895083,0
0.011391790927515778,0.6496693164956359,0
0.02766408900899692,1.0612515519461525,0
-1.492641584152779,-0.6692615736082409,3
-1.3924086530542124,-0.9874617792153404,3
-0.23340860094137525,0.953680483232913,6
-1.5606691747193815,-1.213105202911757,3
-1.40025276815098,-0.7086643373850607,3
-1.3187687458982071,-0.8337838344089961,3
-1.0578436199902455,-0.6805492572203969,3
0.0347699769582012,0.45005313973480743,1
-1.0160626368658499,1.18808079499117,6
-0.6751742892456625,0.8507292712554867,6
-0.847675661722443,1.0169129324830763,6
-1.4248346818699948,-1.3637046581231738,3
-0.847675661722443,1.0169129324830763,6
-1.0418186114253052,-1.8514190607405674,3
-1.0970321686546902,-1.2318777825147362,3
-0.2325013936957885,0.5989111471726344,6
-1.0229199657548058,1.179773792856997,6
-1.0201770341992236,1.1830965937106661,6
-0.8517900590558167,1.0119287312025724,6
-0.6792886865790361,0.8457450699749829,6
-0.5550976882047225,0.9338750385145339,2
-1.0146911710880586,1.1897421954180045,6
-0.8449327301668605,1.0202357333367456,6
-1.017434102643641,1.1864193945643353,6
-0.6806601523568273,0.8440836695481483,6
-0.6834030839124098,0.8407608686944791,6
-0.6834030839124098,0.8407608686944791,6
-0.684774549690201,0.8390994682676445,6
0.12252307229749461,1.346743261343455,1
-1.503922258064701,-1.1287471818741204,3
-1.5978277412645474,-0.8029147560861404,3
-1.2037481612166263,-0.6259294310896296,3
-0.5150161087690028,0.6695930061863855,6
-0.8449327301668605,1.0202357333367456,6
-0.9967009957175362,-0.7992402258079753,3
-1.1357167526977285,-1.1305702509687965,3
-1.3825653135267297,-0.7258073672717743,3
-0.847675661722443,1.0169129324830763,6
-1.017434102643641,1.1864193945643353,6
-0.5441259619823927,0.9471662419292107,2
-0.6834030839124098,0.8407608686944791,6
-0.8504185932780255,1.0135901316294071,6
-1.0671822056565037,-0.7793565738792299,3
-0.6820316181346185,0.8424222691213137,6
-0.8504185932780255,1.0135901316294071,6
-1.017434102643641,1.1864193945643353,6
-1.3698370074922668,-1.0097580202890744,3
-1.4363902448758927,-0.659391350036221,3
-0.847675661722443,1.0169129324830763,6
-1.017434102643641,1.1864193945643353,6
-0.8449327301668605,1.0202357333367456,6
-1.1999121856203685,-1.4017460762584784,2
-0.8463041959446518,1.0185743329099108,6
-1.3869088543801837,-1.586792816087517,3
-0.8504185932780255,1.0135901316294071,6
-0.1350808555887183,0.6293084009667809,6
-1.1633736433244477,-0.5580000830885726,3
5.675183651702954,-0.375038110699792,5
1.3520096953017235,0.8028587162215833,2
7.363227157320106,-1.4530181405683862,5
6.084993803656548,-1.0802617257578022,5
13.495950547992928,-4.978921080152501,4
4.300182872282848,0.05077798295190874,5
8.676801292274872,-1.7075425084587623,5
10.614579879586678,-2.5566923970418967,4
1.9721141058819556,1.3812317980249764,1
4.022819026080109,0.6479974799208563,5
11.058751411925254,-2.9912451186073064,4
6.288987820112895,-0.8633191678888601,5
4.76491483397802,-0.28207385924055495,5
4.838853806643916,-0.7647614976014647,5
3.2744757310491743,0.1383103170621172,0
2.373552919283768,-0.03655586436598233,1
5.272126352264002,-0.6353720884706417,5
0.005233790745293247,1.3046479391561967,2
2.9446901457503443,1.272345316692942,1
-0.769907785840822,1.3549796560062046,6
4.2536048465311715,-0.39995802646206774,5
2.7212150604045067,0.5582999896489156,1
2.1627745441445936,0.48120466828511044,1
2.047684519129617,0.5742042593528432,1
1.9760417842743132,-1.0919118424215528,0
4.171299706159546,-0.33274258667140233,5
2.549520026126263,-0.007989202486682194,2
1.2922521989167683,-0.8349878947375365,2
0.620392397467061,1.1937728364363642,1
4.050404722816459,-0.934706165975626,5
2.198401494865164,-0.03518419529311291,2
2.0343383330796634,-1.1915019496635637,2
1.610333541842307,0.9665235932586768,1
0.9592373119905134,0.6566380702930562,2
1.8305266564711171,0.6694681605933284,1
2.2566576648671814,0.49849125342878814,1
-0.47493349310104127,-0.3311493843622519,3
2.537124205533168,0.6547226999992918,1
1.0173413928179673,1.7456675298166493,1
-0.8860542679953464,-1.2513504016183814,0
-0.6678347459581827,-1.812052370621318,3
2.8264422389861887,-0.22609037685676975,1
0.14877658248385003,-0.3305421283500617,0
1.5700284732014875,1.1645650678527695,1
0.725837400859314,0.5390882546877136,2
-1.3556841096514436,0.41214501016383465,2
-0.2983159089947569,1.3743946297100627,6
0.06599933369799044,-0.3113612898984792,3
0.48132810245500485,-0.6338865240337296,3
-0.3687728335440163,-0.7721206318889875,3
0.26754964354057303,-0.8146345067924708,2
-1.8372210449794393,0.641429760237952,6
0.1167611598457992,-0.3371919165319277,3
-0.35726165186709097,-0.4021275243538943,3
0.82538242323942,1.4535689810996182,1
-0.570762966423605,1.192938526548166,6
-1.3070534008735906,-0.8854521395367096,3
0.05321895594511781,1.1150390565655781,1
-0.583609219839123,1.1949270267491767,6
0.6735904961361593,-1.5341618570684892,3
0.8001867368710712,0.6349953565611011,1
-0.5357445791046912,-0.3118321331533009,3
0.07420970073739616,-0.7248678370806532,2
-0.6671641750908797,-0.7207764707850948,3
-0.8649451194017693,-0.9652522785630016,3
1.2617840622549945,0.5627027299121545,1
-0.5354257415268774,1.4310375599850842,6
-1.0066332257510566,-1.072033242463731,3
-0.31221131610802927,-0.9134747604448136,3
0.05455055667177591,-0.607410880817317,2
-0.12032867340681151,1.214856570189811,6
1.7572401751535751,0.8023866761190227,1
-0.8713211866405502,1.0109060096297469,6
-0.11225740305956959,1.206403060659529,6
-0.9451311885581595,-2.0423306016894256,3
-0.30332946714454384,-0.920829531190776,2
-0.48030154087140264,-1.3913780078968438,2
0.41421363385177273,0.9941143589539664,1
-0.9640723030104486,-0.6261592476858271,3
-0.6763411803781734,-0.416561716549703,3
-0.5272627298562914,-2.046232671254458,2
-0.10150288115397604,-0.7117542541624208,3
-0.277901446647394,1.3808937240212922,6
-0.7712792516186132,1.35331825557937,6
-0.8618681485898488,-0.5325130722252376,3
-0.3848874295416157,-0.6082250298805595,3
0.5957587445921667,0.8835285888906624,1
-1.2135872767791822,-0.734653868226806,3
-1.3606843976234526,-1.0928841497842823,3
-0.9248247626113848,-0.8393247142966263,3
-1.3268675120112947,-0.9839378116455855,3
-0.944869245054806,-0.6611366138557833,3
-1.5116048244179663,-1.1043671258139318,3
-1.8344781134238568,0.6447525610916212,6
-1.490846834248087,0.3107238382096068,6
-1.8331066476460658,0.6464139615184556,6
-0.5890950829502879,1.1882814250418383,6
-0.4092588457904381,1.59691939805392,0
-0.5877236171724967,1.1899428254686728,6
0.0870656020718122,1.355833194937124,0
-1.2214767213756268,-1.5390166851314007,3
-1.1827868365504894,-0.7469817067395323,3
-1.0264557469906195,-0.8003394641060142,3
-0.8291668875691632,-0.9952427321558095,3
-1.2423905951793632,-0.7113063050446918,3
-1.1040101702588752,-1.2430972762796813,3
-1.8399639765350218,0.6381069593842827,6
-0.5750692609143256,-1.2866072211026833,3
-0.8720562149105958,-1.6497845819152057,3
-0.33224277569872523,-0.47399341497686964,3
0.05887250363941972,1.0385579990051048,6
-0.880432382259469,-1.3609644396636382,3
-0.8626980653120069,-0.791929067927634,3
-0.5633144946134424,-1.3984840811939117,3
-2.1097043860396973,-1.1131711954401593,3
0.03265228159006679,1.8929669801166724,6
0.020542220988250055,-0.27634632919659435,3
0.09932990913700558,-0.45775589018374646,3
-1.0134267028791388,-1.3038028239998412,3
-0.677917220801245,0.8474064704018175,6
1.9452898409772148,0.8116688257969921,1
-0.8007630170872095,-1.179256983246381,3
2.225323621380007,0.7860557018859019,1
2.0957976957511164,1.190075290112685,1
1.085254430289134,0.7186729028627781,1
4.779025227455515,-1.100410235223145,5
0.521580899683227,0.35819939380745713,1
-0.015193622510998168,-1.4855651835371313,3
-0.4341391843908053,-0.4959049493703179,3
0.6375238045716607,0.8311012563243841,1
0.20187252374184964,-0.191741761565713,3
0.6188430522319195,0.6160831415962205,2
-1.27887350763455,-0.9305804551276683,3
2.716858187912444,0.9693849688643675,1
1.4805582325632232,0.9001930031564973,1
0.5319277744479797,1.080686586005598,1
-0.21527945440009594,-0.6926666878181595,2
3.582707234771838,0.07331932247156434,5
-1.1649699798658482,-1.7570380451318908,3
-0.7538257768759212,-2.1207875889832826,3
1.231231062970845,0.5121165013085353,2
-0.7672413714399698,1.3569700259316944,6
0.9289478966063963,1.0911029821079197,1
3.7743983403326986,-0.13723044789078462,5
5.571809109204534,-0.8057424337845537,5
2.0678334664979836,0.8148256684435192,1
-0.6474179822097971,-0.2919678777061721,3
0.9429180990728984,0.6540706976824938,1
-0.19670420904869537,-0.861355297130088,3
0.37442817718846766,1.0472407897316165,1
0.0034813352781536424,-0.8012593260100364,3
-0.2465365012557177,-0.861646060766623,3
-0.5407533232514927,-1.9184115497192005,3
0.12391112851012079,1.0549638876294987,1
-0.5047309762546154,1.5398407910562704,6
-1.296910521709999,-2.200010147353682,3
-1.1821083526703764,-1.5026161318822666,3
-0.7912841588088726,-0.4457865838531225,3
0.4620387018790155,1.1182611949030479,1
-0.40635527735921934,-0.6211516610813294,0
-0.8833129874786441,-0.5458288367440408,0
-1.1033710007332065,-1.2693287293646467,0
-0.7192400692172772,1.4151190408709056,0
0.5835483381690972,2.2876027499081255,0
-0.7631269741065961,1.3619542272121983,6
-0.3308581380000435,1.3753185302555153,6
-0.8900485972193338,-0.4259449342939271,3
-0.8955344603304987,-0.4325905360012655,3
0.0549616955148043,1.6315306554611522,0
-1.0447209145848284,-0.23816306751748745,3
0.6804996435617161,0.7723972356672205,1
-0.4671726916636176,-1.5720841955749472,3
-0.7658699056621786,1.358631426358529,6
-0.5596003669857407,-0.4297002182920898,3
1.0905967220167319,0.4463662753921423,1
1.179830427166204,0.4546369434077291,1
0.2122190157998425,0.6635154363167289,1
-0.7721102365301196,-2.1184997496141706,3
-1.1968449941778223,-1.0999518819012906,3
-0.36467508645562785,1.3614756832087556,6
-0.7194800858550929,-1.022572455955255,3
1.6496292057114172,0.5222591567128486,1
0.30190942870918624,-0.6650212637358038,3
-1.2473272576787866,-0.9506052174561133,3
0.9541374477942761,-0.6820840843988408,1
-0.5532282587952473,-0.8137278251526409,3
-0.7631269741065961,1.3619542272121983,6
-0.7631269741065961,1.3619542272121983,6
-1.230936944839521,-0.08859341055824368,3
-0.21031475786789558,-0.7578106326601052,3
1.2449013786408336,-0.5043793993411518,2
0.3994388429546914,0.8174275564557996,2
-0.5933685331853981,1.192447765130939,6
-0.15238552845291298,0.896630357865423,6
-0.4933633340894606,-0.8844462459724278,2
-0.7238528840834982,-0.4410417886193203,3
-1.3566465174448092,-1.0892323794319578,3
0.027545896413031467,-0.49124001787296157,3
4.022306089369845,-0.39846157941024896,5
0.0001030644031556209,1.565074638387768,6
-0.6616506122019478,-0.6029166477981724,3
0.965239952370846,0.9983428337084104,1
1.7880752949505798,0.08206268020476426,1
-0.5061024420324066,1.5381793906294359,6
2.3160582289541436,1.3554953898459143,1
2.0562468340811577,1.4232825373387612,1
0.941558101367097,1.319170225060345,1
-0.051420095429043855,-0.2361483187159532,3
0.04321188106323296,1.1119579715741115,1
-0.810501726152608,-0.4229464955108883,3
-1.0698617401834634,-0.5755538331783293,3
-0.9660771239138297,-0.5357878156653164,3
-1.061178503918323,-0.25809987263950274,3
-1.230936944839521,-0.08859341055824368,3
-1.230936944839521,-0.08859341055824368,3
-0.7631269741065961,1.3619542272121983,6
-1.7401100929792215,-0.3843398056954689,3
-1.230936944839521,-0.08859341055824368,3
-1.061178503918323,-0.25809987263950274,3
0.9595051789025258,-0.2088207448338194,1
2.5303246862902364,1.065160812494631,1
3.6973595973341955,-0.3935462563155141,5
3.386636988350911,-0.27920174590161523,5
3.071377663549954,0.5300818379126401,5
2.6087387958050092,0.02676650812663664,1
1.1183234902427457,0.7265645277536055,1
0.9271891773103185,0.4340300675196423,1
0.3924172303947646,0.5309820950324244,1
1.4832978331398394,0.2500403266167625,1
-0.9343226697918932,0.6713385792098955,6
1.372273352975638,0.11230818962975736,1
0.9965231447612147,-0.15379001752499852,1
0.034281580783713295,-2.248492122945643,3
-0.9343226697918932,0.6713385792098955,6
-1.5806313418039368,-2.6729558789695584,3
-0.047196438115330155,0.10186721941134894,1
-1.530558850374075,-1.4290496010382132,3
0.7789798239313711,0.053156561980413526,2
-1.5483150929965859,-2.0926724505735645,3
-0.8162108809686403,-2.800234003153631,3
-0.18176915217665324,0.1767772330573312,6
1.6380453038374256,0.28791616639932727,1
0.672756276860936,0.5748471691390197,1
-1.0951772422349175,-1.4718452162288211,3
-1.1040811107130912,0.8408450412911544,6
0.686123132116758,0.29276698152482844,1
-1.432838917317864,-1.408421623291997,3
-1.1060552728445037,-1.2540481923863143,2
0.9846520305811326,0.1383094366424253,2
-1.0206163949251652,-1.987177190065345,3
-1.2568705020319828,-1.5317867807535808,3
0.36444336775717284,0.43385223978522175,2
-0.2616382746140145,0.7702156685833836,6
0.7985500180218197,0.8661479209264188,2
0.509892807638958,0.6651027738243468,1
0.030664451455944677,1.0064849487992082,1
-1.4027476436955977,-1.1759944996982754,3
-1.2738395516342893,1.0103515033724133,6
-0.9343226697918932,0.6713385792098955,6
-0.9343226697918932,0.6713385792098955,6
-1.5059719870184132,-0.7691753848372126,3
-1.2738395516342893,1.0103515033724133,6
-1.1040811107130912,0.8408450412911544,6
-1.69041712200356,-1.9385596310887987,3
-0.12835497617720448,0.08476550027807969,2
0.43820468594350875,0.9042023845558808,1
0.13493418954806746,0.7491620185140828,1
-1.2738395516342893,1.0103515033724133,6
0.5640885896480555,-3.3442276635699453,3
-0.807388739861997,0.7627913486031157,2
-0.9771471807831952,0.9322978106843747,2
-0.807388739861997,0.7627913486031157,2
0.38378859992074765,0.8220026820097461,2
-0.2552889061071005,-0.00668726911514052,6
-0.12835497617720448,0.08476550027807969,2
0.5126192678258599,0.4269138644735286,2
-0.4678718580196007,0.42377842444059766,2
1.5418262944958232,0.018625706725156337,1
-0.807388739861997,0.7627913486031157,2
-0.5199109928410978,-1.5430824148643818,3
0.6993889939426453,0.36092402597956563,1
-1.2652827063197185,-1.8512372108852817,3
-0.6376302989407988,0.5932848865218566,2
-0.049270232100729054,-2.1161230064021455,2
2.1566679211258504,0.029802517339258122,1
2.1400247708918427,0.4469864885559098,2
0.4310997590668605,0.11109666048989703,1
0.6587082335300154,1.0565097193384414,1
1.965161279015167,-3.7415667225615503,3
0.6814130562700669,0.4464542261158092,1
-0.021463748253454686,0.4373379169516458,1
-0.6376302989407988,0.5932848865218566,2
1.356780320087101,-0.002497339153330031,1
-0.807388739861997,0.7627913486031157,2
-0.024112514133481235,0.23953336094599087,1
0.034663845649485756,0.05634837310636521,1
0.749839107214313,0.8068750771869373,1
-0.00297050235436756,0.22781363206427896,1
4.18234144485376,-1.1634770038889264,5
1.07890542099281,-0.2471478965453779,1
0.28179018150122737,1.1415980203161997,1
0.5113862024093914,0.14223583494244782,1
1.2837246829947195,0.9209720315890706,1
1.0857427955833534,0.023878242470607654,1
0.9548041634355567,0.9682675682288581,1
0.4209619203704666,0.7898022186291409,1
0.40745891981114346,0.44734741082640633,1
1.8283855045890063,0.05941937156621543,1
1.53279064130495,0.17512038887863565,1
1.2248635268027803,0.07038014482472842,1
-1.402192895123227,-0.901885098691735,3
-0.5222691184744416,-1.8649363328281976,3
0.17255521647267524,0.4536830650570295,1
0.03933765644927126,0.5277016964320357,1
-0.9069489929903227,-1.2527750225760768,3
2.056280693159884,-0.6918284739595038,1
-0.13488939591909682,0.9742405520777595,6
0.08294902767101772,0.30409804838578347,1
-0.3947833679541422,0.6448509488904464,6
-0.9847982733481468,-1.1343998991119766,3
0.8760040864541917,0.1876227474967557,1
-0.3366271577531852,0.5375218910251758,6
-1.6930690099527872,-2.049403150219577,2
0.9105228904800711,0.5668729964486154,1
0.4948392938737619,0.19954952379192667,1
-0.9645959321448652,-1.5443425404458853,3
0.6102388359627742,0.48582565844026565,1
-0.42178191183901625,0.535512058342423,6
-0.20004052922842339,-1.6449678616837122,3
1.201922095917775,0.08305601161728668,1
-0.9142424228137853,-2.7947421379556845,3
-1.1397527889081498,-1.9210229422696443,3
-1.6006039062082553,-1.713973957883093,3
1.1074218853984092,0.8942777777364973,2
-1.8740430272181456,-1.5618277695818035,3
0.40074754236906296,0.8125589730951958,2
-0.299201270571959,0.5916460846926024,6
1.054382022130228,0.6384594183118611,1
0.2176444542996608,0.4286533077685222,1
0.07855598125475466,-2.0257402906120894,3
3.0630317233091287,-0.22387001776094195,5
1.1603907155528865,0.4285606508073139,1
1.3363182988063644,-0.26599712940228015,1
-0.9547413581266117,-1.425643831722561,3
0.48504038846245057,1.1527927809588876,1
-0.28376776939623366,-1.8733115061568166,3
-0.9343226697918932,0.6713385792098955,6
1.0294093879601784,0.1027514616546815,1
0.12318081691805603,0.481104583569086,1
0.026191121050479736,0.8095561890743268,1
-0.6933260967182724,0.6116730629193534,6
1.5941340010524792,0.3503886356214792,2
-0.1055329318913209,1.1573250737822436,6
3.8135128270434513,-0.5146341833765564,5
-0.18029041044135283,0.37549643850894526,6
0.6551038814701085,1.420420459956857,1
0.8936891545438416,0.65170642230289,1
-0.5301285997553694,0.5207155470648438,6
-0.9771471807831952,0.9322978106843747,2
0.28626496652596756,0.11596451390458319,1
-0.807388739861997,0.7627913486031157,2
-0.02025978526627117,0.8353753402740234,1
-0.7170130128529898,-1.8807904839444982,3
0.22064991587667915,0.9009049133166723,1
1.597541926998282,-0.11557629624535394,1
-0.6634908369722559,0.8694827385446611,6
-0.807388739861997,0.7627913486031157,2
-0.6376302989407988,0.5932848865218566,2
-0.9343226697918932,0.6713385792098955,6
-0.5948057879494968,0.33232565504737743,6
-1.1040811107130912,0.8408450412911544,6
-0.4849695203463205,1.1691006133736146,6
-0.4959459128053656,-2.6281054720191466,3
-1.1154027261088024,-2.521038973069162,2
-1.0645394065911238,-1.1650034519505654,3
1.1658116661252191,0.57687976836007,1
1.8649951540475345,-0.159854974953742,1
0.7172571930612262,0.1518884824257361,1
1.1540377818807208,-0.44003714530704474,1
0.2764325855848231,0.7573216475859846,2
0.19698564445711214,0.2525371180322266,2
-0.5659699036745441,0.7402440955800894,6
1.609958884985205,-0.2938146203226452,1
-1.5550017081963068,-1.2158543966096962,3
-1.1040811107130912,0.8408450412911544,6
0.6328371598223644,0.19859714286037167,1
0.2657521998905778,0.40195981500813316,1
0.20102806738002266,0.712486553696361,1
-0.4678718580196007,0.42377842444059766,2
-1.144541519270487,-1.4444151396068134,3
0.3332393950185398,0.9138600933015377,1
-0.5659699036745441,0.7402440955800894,6
-1.2008387518479646,-2.037050984856806,3
-0.9343226697918932,0.6713385792098955,6
0.37063639082862493,1.0169732504225735,1
-1.1040811107130912,0.8408450412911544,6
-1.2738395516342893,1.0103515033724133,6
-1.3925337187477524,-1.306413262944439,3
0.3207356912372544,-0.10243507017647895,1
-1.5154125395176907,-2.1109856704611163,3
0.20572286398900072,0.1606820833633026,1
-0.4033964668167884,0.4501615814541914,6
-0.615873206328333,0.5684931871736127,6
-0.6385407763087543,-1.60126279268138,3
0.9421434961401877,0.19931164241239252,1
0.06433225083259608,0.58903291773367,1
0.05582558588331105,0.7930909068338771,1
-0.6376302989407988,0.5932848865218566,2
-0.2794013698317135,0.5056328569728963,6
-1.2738395516342893,1.0103515033724133,6
-0.09740931003694088,0.8782859514239565,6
-0.33635180299009165,0.612319820191987,6
-0.8164456567544652,-1.4155200260413805,2
-1.4870307134665954,-1.0541671381803346,3
-1.505423504284643,-1.6799398419747213,2
0.3022995831638083,0.18244036033497818,1
-1.1567762893148616,-1.4376145941224039,3
0.2001768081706894,0.5891666665533848,1
0.5788576459046267,0.18057921170107946,1
-1.555633344248325,-1.53956749762661,3
-1.0591339852344392,-2.0409829598392664,3
-1.1040811107130912,0.8408450412911544,6
-1.8362121671789746,-2.293744416108108,2
-0.9343226697918932,0.6713385792098955,6
-0.5358265354725175,-1.9328605691715826,3
-1.1040811107130912,0.8408450412911544,6
0.10761297440639249,0.6891614314739095,1
1.9489173939285944,0.6183607274818065,1
-0.9946769169691245,-1.2039281097434211,3
-0.9343226697918932,0.6713385792098955,6
-0.6933260967182724,0.6116730629193534,6
-1.2738395516342893,1.0103515033724133,6
-2.0054206308663316,-2.0871587535300566,3
-1.1040811107130912,0.8408450412911544,6
-1.571951336044425,-0.7323786366104761,3
0.7660576144892423,0.6849294907231804,2
-2.0993639088757994,-2.2343482221534603,3
-0.3649097883137996,0.9027176969440074,6
-1.5628729023994552,-1.411041156972423,3
-1.2738395516342893,1.0103515033724133,6
-1.790627266218232,-1.0096125169970496,3
-0.7388487380247061,0.7119281261338575,6
-1.2738395516342893,1.0103515033724133,6
-1.369829927962043,-1.1943578615998856,3
-0.03944367141948296,0.2970271335378375,1
0.11853901824676115,0.9576240966852801,1
-1.1167467948820735,-1.135903383772868,3
-1.4870307134665954,-1.0541671381803346,3
0.140782934678467,0.6333283376659066,2
-0.11124441752531361,0.6865469640782338,6
-1.070499177219641,-1.086723830434428,3
-1.443849754353397,-1.003358355470702,3
-0.05144652985528016,-2.4758161116400155,3
-0.673150999044528,-2.653685186105757,3
-1.2738395516342893,1.0103515033724133,6
-0.6376302989407988,0.5932848865218566,2
-1.4001841443908454,-1.9756393921076856,3
0.3561471494858003,0.0019154565260145076,1
0.18641933801140168,0.9199120663198568,1
-1.2018154475990155,-1.0135974299781199,3
-0.6292761946168182,0.575963974956083,6
-0.5948057879494968,0.33232565504737743,6
-1.3550246785977738,-1.5267936710116232,3
-1.2738395516342893,1.0103515033724133,6
-1.4066845485204234,-0.9892562735935878,2
-0.07981423085032052,0.6690778703524728,1
-0.9771471807831952,0.9322978106843747,2
2.0187607564079406,0.04008059772367466,2
-0.024495161321528115,0.16441625845035004,1
-0.9343226697918932,0.6713385792098955,6
3.6965129339738128,-0.2886510002701352,5
-1.1860825522915774,-2.4817057594699845,2
-1.1040811107130912,0.8408450412911544,6
0.03126962645882452,0.8819930157776201,1
-1.2583093373452126,-1.293908089297735,2
-1.2818318707434857,-1.7922821913775993,3
-0.8533718238039729,-2.7418555464690906,2
-0.764564228870695,0.5018321171286365,6
0.4851163403633153,0.765600070091366,2
-1.0563877450262438,-1.6927133055160946,3
-0.8028761968521464,-2.629974438724688,3
-1.6000275500384162,-0.7167177754615224,3
-0.047094503947617966,0.37634178873694984,1
-1.3430176592269598,-0.8600000175184666,3
0.05818576433900069,0.3178475317311317,1
1.362089953729443,-0.08115117187127352,1
-1.1040811107130912,0.8408450412911544,6
-1.2738395516342893,1.0103515033724133,6
-1.3469106302423821,0.3003362353968996,6
-0.13325912375059187,1.1727456418806925,6
-1.2738395516342893,1.0103515033724133,6
-1.681289301131329,-0.8709955768037629,3
-1.2738395516342893,1.0103515033724133,6
-1.2738395516342893,1.0103515033724133,6
0.16293566418315697,0.8578362143033802,1
-1.3715738885202136,-0.8440909678968609,3
1.200527914003291,0.2829127349859815,1
-1.390086666594625,-1.706732157399069,3
-0.807388739861997,0.7627913486031157,2
-1.2738395516342893,1.0103515033724133,6
0.10847496812073504,-3.113781322892873,3
0.31428458549721644,0.49912708081696683,1
-0.02043159564939409,1.034916515250147,6
-1.2738395516342893,1.0103515033724133,6
-1.1811370267684842,-1.336934638305104,2
-1.7582268884152867,-1.3021057234703164,3
-0.9343226697918932,0.6713385792098955,6
-0.10715758801056126,-1.6101632064665896,2
-1.3776740430588108,-0.9155604197696057,3
0.2041524613793959,0.4361417712215301,1
0.27678356520456854,1.0690777297483594,1
-1.5550017081963068,-1.2158543966096962,3
-1.6236152530946493,-1.651611696969757,3
-0.13759779659011148,0.501807781932895,1
-0.6263155582253156,1.048326610724403,6
-0.7496766644629486,0.7179616442231131,6
-1.5474324839800089,-0.7460539576883467,3
-0.6588710421373231,0.5924621576701109,6
-1.3851142682108435,-1.2231791140634578,2
-0.9771471807831952,0.9322978106843747,2
-1.572506084616796,-1.0064880376170164,3
-1.1040811107130912,0.8408450412911544,6
-1.3417724192889326,-1.210008500966281,3
-0.764564228870695,0.5018321171286365,6
0.1766813845274552,0.2638493260046312,2
-0.4595177536956199,0.406457512874824,6
-1.7622686057622574,-2.1730302989720123,3
-1.2738395516342893,1.0103515033724133,6
-0.01614229615710948,0.08459487018710496,1
-1.7815666601109414,-1.413813584207894,3
-0.4995905083053901,0.7781975976771452,6
-0.764564228870695,0.5018321171286365,6
-0.4392236082363783,0.6696037348827834,6
-1.2332480609598442,-1.869054393611251,3
-1.191762699067655,-1.6175590795107966,3
-0.4738032295404884,0.4144208607172825,6
-0.5063855986743834,0.7070283531064347,6
-0.5666564319416318,1.0150699811205157,6
-0.3298320673841919,0.6086911355958862,6
-0.15590943617262723,0.7113820303539453,6
0.21428648899744526,0.30666069371835225,1
0.11295485729373349,0.08815239140396619,1
-0.9771471807831952,0.9322978106843747,2
-1.1040811107130912,0.8408450412911544,6
-0.24040134169935418,0.20944225797933613,6
-0.9343226697918932,0.6713385792098955,6
-1.1485304038235962,-1.118183107619491,3
-0.33635180299009165,0.612319820191987,6
-1.1040811107130912,0.8408450412911544,6
-1.5901997981365417,-1.869819105836409,3
-1.4456076271467613,-1.0772681217640843,3
-0.764564228870695,0.5018321171286365,6
-0.2444151338263301,0.4112464136024481,6
-1.5033690591924525,-1.9181959163061526,3
-0.19515134739260154,0.7332112348627483,6
-1.102432845370115,-1.4678143619054926,3
-0.9343226697918932,0.6713385792098955,6
-1.1040811107130912,0.8408450412911544,6
-0.764564228870695,0.5018321171286365,6
-1.2738395516342893,1.0103515033724133,6
-1.5561227192583604,-1.6143379435886596,3
-0.4891126012161248,0.4229556955888518,6
-1.5884684474940884,-1.4716121855515754,3
-1.3417724192889326,-1.210008500966281,3
-1.630090377231949,-1.3735698024440863,3
-0.2794013698317135,0.5056328569728963,6
-1.2738395516342893,1.0103515033724133,6
-0.764564228870695,0.5018321171286365,6
-1.1040811107130912,0.8408450412911544,6
-0.9343226697918932,0.6713385792098955,6
-1.2738395516342893,1.0103515033724133,6
-1.2738395516342893,1.0103515033724133,6
-0.9343226697918932,0.6713385792098955,6
-0.5948057879494968,0.33232565504737743,6
-0.9343226697918932,0.6713385792098955,6
-0.9343226697918932,0.6713385792098955,6
-1.2738395516342893,1.0103515033724133,6
-1.2738395516342893,1.0103515033724133,6
-0.9343226697918932,0.6713385792098955,6
-0.764564228870695,0.5018321171286365,6
-1.1040811107130912,0.8408450412911544,6
-1.1040811107130912,0.8408450412911544,6
-0.2333101510070537,0.4799585779985753,6
-0.10200744401511956,0.6814123945545195,1
-1.1040811107130912,0.8408450412911544,6
-1.1040811107130912,0.8408450412911544,6
-0.807388739861997,0.7627913486031157,2
-1.2738395516342893,1.0103515033724133,6
-0.9343226697918932,0.6713385792098955,6
-1.1040811107130912,0.8408450412911544,6
-1.1040811107130912,0.8408450412911544,6
-1.620868825297034,-1.1791189790783085,3
-1.1040811107130912,0.8408450412911544,6
-1.1040811107130912,0.8408450412911544,6
-1.1040811107130912,0.8408450412911544,6
-1.2738395516342893,1.0103515033724133,6
-0.9343226697918932,0.6713385792098955,6
-1.2738395516342893,1.0103515033724133,6
-1.1040811107130912,0.8408450412911544,6
-0.9343226697918932,0.6713385792098955,6
-1.2738395516342893,1.0103515033724133,6
-1.2738395516342893,1.0103515033724133,6
-1.1040811107130912,0.8408450412911544,6
-0.9343226697918932,0.6713385792098955,6
-0.4678718580196007,0.42377842444059766,2
-1.2738395516342893,1.0103515033724133,6
-1.2738395516342893,1.0103515033724133,6
-0.9343226697918932,0.6713385792098955,6
-0.9771471807831952,0.9322978106843747,2
-1.1040811107130912,0.8408450412911544,6
-1.2738395516342893,1.0103515033724133,6
-1.1040811107130912,0.8408450412911544,6
-0.9343226697918932,0.6713385792098955,6
-0.764564228870695,0.5018321171286365,6
-1.1040811107130912,0.8408450412911544,6
-1.2738395516342893,1.0103515033724133,6
-0.807388739861997,0.7627913486031157,2
-1.1040811107130912,0.8408450412911544,6
-1.1040811107130912,0.8408450412911544,6
-1.1040811107130912,0.8408450412911544,6
-1.2738395516342893,1.0103515033724133,6
-1.2738395516342893,1.0103515033724133,6
-0.5127432527910089,0.5110320919725936,6
-0.5337786670471979,0.797228188651512,6
-1.502170968968748,-1.4448666546167959,3
-1.5135813067292314,-0.9645052501557531,3
-1.1040811107130912,0.8408450412911544,6
-0.675382690044971,0.601668042517035,6
-0.30404478861929035,0.24491439863602363,6
-1.1040811107130912,0.8408450412911544,6
-1.2738395516342893,1.0103515033724133,6
-1.7446582113559597,-1.9457360979008496,2
-1.3422897572195414,-1.4841383455379369,3
-1.6818066390619377,-1.145125421375419,3
-1.2738395516342893,1.0103515033724133,6
-1.4715543430792253,-0.7883658465213388,3
-1.1040811107130912,0.8408450412911544,6
-1.5395883688832412,-1.0248513995186266,3
-1.2738395516342893,1.0103515033724133,6
-1.525630632022385,-0.7582127862945566,3
-1.5604483494627395,-1.4872423813528546,3
-1.359095203172231,-1.3250392413525363,3
-1.4789667233415877,-1.9691553146655985,2
-1.6118012036421208,-1.1093204925245417,3
-0.2616382746140145,0.7702156685833836,6
-0.4204913495343737,0.6591689387372007,6
-1.1125727697850605,-2.135458946534112,3
-1.0450800484378386,-1.28806219365432,2
-2.0428938012139137,-0.572189656743031,3
-1.5395883688832412,-1.0248513995186266,3
-0.9343226697918932,0.6713385792098955,6
-1.4455721546868998,-0.9150352682237962,2
0.05734870205037048,0.24315705735026236,1
-1.4870307134665954,-1.0541671381803346,3
-0.3468692996105923,0.5058736301105028,2
-1.1685551959787581,-1.1443694376920253,2
-1.6401399846324283,-1.5675336580582446,3
-0.764564228870695,0.5018321171286365,6
-1.0381571612164144,-1.2545733439321236,3
-1.7093468098044393,-0.8553449374373674,3
-0.5432450061219266,0.45313942116330846,6
-1.4652475668298524,-1.0663157450039864,3
-1.4946373483246544,-1.523947133536568,3
-1.8515650799831358,-0.9756189592941599,3
-1.0626760132808308,-1.2408980228542532,3
-1.3776740430588108,-0.9155604197696057,3
-0.6588710421373231,0.5924621576701109,6
-0.08449359773764076,0.596597103683444,6
-1.8755024952033619,-1.1618741129205328,3
-1.968824450361718,-2.5062583782076566,3
0.42254799843479846,0.7135583534123513,1
-0.3713877567602945,0.6318236076063753,6
-1.263542298215431,-1.9272072513838747,3
-1.2738395516342893,1.0103515033724133,6
-0.22957341526111164,0.20340873989008046,6
-1.7933736940158476,-1.482105234888498,3
-0.9343226697918932,0.6713385792098955,6
-1.572506084616796,-1.0064880376170164,3
-0.055266486111746,0.3058380247279284,1
-0.05315601912506594,0.5417786356741071,2
-1.2738395516342893,1.0103515033724133,6
-1.1040811107130912,0.8408450412911544,6
-1.1040811107130912,0.8408450412911544,6
-1.1040811107130912,0.8408450412911544,6
-0.5419878652169899,1.001322274307282,6
-0.8133201113828847,0.7534337848798006,6
-0.9343226697918932,0.6713385792098955,6
-1.402192895123227,-0.901885098691735,3
-1.2738395516342893,1.0103515033724133,6
-0.9343226697918932,0.6713385792098955,6
-1.2738395516342893,1.0103515033724133,6
-0.807388739861997,0.7627913486031157,2
-0.6376302989407988,0.5932848865218566,2
-0.4678718580196007,0.42377842444059766,2
-0.9771471807831952,0.9322978106843747,2
-0.807388739861997,0.7627913486031157,2
-0.2981134170984025,0.25427196235933863,2
-1.6723979206951662,-1.549555879340129,3
-0.9343226697918932,0.6713385792098955,6
-1.7057440542821638,-1.3313805750017917,3
-0.19594344651198117,0.2596864972981355,6
-1.2738395516342893,1.0103515033724133,6
-0.764564228870695,0.5018321171286365,6
-1.2738395516342893,1.0103515033724133,6
-1.4027476436955977,-1.1759944996982754,3
-1.8798725155327571,-1.3590251365317703,3
-1.701181013400145,-1.9325688784660757,3
-1.5395883688832412,-1.0248513995186266,3
-1.1040811107130912,0.8408450412911544,6
-1.2324344542020287,-1.0713915607729942,3
-1.2738395516342893,1.0103515033724133,6
-1.1040811107130912,0.8408450412911544,6
-1.7093468098044393,-0.8553449374373674,3
-0.9343226697918932,0.6713385792098955,6
-0.6376302989407988,0.5932848865218566,2
-0.9771471807831952,0.9322978106843747,2
-1.1040811107130912,0.8408450412911544,6
-1.1040811107130912,0.8408450412911544,6
-0.764564228870695,0.5018321171286365,6
-0.9343226697918932,0.6713385792098955,6
-1.1040811107130912,0.8408450412911544,6
-0.5619379773518343,0.613427487572845,6
-1.2738395516342893,1.0103515033724133,6
-0.30061605900396043,0.5174532206457427,6
-0.7130034470431248,0.6226458832445676,6
-1.5433877050344469,-1.7457600154260802,3
-1.1024800243580857,-1.1438565098327684,3
-0.9771471807831952,0.9322978106843747,2
-1.6213487525858818,-1.453269267215081,3
0.012822358062924406,0.816985737724799,1
-1.2738395516342893,1.0103515033724133,6
-1.2738395516342893,1.0103515033724133,6
-0.6292863090872335,0.8504224049364469,6
-0.12315230901343577,0.23143385964320765,2
-0.9343226697918932,0.6713385792098955,6
-1.7247601491175049,-1.0463479345284372,3
-0.9343226697918932,0.6713385792098955,6
-1.39595543281546,-1.1049525311895474,3
-0.764564228870695,0.5018321171286365,6
-1.2738395516342893,1.0103515033724133,6
-0.9343226697918932,0.6713385792098955,6
-1.5059719870184132,-0.7691753848372126,3
-1.1040811107130912,0.8408450412911544,6
-1.2738395516342893,1.0103515033724133,6
-1.1040811107130912,0.8408450412911544,6
-1.1040811107130912,0.8408450412911544,6
-0.807388739861997,0.7627913486031157,2
-0.3366271577531852,0.5375218910251758,6
-1.5561227192583604,-1.6143379435886596,3
-1.2738395516342893,1.0103515033724133,6
-1.9404323744918963,-1.5248339942799845,3
-1.1152414509718125,-2.0097745004767047,3
-0.9343226697918932,0.6713385792098955,6
-1.6360652248314427,-2.043805958780485,3
-0.845141130966169,0.771174504598294,6
-0.9343226697918932,0.6713385792098955,6
-0.9343226697918932,0.6713385792098955,6
-1.022158214803045,-1.1886190326656345,3
0.03505409623707973,0.6921619758953449,2
-1.5907361570369196,-1.1210590819369228,3
-0.764564228870695,0.5018321171286365,6
-1.502170968968748,-1.4448666546167959,3
-1.2738395516342893,1.0103515033724133,6
-1.2018154475990155,-1.0135974299781199,3
-1.2738395516342893,1.0103515033724133,6
-0.6376302989407988,0.5932848865218566,2
-0.48175444259150285,0.6933010898583174,6
-1.1040811107130912,0.8408450412911544,6
-0.6376302989407988,0.5932848865218566,2
-1.2738395516342893,1.0103515033724133,6
-1.1040811107130912,0.8408450412911544,6
-1.2934470892504553,-1.037357115939872,3
-0.9771471807831952,0.9322978106843747,2
-0.764564228870695,0.5018321171286365,6
-1.2738395516342893,1.0103515033724133,6
-1.646527203856074,-1.364404804727395,3
-1.2738395516342893,1.0103515033724133,6
-1.2738395516342893,1.0103515033724133,6
-0.6376302989407988,0.5932848865218566,2
-0.9771471807831952,0.9322978106843747,2
-0.807388739861997,0.7627913486031157,2
-0.24040134169935418,0.20944225797933613,6
-0.14448385119167861,0.9044854049591523,6
-1.133576738266124,-0.9642779302308202,2
-1.148915256295667,-1.1553218144521231,2
-1.2738395516342893,1.0103515033724133,6
-0.9343226697918932,0.6713385792098955,6
-1.1040811107130912,0.8408450412911544,6
-0.6376302989407988,0.5932848865218566,2
-0.5800968308718784,1.0225612124681023,6
-1.3017959021580272,-0.9578723086025978,3
-1.5120481981407394,-1.314631883456678,3
-0.9343226697918932,0.6713385792098955,6
1.1043191147636726,1.1326118754457322,1
1.7718628311414355,0.687822740021362,1
0.47206662072500155,0.25016100137238484,2
-0.4678718580196007,0.42377842444059766,2
0.2286172688957944,0.8212966015479544,1
0.5241562036473084,1.2065138861557994,1
0.45763519594730284,0.9687166946503104,1
0.5589799257846195,0.761912923807206,1
-0.0784838769763552,0.9429081990925927,1
-1.2079156021376125,-1.0850668818508646,3
0.6819384150176302,-0.2542067185827318,1
-0.32925744053227923,1.0823510853007463,6
0.09019198511018255,1.247934891650856,1
-0.20514567862533598,1.013292962785864,6
-1.0907522272748218,-1.2252371617052995,3
1.2506224003944788,0.7290960412497353,1
-0.5235676557970742,0.44216660083809445,6
-1.2079156021376125,-1.0850668818508646,3
-1.2738395516342893,1.0103515033724133,6
-0.795052986732701,-2.036772898162417,3
-0.5484487601150748,0.6931208119102552,2
-1.5788308004037592,-2.0756828933952236,3
-1.2695138889066746,-1.6494062843556787,3
-1.1040811107130912,0.8408450412911544,6
-1.1040811107130912,0.8408450412911544,6
-1.1040811107130912,0.8408450412911544,6
-1.790627266218232,-1.0096125169970496,3
-1.1040811107130912,0.8408450412911544,6
-0.764564228870695,0.5018321171286365,6
-1.4767687629348758,-1.5339112668086539,3
-1.5550017081963068,-1.2158543966096962,3
-0.9343226697918932,0.6713385792098955,6
-1.9848591656111463,-1.3004808313312617,3
-1.681289301131329,-0.8709955768037629,3
-1.514239877365984,-1.5130152003415862,3
-1.024920957260616,-1.9729025726266527,2
-1.2738395516342893,1.0103515033724133,6
-0.9343226697918932,0.6713385792098955,6
-1.2568705020319828,-1.5317867807535808,3
-1.7105918221039929,-1.2538176240687124,3
-1.3172722725453971,-1.2236736002615936,3
-1.6000275500384162,-0.7167177754615224,3
-1.5059719870184132,-0.7691753848372126,3
-1.3422897572195414,-1.4841383455379369,3
-1.369829927962043,-1.1943578615998856,3
-1.4946373483246544,-1.523947133536568,3
-0.9343226697918932,0.6713385792098955,6
-1.2738395516342893,1.0103515033724133,6
-0.9343226697918932,0.6713385792098955,6
-1.1060552728445037,-1.2540481923863143,2
-1.0907522272748218,-1.2252371617052995,3
-0.9343226697918932,0.6713385792098955,6
-1.572506084616796,-1.0064880376170164,3
0.7697636576555389,0.7203165145112067,1
0.4902946866597107,0.9506107654226815,1
1.4926738524748593,0.3205801117298048,1
0.13508664733881692,0.5497833797391991,1
-0.04664414640645242,1.1245878290888804,6
0.09127456394484296,0.7734017370113337,1
-1.6567891543877935,-0.8846606760990756,3
-1.2738395516342893,1.0103515033724133,6
-1.2738395516342893,1.0103515033724133,6
-1.511530860210131,-1.0405020388850221,3
-1.4652475668298524,-1.0663157450039864,3
-1.1040811107130912,0.8408450412911544,6
-1.2738395516342893,1.0103515033724133,6
-1.2738395516342893,1.0103515033724133,6
-0.3119960016703047,0.5237946277770584,6
-1.6703623518413324,-2.0246972494085873,3
-0.6435616704616867,0.5839273227985415,6
-1.6839983182871823,-1.3435087382603272,3
-1.2738395516342893,1.0103515033724133,6
-0.9343226697918932,0.6713385792098955,6
-1.2738395516342893,1.0103515033724133,6
-0.7729971499470862,0.7309577943943971,6
-1.8515650799831358,-0.9756189592941599,3
-1.2738395516342893,1.0103515033724133,6
-0.9343226697918932,0.6713385792098955,6
-1.2738395516342893,1.0103515033724133,6
-1.1040811107130912,0.8408450412911544,6
-1.1040811107130912,0.8408450412911544,6
-1.1040811107130912,0.8408450412911544,6
-1.1040811107130912,0.8408450412911544,6
-1.1040811107130912,0.8408450412911544,6
-1.1040811107130912,0.8408450412911544,6
-1.2738395516342893,1.0103515033724133,6
-1.1040811107130912,0.8408450412911544,6
-0.5948057879494968,0.33232565504737743,6
-1.1040811107130912,0.8408450412911544,6
-1.5474324839800089,-0.7460539576883467,3
-1.2738395516342893,1.0103515033724133,6
-1.7661458247955772,-1.0232673945098039,3
-1.818666069570462,-0.993972099413212,3
-1.3558721911011868,-0.9277192483758155,3
-0.3997559831574035,1.1216138951754764,6
-1.2738395516342893,1.0103515033724133,6
-1.2324344542020287,-1.0713915607729942,3
-1.2738395516342893,1.0103515033724133,6
-1.2738395516342893,1.0103515033724133,6
-1.2738395516342893,1.0103515033724133,6
-1.2738395516342893,1.0103515033724133,6
-1.2738395516342893,1.0103515033724133,6
-1.2738395516342893,1.0103515033724133,6
-1.8515650799831358,-0.9756189592941599,3
-1.2738395516342893,1.0103515033724133,6
-1.1040811107130912,0.8408450412911544,6
-0.9343226697918932,0.6713385792098955,6
-1.1040811107130912,0.8408450412911544,6
-0.9343226697918932,0.6713385792098955,6
-1.1040811107130912,0.8408450412911544,6
-1.2738395516342893,1.0103515033724133,6
-0.8827618879643229,0.7921523453258266,6
-1.1040811107130912,0.8408450412911544,6
-1.5395883688832412,-1.0248513995186266,3
-1.369829927962043,-1.1943578615998856,3
-1.1040811107130912,0.8408450412911544,6
-0.9343226697918932,0.6713385792098955,6
-1.6818066390619377,-1.145125421375419,3
-0.9343226697918932,0.6713385792098955,6
-1.1040811107130912,0.8408450412911544,6
-0.36426342469964507,0.7029327232852903,6
-0.3364116369599424,0.8868640741323985,6
-1.1040811107130912,0.8408450412911544,6
-1.1040811107130912,0.8408450412911544,6
0.7770325011051771,0.6780118682665278,1
1.2393630599917782,1.0572999117849244,2
-1.140108637645713,-1.4094971027142214,3
1.5011443523489607,0.9123833756155856,2
-1.2776814741075893,-1.7318867479639133,3
-1.139454092540561,-0.7242981208416599,3
-1.3061260167262425,-0.9455867936597563,3
0.15308211263891955,0.9482772065361276,1
-0.1791772547920522,-0.09014934886900318,3
3.848885061763548,0.2476926051693504,5
1.7325826366106862,-1.1323709630800771,1
5.423094348583315,-1.932220229355308,5
0.2639373620738423,0.8095269389938601,1
0.04075251788110619,0.66880215545069,1
3.9739068564551654,0.0025934016524598743,5
-1.5594234238679405,-2.0201072235672735,3
-0.19870202895091563,1.2198585015568806,6
-0.6305984062742642,-1.225033960188463,3
-0.5738459809355799,-1.5703480874998281,3
-1.0420003630518726,-1.2757304658703725,2
2.1979386234258436,-0.31583531094835543,1
-0.5189857427338873,-2.1223168758519377,2
6.922977860180542,-2.0159151111953166,5
-0.45650149096951476,-1.047532748084074,3
-0.04589453106163253,-0.783348402349913,2
2.2759235581884356,0.6987098116232532,1
-1.5200249409115687,-1.5004142623921441,3
1.9480646769865873,0.7282493657884683,1
1.2365164430092304,1.069912352511346,1
1.2155395075448647,1.2956367875913208,2
0.5163383505712346,-0.07633472608571457,1
-0.13631740037660905,-1.5678496415353136,3
-0.6467824858750014,-0.6671059940223439,3
0.8104010650891722,0.6110364418658454,1
0.3575690241349512,0.6822580861816334,1
-0.10042609800481467,1.0119808649360669,6
-1.3694715531371588,-2.50562709585183,3
-0.7524014008521429,0.5049219690071121,6
1.344816097422451,0.8566721314362101,1
0.11690703320904526,0.9498410953736255,1
-1.2059391334418357,-1.4214281880177766,3
0.844617111750551,0.810757366510879,1
4.554468680830866,-0.820173305882996,5
2.095034298192716,0.4956695763230797,1
0.5564354940137256,0.34629883988180904,1
0.16769054954227403,0.1731218712438242,1
-0.46783784336183093,1.5479001514509367,6
1.6948909818785542,0.8307454469353746,2
0.8545675886764009,0.805247347402539,1
-1.155164395392614,-0.7079899608556749,3
0.5747047333840738,0.7610919466680551,1
0.2652000083808357,0.9329504368387992,1
0.5329418256211282,1.2645396942533251,1
0.3374713010601021,0.646671180843304,1
0.8549929625828772,0.7100541251453997,1
-0.5692396967032414,1.19857746873409,6
1.0161788332293837,0.5452995630073182,1
1.0401372273219107,1.1872972087492824,2
-0.7231312275595098,-0.9363596539408464,2
11.003712057448778,-4.056507399994692,4
-0.976765733735706,-1.425164992206338,3
-1.114812354710925,0.8381188698469385,6
0.3528892648572175,1.0836150654650978,1
0.6372986619982596,0.8889628820117751,1
0.5199083339053687,1.003020039521337,1
1.3682375782187202,1.3992373677712047,1
-1.4574144901214103,-2.5534448207193603,3
-0.6148425064894274,-0.8843787481741446,3
4.09467252888651,-0.7786988622268185,5
-0.007606649952656866,-1.1728067673061682,3
1.3535011988506296,0.5771525135936959,1
0.6306745331838275,0.579502966482631,1
0.11930618659794982,-1.2432515960077801,3
1.5096987401901003,0.8411424044835679,1
-0.9675126549453399,-0.8058869191419945,3
1.7142385952423027,1.255788685756112,1
0.8555591528455156,1.2094823477877095,1
0.805753563749677,1.0377990077290948,1
-1.114812354710925,0.8381188698469385,6
-1.0491868743943258,-2.231674729623225,3
-0.39948125578204313,1.029071006652831,6
0.2429262797172695,1.201497599144169,6
1.0920202710484381,0.5982642207497386,1
2.3787399001614804,0.010616456016126928,1
0.8763693490529189,0.6810705463582268,1
-0.7540466836209002,-1.3279626071502406,3
-0.13702003000535434,0.7859152156549826,6
-1.0164910911661587,-1.8081929178369827,3
0.8269906519357221,0.402705126452256,1
2.602715672757115,0.8406053656633407,1
0.7860595159724901,-2.677639453866829,3
-0.31681014703676785,-1.0008019386062832,3
0.27425063736515615,1.1273756762030638,1
-0.6766312888088211,-0.6504768064713605,3
0.11450732799327204,0.7977785388224221,1
-0.21533352796524033,0.33694240790598967,6
2.8857736593889793,-0.14600701858015702,1
0.2734679611655084,0.768822659895042,2
-0.11807436573976418,0.8996449714992885,6
-0.8314820475805145,-0.5088470521112395,3
-1.251153290632387,-1.3066086157965953,2
-1.2616767236157371,1.013441355250889,6
-1.2480784936289744,-0.8490197009522218,3
1.0536938674785123,1.0690022297557105,2
-0.24030465925894545,0.20068256844586446,6
0.8021609439931701,1.0397932680864326,1
-0.5692396967032414,1.19857746873409,6
-0.5542293387698242,0.7062156841910493,2
-0.2742202646675676,-1.1367863032577517,2
-0.0965906021251267,1.5405105233066871,6
0.3314032004816236,0.8766060144571625,1
-0.7524014008521429,0.5049219690071121,6
-0.5744432294674423,1.1972555602551038,6
-0.25260288155380883,0.482000693584173,6
-1.6933183547107538,-1.4806616869849647,3
-0.28845323098540837,0.5205430725242183,6
0.369036545787128,0.5811361717985676,1
-0.04100507560412136,0.8382170240591157,1
-0.7389981376244394,1.3680839308153492,6
1.8093341716354043,0.45710384430350093,1
-1.2616767236157371,1.013441355250889,6
-0.04731756529010381,0.8878695581366999,6
0.4542360629005267,1.3082939410706607,1
0.9052045700378273,0.7577268583912258,1
-1.7845211142932325,-1.4957531177451375,3
-0.020549714434843467,0.49589273994198074,6
0.6133818019630453,1.1382302545299716,1
-0.22121023689543381,-0.4233793121742994,3
0.8613479734981838,1.1804247554770415,1
0.6206397973855848,-0.6799751800625483,2
2.2230478821204045,0.2386659122230715,2
-0.9829181339537856,-0.99684912689951,3
-0.055888798726434014,-0.5904197847139091,3
0.27350364204314714,0.815945569051812,2
-0.5933685331853981,1.192447765130939,6
-0.5496872444085095,-0.8334824670585042,2
1.269610914564637,0.7552875357550174,1
-0.7389981376244394,1.3680839308153492,6
0.9590228907829683,0.4643121777170185,2
-0.6375947701771597,-0.6722238105893477,3
-0.5933685331853981,1.192447765130939,6
0.8708040262524437,1.4498384386239358,1
-0.2538516513430017,0.8534348409684214,6
-0.2966761623343037,1.1143940724429005,2
-0.2966761623343037,1.1143940724429005,2
-0.4236100922641998,1.0229413030496801,6
-0.4664346032555019,1.2839005345241594,2
-0.4664346032555019,1.2839005345241594,2
-0.7631269741065961,1.3619542272121983,6
1.4065165688741998,1.2769199411463208,1
-0.5532282587952473,-0.8137278251526409,3
-1.2950558940690735,-1.3231699294873738,3
-1.078023732677545,-1.1695371300095583,3
-0.8211504806666929,-0.7890672707878452,3
-1.0095347909535728,-0.8836261265400849,3
-1.1680708251062963,-1.468830082462832,3
-1.3378292660274946,-1.299323620381573,3
-0.5933685331853981,1.192447765130939,6
-0.4664346032555019,1.2839005345241594,2
-1.3890281899268744,-0.7967493947412498,3
-0.4236100922641998,1.0229413030496801,6
-0.9473954546026461,-1.9153847693994948,3
-1.0095347909535728,-0.8836261265400849,3
-0.8132394130676782,-0.9056926093172606,2
-1.170352259753067,-0.5195155143546758,3
-0.732022715677147,-1.0755740379915804,2
-0.6341056194787955,-0.5315603208650158,2
0.054741538389802946,1.105544178707433,1
-0.7631269741065961,1.3619542272121983,6
-0.018592988108923715,0.871868512472071,6
0.21269755967426737,0.9621579941594635,1
4.590992395511563,-0.4551452537753175,5
-1.0161380561808018,-0.5859223122892063,3
0.5045156298380805,0.9310700244869433,1
-1.432603644367905,-2.1428613053740104,3
-0.22535674479609946,1.0343878485233953,6
-0.8181199838598308,0.7600651771588998,2
-0.9221598417733411,0.674428431088371,6
-1.2802449734123413,-0.932241855554503,3
-1.3784346623925923,-1.4352205355875638,2
-1.5593039687786814,-0.9013727772316465,3
-0.8705084517417605,-0.7615584779736163,3
-0.5692396967032414,1.19857746873409,6
4.180424707867533,-0.4563987768838463,5
-0.41445862807355494,-1.1655032851196236,3
-1.1872113695529876,-1.2113818191144023,3
1.567681266457226,0.6019303713537834,1
-0.2966761623343037,1.1143940724429005,2
-1.328003516543231,-1.2263997717058095,3
-1.5222621042079647,-1.0432282103292383,3
0.20010176872596747,1.4624568306186483,2
-0.7524014008521429,0.5049219690071121,6
-0.9867530708145704,-0.719922033234964,3
-1.091918282694539,0.8439348931696301,6
-1.9973112642090014,-0.5606098426261593,3
-0.22972281486084506,0.8595645445715723,6
-0.6467082141187709,0.5955520095485864,6
-1.393697702800472,0.6563401720603061,6
-0.7631269741065961,1.3619542272121983,6
-0.17294923046367952,1.0052440190545247,6
1.0280308307150066,1.0880745499719904,1
-0.5692396967032414,1.19857746873409,6
-1.12921767946015,-0.9968922360984199,3
-1.9609353199381794,-2.3951232446222863,3
-0.7631269741065961,1.3619542272121983,6
-1.284570795632123,1.0076253319281974,6
-0.7631269741065961,1.3619542272121983,6
-1.0687311084029267,-1.9036446438370849,3
-1.284570795632123,1.0076253319281974,6
-0.307265604032605,-1.006118918184862,3
-1.2866821487420466,-0.7121359441758797,3
1.3101187498882312,0.5257051773298376,1
-0.771769145806246,0.7215666581276547,6
1.6418976156228506,1.1467845937423367,1
1.1271381365385933,1.033213689694896,1
0.526693596464923,1.2421092191078755,1
-1.2802449734123413,-0.932241855554503,3
0.3401270013282591,1.0711630316388763,1
-0.6903920678778542,-0.662383133875544,3
0.20100880976127083,0.9491063419891919,1
0.011258252757942707,0.9302996082220062,1
-1.1458147023677696,-0.5332010572151047,3
1.6494838696247316,1.0294596066927097,2
-1.2284550632574907,-1.3602878942342813,3
0.049028041457013845,1.108722424356895,1
2.2725836519372695,1.966412341175747,1
-1.2616767236157371,1.013441355250889,6
-0.2175001299201439,-0.25182297299958123,3
-1.091918282694539,0.8439348931696301,6
-1.284570795632123,1.0076253319281974,6
-1.114812354710925,0.8381188698469385,6
1.4670115526104128,1.2434623543263637,1
0.2785709773025618,0.6314401006080671,1
-0.5933685331853981,1.192447765130939,6
-0.4213222061799044,-0.8871965866488123,3
0.2070462991669398,0.9457472600766879,1
-0.21707600621130194,1.057376020217959,6
0.07223718212654383,1.0207975874202422,1
-1.0260277335403398,-0.8744304634757188,3
-0.217126848286776,-1.5231221286143632,3
-1.0698617401834634,-0.5755538331783293,3
-0.46678093868297715,-1.2112269055401408,3
-1.3136395420670293,-1.9863619019963052,3
-0.5933685331853981,1.192447765130939,6
-0.7631269741065961,1.3619542272121983,6
-0.7631269741065961,1.3619542272121983,6
-0.12691772141310564,0.9448876103616416,2
-0.5933685331853981,1.192447765130939,6
-1.3077664388339618,-0.6424715933990092,3
-0.5933685331853981,1.192447765130939,6
0.06575231696504656,0.8249069543187179,1
-0.9198849831659229,-0.9335950676796904,3
-0.7631269741065961,1.3619542272121983,6
0.7066143461533995,1.191110327449709,1
-0.37883005371505396,-0.8357146709968043,3
-0.5961447556213272,-2.643375919023488,3
-1.4517622348794217,-2.146417616525593,3
0.0016515623894724938,0.8330455405411632,1
-1.091918282694539,0.8439348931696301,6
-1.3324397673056838,-1.149061699989009,3
-1.6945446291055748,-1.9264029987637195,3
-1.1227326595245406,-0.8922273360523846,3
-1.657794382366605,-0.8996227667886773,3
-0.4094454860398131,-1.0029624822502672,2
-1.8731353602927159,-0.74169611882429,3
-1.0908853884213536,0.8441972902293765,6
-1.114812354710925,0.8381188698469385,6
-1.2606438293425517,1.0137037523106354,6
-1.2606438293425517,1.0137037523106354,6
-1.114812354710925,0.8381188698469385,6
-0.9450539137897269,0.6686124077656795,6
-1.5084960575220896,-1.2319141192851144,3
-1.5593103623250584,-1.0031357886787944,3
-1.8109594014676338,-1.3382503593893202,3
0.09542454384566952,0.516901178424141,6
7.430760484024412,-2.986533275583602,5
1.0917623919880484,0.5868031236648713,1
-0.41385077891792477,1.0254205646679178,6
2.9519554916205277,0.9719422322142776,2
8.681687104409518,-2.1435219524197078,5
-0.8267741514428182,-2.6716053174183036,3
-0.4663489517761076,0.6079097450399332,6
2.9859695932579506,0.4600511657948237,1
3.6746635639613863,-0.45987062192843337,5
4.704718094011263,-0.0897467192751213,5
1.1035467202960179,0.8658750702063489,2
1.538544949836598,1.2224174624590582,2
0.6061500686889879,0.581499020222838,1
1.2957492267523494,0.5220547353449243,1
0.6184092904654992,1.1238092658207488,1
2.704611054137915,-0.2091734089261886,1
1.513071994568177,0.3642302976534168,2
-1.5916619864851145,-1.6736772186433733,3
-1.5784127667411514,-2.1550320288514255,3
0.03485267359259052,1.1245178571859662,1
0.929834765561085,0.5258301541222541,1
-1.6320978578165306,-2.249459622065601,3
0.5109209547490968,0.709578813994141,1
1.0281610044689997,0.7084006724407383,2
-1.0397519947382032,-1.1332830572855304,3
-0.3623305618614297,-0.987096432746978,3
-0.11715840806683057,0.9473668719798791,2
0.4853134824071537,0.5244467521252074,1
-1.3666558358737735,0.3988538067491578,2
-1.011509997011071,-0.4543729020486267,2
2.4674903682402953,0.3399908383274155,1
0.9950013950368451,0.6403718793841127,1
-1.2668985366639975,-1.640554417790423,2
-1.4772098975571244,-1.8100669008549044,3
0.5528708318304485,0.8482720720201766,2
-0.41575094289650205,-0.7891355691227703,3
0.3842451532467947,0.667666509525119,2
0.5265728852064163,1.2500694800026648,1
0.1919588023035476,1.0493068398582335,2
-0.39834166061065446,-0.9670277623675448,3
0.21952911054554083,1.1610601408560277,1
0.7668945472031791,0.9809538128541793,1
0.30951726735791374,1.310458092321359,1
-0.3503180867941516,-0.8167038647016933,2
-0.8728415476774017,-0.7896940955286269,2
2.237338635110614,0.6367608938708447,2
-0.6475255949282916,-0.9901704958366261,2
-0.8408838851475173,-2.4311684383119636,3
0.7963804931022211,-1.6946020518999814,2
0.397077204726627,0.8480268785574284,1
-0.583609219839123,1.1949270267491767,6
-1.5635909075150918,-1.5625007251023841,3
0.39140436065155754,0.738647415700126,2
-0.583609219839123,1.1949270267491767,6
-0.583609219839123,1.1949270267491767,6
0.845996922151063,-2.869115398495001,2
-0.583609219839123,1.1949270267491767,6
-1.2704856600660663,-0.9297625939362654,3
2.5625525574344494,0.6937298159817346,1
0.25942735689620633,0.7251230325601091,1
1.0756238861731915,1.3443158335016294,1
3.313357744545841,-0.2891436798557369,5
-1.1850102889158658,-0.9774416944995838,3
2.2125136247520025,0.3182055078800393,1
3.784765547620498,-0.5491524195133386,5
-0.583609219839123,1.1949270267491767,6
1.3587908403155362,0.16434498264384426,1
2.235182785623347,0.07828959329784133,1
-0.7533676607603211,1.3644334888304357,6
-1.1612454436559163,-1.7016408927624382,2
0.37914920950893827,1.331918022706633,1
0.8431474573541099,1.1984072199991085,1
2.3385015711204944,0.24867898658845372,1
1.1722437252249653,0.6178876700854443,1
-0.7533676607603211,1.3644334888304357,6
-0.11715840806683057,0.9473668719798791,2
1.527200251144976,1.6163005996226372,1
0.015596198140806625,1.1352336300824313,1
0.3551130799832029,0.7962207059199133,1
0.1907583100252583,-1.1434885925186102,3
-0.31446168245239053,-0.8515753571301522,2
-0.8609635126096893,-1.2243424892659853,3
0.5489076504301363,1.162411560625374,1
0.8469728067835792,0.5231608224844494,1
0.8238872557010329,1.2090889173411647,1
-0.583609219839123,1.1949270267491767,6
-0.583609219839123,1.1949270267491767,6
-0.583609219839123,1.1949270267491767,6
-0.835101015093127,-0.5738008114387234,3
1.4944104526279407,-0.10973782984332718,1
-0.835101015093127,-0.5738008114387234,3
1.6569797462719498,-0.19957094799248248,1
-0.5821466115598485,-2.1099006121913764,3
-0.1785921156838468,1.0438542361715673,6
-1.0817268444233452,-1.2345825437610083,3
0.2019386729297557,-1.225226590094232,3
-0.2945896690454941,-0.8745906230072942,3
-1.2704856600660663,-0.9297625939362654,3
0.39140436065155754,0.738647415700126,2
-0.6348694105954559,-0.8848816098572703,3
-1.5870444552210972,-2.0751174713617195,3
-1.2039515624676838,-0.692449941156462,3
-0.2440923379967267,0.8559141025866589,6
-1.3292725339346612,-1.1339275103963453,2
-0.583609219839123,1.1949270267491767,6
-0.45667528990922684,1.286379796142397,2
-1.2095104356594013,-0.9637765952042712,3
-1.5969365068861874,-2.2196842708846685,3
0.6181691569121193,0.4624091955893137,2
-0.8949637807509232,-0.46556045276680075,3
-0.17049359954167995,-0.8567630988610523,2
-0.45667528990922684,1.286379796142397,2
0.8031291409647908,0.197483226533083,1
-0.2440923379967267,0.8559141025866589,6
0.030347561954826796,-1.1675985338770076,2
1.20853601716877,0.6083819659526204,2
0.5986510007496617,0.4732822029043808,2
-1.2529812836455771,-1.1391289529289454,3
-0.583609219839123,1.1949270267491767,6
-0.045491799581651046,0.9697642625219186,6
-0.41385077891792477,1.0254205646679178,6
-1.5956930611639972,-2.4572791289055798,2
-1.3547687298370639,-0.8079352324183249,3
-0.29043975092707885,-0.9894890896498776,2
-0.814726370331344,-1.0591779400921175,3
-1.1886878657216635,-0.5013651698049265,3
-1.3819778937364529,-1.2667832945795765,3
-1.3329855832003208,-0.8200838392419766,3
0.0526000328543675,0.7778604098986202,2
-0.45667528990922684,1.286379796142397,2
0.06450085173607803,1.1080234403256704,1
-0.41385077891792477,1.0254205646679178,6
-0.8042999766281174,-0.5160716891503684,3
-1.0601024268371884,-0.5730745715600918,3
-0.8883179180647716,-1.0554953871876227,2
0.5513288491880226,0.9617222931762088,1
-1.2704856600660663,-0.9297625939362654,3
-1.1254453363165147,-2.0079930152462477,3
-0.28691684898802866,1.1168733340611379,2
-0.41385077891792477,1.0254205646679178,6
-0.6946762397040894,-1.200969327400239,3
-0.45667528990922684,1.286379796142397,2
-1.0678095034113135,-1.1176324179191348,3
-0.9584902436452905,-0.9790052559432896,3
-1.3797862145112083,-1.068399977694668,3
0.35867000353458584,0.7568654749841919,2
-0.5498176084217726,-1.119511356626779,2
-0.9737932892149722,-1.0078162866243043,2
-0.41385077891792477,1.0254205646679178,6
0.4820383067820447,0.6505571427377204,1
-0.583609219839123,1.1949270267491767,6
-0.2440923379967267,0.8559141025866589,6
-0.583609219839123,1.1949270267491767,6
-0.41385077891792477,1.0254205646679178,6
-0.583609219839123,1.1949270267491767,6
-0.45667528990922684,1.286379796142397,2
-0.28691684898802866,1.1168733340611379,2
-0.41385077891792477,1.0254205646679178,6
-0.583609219839123,1.1949270267491767,6
0.22235847377556567,0.6083539478173612,2
-0.583609219839123,1.1949270267491767,6
0.0526000328543675,0.7778604098986202,2
-0.45667528990922684,1.286379796142397,2
0.8568715536161887,0.9915611389218347,1
-1.4281863658332083,-1.2410104755908449,3
-0.583609219839123,1.1949270267491767,6
-1.4886068416675027,-0.9328870733162986,3
-0.28273947907642377,-1.08045466999791,3
-1.3468872040985342,-1.0867531178137204,3
-0.7556113427054264,0.5438697207214866,6
-0.7533676607603211,1.3644334888304357,6
-1.1913827999652216,-1.373025713650807,3
-0.7533676607603211,1.3644334888304357,6
-0.28691684898802866,1.1168733340611379,2
-0.7533676607603211,1.3644334888304357,6
-0.7533676607603211,1.3644334888304357,6
-1.40732638525371,-0.7786194937566167,3
-0.45667528990922684,1.286379796142397,2
-0.583609219839123,1.1949270267491767,6
-0.7533676607603211,1.3644334888304357,6
-0.583609219839123,1.1949270267491767,6
-0.583609219839123,1.1949270267491767,6
-0.7533676607603211,1.3644334888304357,6
-0.7533676607603211,1.3644334888304357,6
-0.8903439859159904,-0.7425810336413509,3
-1.235093992934918,-1.1491033079835895,3
-0.7533676607603211,1.3644334888304357,6
-0.7533676607603211,1.3644334888304357,6
-0.28691684898802866,1.1168733340611379,2
-0.28691684898802866,1.1168733340611379,2
-0.583609219839123,1.1949270267491767,6
-0.7533676607603211,1.3644334888304357,6
-0.7533676607603211,1.3644334888304357,6
-0.45667528990922684,1.286379796142397,2
-0.583609219839123,1.1949270267491767,6
-0.2440923379967267,0.8559141025866589,6
-0.28691684898802866,1.1168733340611379,2
-0.7533676607603211,1.3644334888304357,6
-0.2440923379967267,0.8559141025866589,6
-0.28691684898802866,1.1168733340611379,2
-0.7533676607603211,1.3644334888304357,6
-0.45667528990922684,1.286379796142397,2
-0.45667528990922684,1.286379796142397,2
-0.583609219839123,1.1949270267491767,6
-0.583609219839123,1.1949270267491767,6
-0.4226742987501611,-0.927483319935297,3
-1.3329855832003208,-0.8200838392419766,3
0.5481154020810448,0.6515159075179533,2
-0.41385077891792477,1.0254205646679178,6
-1.2002370554747996,-0.8940905482586436,3
-0.875034614240354,-0.7511158685129202,3
-0.6687628549379298,-1.5394192153022894,3
-0.8005632408821753,-0.7926215272588634,3
-1.0835500700316045,0.8015837672719388,6
0.4744601372652462,-2.4472890019863867,3
1.6535405996775632,0.47528564565705483,1
0.5885452058827112,0.9410705466800663,1
-1.1800501733409146,-1.4457285771322224,3
-0.6719316619879087,-1.8609592824243402,3
-1.1384439269409672,-0.5458256714418468,3
-1.1632271422791227,-0.9895903013232356,3
0.3616702262308641,0.7925715777586962,1
-0.6598135041761364,-0.9031292439584058,3
-0.41385077891792477,1.0254205646679178,6
-0.6529939637446833,-0.949763285902109,3
0.07093214938105037,0.782517511404948,2
-1.187234218303293,-1.0975103548284564,3
-0.5652771033124401,1.1995841282555044,6
-0.7350355442336383,1.3690905903367636,6
-1.2192358278058288,-0.9434688543315479,3
-1.1967558644447722,-1.1879518759385919,3
0.048664560293658024,1.3093139829857552,6
-1.5364142767949716,0.5683602688304169,2
-1.6633482067248677,0.4769074994371966,6
-1.272569828188993,0.2588718899115397,6
-0.6339463108289204,0.9756596509533513,6
-1.0214198782115202,-1.1286259557792027,3
-1.3609367600539166,-0.7896130316166845,3
-1.6633482067248677,0.4769074994371966,6
-1.6633482067248677,0.4769074994371966,6
-2.192380709671674,-1.0621999593708462,3
-0.7350355442336383,1.3690905903367636,6
-1.3798283459759366,0.3186995972985098,6
-1.2760348427969668,-1.1113913114039842,3
-0.7350355442336383,1.3690905903367636,6
-1.5022346129170345,-1.3399482629385109,2
-0.0988262915401477,0.9520239734862069,2
-1.1771521893211838,0.1308297733156406,6
0.588798786099723,1.1550913918242183,1
-1.6633482067248677,0.4769074994371966,6
-1.6633482067248677,0.4769074994371966,6
-0.2685847324613458,1.1215304355674658,2
-1.6633482067248677,0.4769074994371966,6
-0.7350355442336383,1.3690905903367636,6
0.7852660488858867,-0.11290816552088326,1
0.0526000328543675,0.7778604098986202,2
-0.28691684898802866,1.1168733340611379,2
-0.8473461501070004,-0.766550004137849,3
1.8306535305397493,0.3978979906203887,1
1.055531340564462,0.40769910801887205,1
-0.5921013805138639,-0.6943460321047784,3
2.0582416076911803,0.5265960983605393,1
2.0207717046249587,0.22497769260113057,1
0.4832561104740987,0.9332636041892631,1
0.28264765094701766,0.7122257652778672,1
-0.3972948588336848,-0.6406732903532044,2
0.8676693573301323,0.9855790590594301,1
-1.0981761268088885,-1.424929246903306,3
-0.6910008119447028,-0.6541272484562739,3
-0.07315861369624697,-1.9932109079050488,3
0.028609561190758272,-2.200694183642039,3
-1.0629920259914265,-1.3693877104051289,3
0.03274237127072055,0.6057816185544636,1
1.2203232659711065,0.214072811971137,1
-0.583609219839123,1.1949270267491767,6
-0.051457286573206786,1.1725628420563248,6
2.284050287920272,0.12710019204274464,1
0.48884536301924664,0.522485956126971,1
-1.3362889139114331,-2.0150056561910903,3
-0.6426583598719335,-0.2907587404891491,3
-1.447700694340052,-1.629292271397525,3
0.9462299368623914,0.31736807595105665,1
0.332991557982559,0.6842736382575533,1
-0.9773943376082302,-1.33005187291815,2
-1.3097807790913911,-1.032595048843791,3
-0.5406776415521595,-0.93726310047121,3
0.780459853427015,0.6354919502894005,1
0.4724969455292798,0.8209923908137772,1
-0.8062860929315843,-1.5752517903686762,2
-1.4222855993012946,-1.4438939160026107,3
-1.1590873811675424,-1.391014547408937,3
0.7007101044295686,0.6909568234751138,2
-1.9270958989332285,-1.8858861084751484,3
-2.0312329561503777,-1.1520785091590173,3
0.5001123033803573,0.9901553627968995,1
-0.9394485283774072,-1.1892191582836025,3
-0.02897672295661535,0.9605779444790673,1
-0.005008728352655322,1.1467020403630448,6
0.36977142145680814,0.5886313761540114,1
-1.0221560298952104,-1.1804472280855967,2
-0.8713211866405502,1.0109060096297469,6
-1.2339651888102359,-1.4241615934023,3
0.8394185546885995,1.0041249815510636,1
-0.7533676607603211,1.3644334888304357,6
0.5984658702323246,1.0223550774335761,2
-1.503743333318185,-1.99711381398943,3
-0.9427555842106156,-2.9669311275223054,3
-0.03635695553545157,-1.292436380701074,3
1.7675548676895467,0.41229692121129613,1
-1.0394409680990204,-2.2522545065627178,3
1.3460526209068342,0.37052075715470073,1
-0.40384110157382114,-1.9611088021488396,3
-0.8644346806252875,-1.0314628653189801,3
-0.8128614631770388,-0.5113034021205547,3
0.37436955543498684,0.7855049330234484,1
0.09071632234785591,-1.3893421398592458,3
-0.7533676607603211,1.3644334888304357,6
-0.7533676607603211,1.3644334888304357,6
-0.7533676607603211,1.3644334888304357,6
-0.7533676607603211,1.3644334888304357,6
-0.7533676607603211,1.3644334888304357,6
-0.35630159289358904,-1.0278169785901479,2
-1.388994268727027,-0.773962392250289,3
-0.7533676607603211,1.3644334888304357,6
-1.0795607266384244,0.35083758716401664,6
-1.1256812065644917,-1.0105272549205357,3
-1.3329855832003208,-0.8200838392419766,3
-1.3797862145112083,-1.068399977694668,3
-0.8903439859159904,-0.7425810336413509,3
-0.7533676607603211,1.3644334888304357,6
-1.4890867689563505,-1.2070373614530714,3
-1.3016949525503987,-1.4237284378995134,2
-0.1919982285379837,1.7289051093936771,6
-0.583609219839123,1.1949270267491767,6
-0.7533676607603211,1.3644334888304357,6
-0.7533676607603211,1.3644334888304357,6
-0.9722961659944175,-1.0209972977598256,3
-0.583609219839123,1.1949270267491767,6
-0.583609219839123,1.1949270267491767,6
0.13865886786802373,-2.934654687875547,3
-0.9745756663192721,-1.5687371227947176,3
0.7323275712184512,0.6621421580326774,1
0.7366655954932856,0.8589451560093596,1
-1.4779608087833633,-0.2068127472793288,3
3.7718676808895806,-0.32424393108755045,5
0.6198615626525276,0.9991143145007214,1
-0.0455835801385547,1.05702382568455,2
-1.8528638278292773,-1.4012128835333642,3
-0.22576022147004388,0.8605712040929867,6
-0.5652771033124401,1.1995841282555044,6
1.0999398640257412,0.3223799177573975,1
-0.11715840806683057,0.9473668719798791,2
1.387706636651987,1.2952031168982046,1
0.7798897295572909,1.308880610518894,1
1.367840374302761,0.557612452790235,1
1.6240715129233758,0.37841263809294295,2
0.8619028278024905,1.1880072939825184,1
0.23674875517621488,1.2116663814922755,1
-0.9661317153345187,-1.810297894212437,2
-1.3792688765805994,-0.7942701331230122,3
-0.2855233558108124,-0.9922230890076646,2
-0.583609219839123,1.1949270267491767,6
0.5429577282466194,1.2409801739198338,1
-0.7533676607603211,1.3644334888304357,6
0.49199377007223144,1.194043889835774,1
0.23173607360468973,0.6654127055909717,1
-0.583609219839123,1.1949270267491767,6
-0.583609219839123,1.1949270267491767,6
-0.7533676607603211,1.3644334888304357,6
-0.28691684898802866,1.1168733340611379,2
0.15698370694710406,1.2560228269276115,1
-1.8073587470719927,-1.3023877391159204,3
-0.7533676607603211,1.3644334888304357,6
-0.9372728179591417,-1.5022152860903388,2
-0.7533676607603211,1.3644334888304357,6
-0.7350355442336383,1.3690905903367636,6
-1.3082023678621653,-0.37631920936058794,3
0.0526000328543675,0.7778604098986202,2
14.296992113821387,-5.090503088302722,4
3.0057409710716887,0.4116083548468941,5
8.251170125134852,-1.769127535416445,5
3.1914965864001066,0.744691229151417,1
3.2304547479780163,0.8088432365147724,5
2.4252571722583443,0.5805791573780057,2
3.9478440457043646,-0.5820627871042668,5
-0.0743338970755285,0.6864076405053999,6
2.0520215336337357,0.615800892115924,2
1.1021079370363998,-1.6471300915056106,3
0.10686907715812803,0.8099366785434992,1
-1.4037236297314342,-1.254655131321041,3
-1.2100277735900102,-1.237906439775927,3
-1.5764429894416216,-0.8197498115123288,2
1.3144471627311114,1.610456982469885,1
1.377214709325125,0.4289136423130838,1
-0.7533676607603211,1.3644334888304357,6
0.8701535566582093,0.5858483179511165,1
-0.20187580865578553,-1.9220121720078636,3
2.0173519550241643,0.07528156432806757,1
-0.8644346806252875,-1.0314628653189801,3
-0.2440923379967267,0.8559141025866589,6
-0.583609219839123,1.1949270267491767,6
0.3983042366456852,0.7721887618126145,1
-0.7533676607603211,1.3644334888304357,6
-0.7533676607603211,1.3644334888304357,6
-0.7533676607603211,1.3644334888304357,6
-0.08770836968309612,0.9932537716395555,6
-1.40732638525371,-0.7786194937566167,3
-0.583609219839123,1.1949270267491767,6
-0.583609219839123,1.1949270267491767,6
-0.583609219839123,1.1949270267491767,6
-0.2440923379967267,0.8559141025866589,6
-0.41385077891792477,1.0254205646679178,6
0.19620075992877906,1.034815919304479,1
0.30481720010220664,0.6999149708190394,1
-0.7533676607603211,1.3644334888304357,6
-1.2699309114936954,-0.6556531929297253,3
-0.875034614240354,-0.7511158685129202,3
0.050049476298308894,-1.141088490915219,3
-1.5321338056163212,-1.108208765693299,3
-1.4402441009872644,-0.7602561318550064,3
-0.7533676607603211,1.3644334888304357,6
-1.5495446554324064,-0.8988935156134089,3
-1.2514852853445433,-1.0650760816797493,3
-1.0991814986082178,-2.6468310421290973,3
-0.7533676607603211,1.3644334888304357,6
-0.41385077891792477,1.0254205646679178,6
1.3266708981749722,0.6707727197938013,1
-1.6633482067248677,0.4769074994371966,6
-0.5652771033124401,1.1995841282555044,6
-1.4935897658036694,0.3074010373559376,6
-0.9225434569547346,-1.021522547019587,2
-1.3188531215692716,0.28468559603050403,6
-0.8225700722800406,0.6067200897816312,6
-0.5652771033124401,1.1995841282555044,6
-1.8331066476460658,0.6464139615184556,6
-1.3238313248824713,0.1378945752746787,6
-1.3238313248824713,0.1378945752746787,6
-1.8331066476460658,0.6464139615184556,6
0.16969082204753264,0.7898460861018365,1
-2.2348800944617597,-1.4376938976787887,3
-0.7350355442336383,1.3690905903367636,6
-1.6633482067248677,0.4769074994371966,6
0.1748600111051211,0.02608834677881874,1
-1.8331066476460658,0.6464139615184556,6
2.6886367673674303,0.2817647922547697,2
2.5703024835627515,-0.013488444637372896,1
18.271512829984363,-7.280243474740671,4
15.150559836245145,-5.50592288144224,4
8.473777974639178,-2.538755554437007,5
2.80772557918757,0.25356960009355295,1
4.2262680598113676,0.14408364068834736,5
7.308905310848531,-1.8302957990944553,5
4.1870702193763085,0.32714197283565777,5
4.725774935610008,-0.008186868614538491,5
3.661441286815118,-0.29331125072789543,5
3.2425288893687325,-0.23276868251105162,5
5.317852514726344,-0.8749301684245168,5
15.458859524557237,-6.5973804256371285,4
1.6768620260127332,1.400311893860386,1
2.0758353600067823,1.207261943439402,1
1.0089901507213135,1.3236279072818538,1
2.651212004913253,0.2925468227727376,1
1.4652470268020659,0.7482835073414041,1
1.5521568733485507,-1.9063707709265538,1
0.2429262797172695,1.201497599144169,6
1.160389991771039,0.9405858745079272,1
1.128891380599046,0.5704358809015951,2
-0.1287653441925121,-2.868753092944212,3
-1.1369024137406938,-0.9364144298195148,3
2.532759457478684,0.23602776818769539,1
1.4554782088371645,0.6601478080802875,1
2.2594421598358356,0.07468193981084822,2
1.489161537088289,1.115397859934453,1
0.11242268724514229,0.8065618017880655,1
0.2429262797172695,1.201497599144169,6
1.159712655662689,0.6155638330463907,1
4.921097089934852,-0.8079156212583379,5
4.773458949419678,0.17416123536766126,5
3.7805747053831893,0.4754268973607446,5
5.294025834358009,-0.036903783414074194,5
9.92410064288879,-3.1862213074319845,4
1.8034623817767204,1.6802694160478355,1
0.07316783879607143,1.3710040612254282,6
1.7687881538486503,1.34931671032119,1
7.429769178321443,-1.6409765727481873,5
1.3631326591479804,-2.4944957370126457,3
1.8988612235384625,0.9545339107239347,1
1.6314600876972607,1.3016246460925407,1
3.3240234056743043,-0.35358053249935945,5
3.5558525226943662,0.1728128728150308,5
2.2808543175689024,0.8192396581578518,1
2.822258024302824,0.34053747504526616,1
2.626156105237517,0.704459486695771,1
3.0171974109934765,0.024606561923336167,5
2.1913819825943412,0.24331437174571488,1
3.9819784337986404,-0.4603756245991057,5
2.2808543175689024,0.8192396581578518,1
1.7774572680267042,0.4722225643077628,1
2.232843494166414,0.17281484305812247,1
1.8979775218118895,0.48116316165431633,1
1.3917999671285146,1.1870776049312037,1
2.1256040885932905,0.7160512740308248,2
-0.3237365686964761,-0.4413520532190732,3
2.211356526757917,0.20464203516466534,1
0.5775366916416392,-2.5241989363932706,2
0.11497281484047236,-0.8356134921103568,3
-0.26466229507873684,-1.0725429733296328,3
1.0187267287916661,0.9196952447148691,1
0.5084182864823259,-0.7041105211086469,3
2.2734690931837496,0.0573993503103224,2
0.0023685130934279937,-0.6227887753002661,3
0.48573913255988516,1.2907762690650213,1
-0.5069684039486602,-2.2092165532980848,3
-0.009483416391051477,-0.6162051908808774,3
-1.097250890557868,-2.6789281006626373,3
-0.6875995502181544,-1.7476153616485388,2
1.7086544758057036,0.6720873952248909,2
-0.2663490430463248,1.710016985387946,6
-0.8070864671173231,-0.7706080213086159,3
-0.31448190286572036,-2.067931460523278,3
-0.2663490430463248,1.710016985387946,6
4.344793738463101,-1.5561420114823792,5
0.8244832437606352,0.9451922087220879,1
-0.045676316772702244,0.8128324813620356,6
-0.6962431024504095,0.8427509528073877,6
-0.40212112827808777,0.7640442750574686,2
-1.4456678985433333,-0.7002975189634999,3
-0.5088855094670486,-1.224364685323092,2
-1.7234042852645175,-1.6823320475116772,3
-1.0383303809715783,1.1811108919080253,6
-0.23549919834843594,0.5857105729240771,6
-1.7600632716575055,-0.38940872277023275,3
-1.2885310809954085,-1.7931830101098147,3
1.2191004288113294,0.32758555379689436,2
-1.6668243709077806,-1.0595039409807097,3
-0.24444404540632303,0.8558247546325024,6
2.973268569911358,0.2854291462332601,1
1.7840764498357946,0.6954894118220205,1
-0.6057536042575133,-2.0107634081165773,2
2.317196373205545,1.0083313994380259,2
0.9185958016171831,0.5428117826929769,1
1.1293755763557334,1.0991930405005375,1
1.7555263406933852,0.2953416846363729,1
2.828887180971312,-2.2889264439650394,5
0.8429607792028864,1.4910643868617757,1
-0.5948637373924363,-1.7205653053240706,3
0.7590115454537086,0.9886061612403951,1
-0.36565640448544484,-1.4491285874486088,3
1.2228219536482614,1.6035742193762736,1
1.161610305313106,0.4840552165011317,1
5.788715593468588,-0.12004871175465438,5
-0.5090371148050271,-1.2111808004306812,3
0.4778919494646066,1.276798586447153,1
4.04301162779801,-0.8882175334316845,5
2.706552958896488,-0.08869275853869267,1
2.8547398631845624,0.18024441690738893,1
1.8248662172127181,0.4379992408007617,1
0.616287599103358,0.42598568888900323,1
2.1347567078608747,0.9475633031966794,1
0.3323259373346696,-0.6065657288566361,3
-0.06508918488792059,-1.7988154383001178,3
-0.569757386497447,-1.8582444422165745,3
1.0543440759559262,0.19297245929242493,1
0.08179138225236582,1.0723484891547839,1
0.06027436350849291,-1.7605421399197394,3
3.62204089406836,-0.8105126484097392,5
0.2589799508782907,-1.0398020181879264,3
0.4807153797444287,0.6616022480722679,1
1.1488787466515422,0.6305226223869759,1
1.6986766148515196,0.03382127319027535,1
-1.0326714092420133,-1.1276826034837182,3
-0.7177202725135722,-2.3097763221933163,3
5.070364512747019,-1.1637729989469707,5
-1.2284166599051518,-1.2777008705650366,3
0.7000742857115391,0.663837013736678,1
7.212914129008066,-1.2271769182481211,5
-0.556336274198612,-1.6199812674259089,3
-0.06321645769612141,0.4795980785686639,1
1.4943608851238899,0.08297346444147616,1
0.0782564408590853,0.6855782592340975,1
2.268984110458876,1.223886491026516,1
-0.7249719135388212,-1.7143770720855165,3
-0.8354527225027233,-0.5738901593928799,3
0.2326576894081537,0.25005496368478664,1
-0.040369758537652664,0.7494387296981155,1
0.9646619313618419,0.8743156329557579,1
1.2300355415126552,0.17145982594992124,1
0.49654296660150643,1.209716282862546,1
0.44623391243218824,1.0571047891625887,1
1.2171504652851164,1.682075444063407,1
1.318526492515442,0.06287036985302277,1
1.592517570938569,-1.502322802771139,1
0.42816093639234143,-2.362286446968889,3
0.4984633816338064,0.5467767750140414,1
-1.140004246162505,-1.1088652256077223,3
-0.48585097503157604,-1.2990130568910752,3
12.076967088384382,-4.087978486055862,4
-0.8118832663397085,-1.3665682586829633,3
0.10442645702578977,1.2849843098207805,1
1.1202918535663333,0.8454547190040267,1
0.10710542127813505,0.5843841870437473,1
-0.324959775989611,0.8438242210755895,6
1.4987721696843432,1.0522961668253177,1
0.37213651602227305,0.797219121258331,1
2.397032267109049,0.8309046495364852,1
9.307648834362643,-2.4007279129835024,5
-0.1961023360368963,-0.5124332214292188,3
0.46510570698086157,1.208709910493642,1
0.9328829684668385,0.6744945873380073,1
0.041720255095342836,-0.9192186146930862,3
1.783627237487096,0.33956150677148417,1
-0.8203977900785322,-1.910787699573941,3
-0.39075299671749397,0.8220728931522613,6
1.7672111015202145,0.07379310417183321,1
-0.5949860442677942,-1.5964177370410346,3
-1.1564752608672733,-1.8734502154098642,3
4.798211011907674,0.4258754013438821,5
2.2406771146557345,0.8055530885152584,1
1.005835766674678,0.6936874119242575,1
0.2754778834536238,0.8695680146730459,1
-0.22614539515624837,0.4750598424378057,6
3.2290960311359878,0.021059924457525903,5
0.7249273278522428,1.1239526633380015,1
0.41331894969667454,1.331055098682749,1
1.1474222246701873,0.7729436653848154,1
-0.07562027046585179,1.2451078089437178,6
4.67707131157389,-0.5026094343009582,5
8.451677296900565,-2.536108944331731,5
-0.7953224988257402,-1.5999967699646693,3
1.5432843382820491,0.6294670479090212,1
-1.5299127543412139,-1.1358079572588786,3
0.337442685214488,-0.5227895327051756,2
-0.968068850002896,-1.0494052248252148,3
0.41268472063846773,1.03199113706291,6
2.189667360334395,0.9453676784735667,1
1.7206598254828325,0.497622864272503,1
-0.8685719400503802,1.0116044298267661,6
-0.2920918277672276,-2.2866404008161516,3
4.690502699837685,-0.035958333532323875,5
0.47804387203554966,0.8623217961268053,1
0.935866733721796,0.059380313386063394,1
-0.6573774132992315,-1.3358311034147565,3
-1.3711671666260046,-2.0137720821250613,3
3.5125001760058923,0.07353540929109713,5
0.5274954152245446,0.8349067385437415,1
-1.12539075824962,-1.6741722242098964,3
0.6412705075364571,0.023306687402162525,1
-0.8660015433716076,1.0122574148886465,6
1.8452305172757135,0.46263453710357283,1
0.8255228404944912,-2.2007861610070503,2
-1.0781375883212982,-1.6546964541233495,2
-1.1134107423456945,-1.1985563397993373,3
-1.4951619574729709,-0.21118253706090379,3
1.2254195693912984,0.891524068780122,2
4.99932518136597,-0.9456337538237243,5
2.8719390773171116,0.4171717599782648,1
0.15618683555301788,-0.831937570498944,3
-0.4877442179045609,-1.2945650120200864,2
-1.2889438977910344,-0.9266734380689051,3
-1.1682478326367174,-0.6553946877733657,3
-0.4930343921432786,-0.7461006894663786,3
-0.0965906021251267,1.5405105233066871,6
1.444866754719376,1.0065791580235404,1
0.921960043402062,0.5234717508191332,1
0.7271416374891503,-0.026328683944385787,1
1.697364308051526,1.227685788356907,2
-0.44163203328229456,-2.31684177139474,2
1.14256925633176,0.6340113852011531,1
1.6021827908643844,-1.308590909855956,1
0.549048233468943,1.2373174625624013,1
0.7764815801076237,1.0953828074657403,1
-1.1052015788363954,0.8405603969197729,6
-1.2736802010450143,-0.73558866671737,3
4.094793178363875,-0.5323488175228046,5
-0.9009667671377379,-0.643413448060349,3
-0.4377521160567964,-0.5023883827386421,3
0.5496848422026084,0.8431473446698652,2
0.921960043402062,0.5234717508191332,1
-1.0103982588290452,-0.7819792793408453,3
2.020800711681895,0.735858329924849,1
-1.2749600197575934,1.0100668590010318,6
0.19389360932591665,1.217472969161384,1
-1.9118941380989791,-2.204592006329545,3
-1.1095586767082013,-1.0198020441564999,3
-0.6185379711459902,-0.8942523956917513,3
0.3946060340704421,0.4346939177169895,1
1.8779789381594825,1.4399324407022533,1
-0.9053963731954682,-2.0063627380036175,3
-0.7619532509436332,-0.8144169922007745,3
0.6061788412170098,1.2105237841364453,2
-0.2663490430463248,1.710016985387946,6
1.1529574414004835,0.6122868669245893,1
4.501447441374914,-0.5289582731283039,5
-1.7837399644096272,-0.39542356351817776,3
-0.32571598874187824,-2.5268453549372474,3
-0.34186634564978846,-0.630776178830867,3
-1.1487042743683622,-0.9429673503015529,3
0.37559186213838475,0.9170779671424343,1
-0.7436958999269958,-1.961125698972884,3
-1.0708072876925074,-1.8208834413445605,3
-0.8714093302589945,-0.6598911872092605,3
-0.0965906021251267,1.5405105233066871,6
0.6568366114349824,0.9029091687874143,1
-1.3129888923267812,-1.4478187046274436,3
0.5776632563459227,0.6722235576142429,1
-0.8316053191817394,-0.7569327002307451,3
1.3659933429424755,1.3249443339959102,1
-1.5176481739430614,-1.256790752935063,3
1.4517391708885106,0.7661463395295138,2
2.494294001975982,0.22752267087906292,1
1.4407795843208955,0.9608950131079069,1
0.7728101372190648,0.7286345365416242,1
0.20010176872596747,1.4624568306186483,2
0.6595758882666003,0.7617340205878484,1
-0.2663490430463248,1.710016985387946,6
-0.4722429098036658,-0.28368639837577686,3
-0.0965906021251267,1.5405105233066871,6
4.581862740104995,-0.2510382288617517,5
0.3036835837014611,-0.7144125880476389,3
-0.1111356650973124,0.6765103572554172,2
3.770974036665064,-0.09754981960171569,5
-1.394773114414742,-1.2668185457562344,3
-0.07468560448512483,0.6863182925512434,6
-1.497255696693882,-1.7421370002814671,3
0.20157089644908613,-0.7216998943010733,2
-1.0357599842928056,1.1817638769699055,6
1.1669801686935688,0.837594221775508,1
-0.8906956933255867,-0.7426703815955074,3
0.30296482202854697,0.29593044365160726,2
1.939393325941063,1.8041976462546903,1
0.6012520273974323,1.1514373472601984,1
1.5658530437149334,0.43892866744043935,1
-1.248645509725225,-0.968356479649888,3
-0.07849869583460903,1.3800567251200013,6
-1.3186968016654823,-1.4781447774363154,3
1.0025116414091344,0.9286799358156742,1
1.1344203722830402,0.7048091708744988,1
-0.37119041240008316,0.6508445169920678,6
-1.308602542795006,-0.9157108395262493,3
-0.21415314301251423,-0.9763627334877573,3
-0.2099633971581371,-0.5047177193420785,3
1.1721218578296453,1.1203939236231828,2
-0.21999612062666865,-0.9162633596721814,3
0.15617659619398186,0.7822247493227963,1
0.2429262797172695,1.201497599144169,6
-0.5958675292345295,-0.9632359105387406,3
0.4686553408551836,0.9627916787197904,1
0.12864089983784882,-0.33157696643339724,2
1.4580003080842467,0.6871944623208331,2
-0.23365599200577125,0.732610707928118,6
-1.1806120772846864,-1.585482952929051,3
-0.5958675292345295,-0.9632359105387406,3
0.17218085495090754,-0.7170328567920233,3
3.2167394342689706,-0.08551586156661378,5
-0.8435474939077414,-1.5667739440651678,3
-1.616538497179052,-1.8410554080630337,3
2.3174594838717346,0.5999843670636756,1
-0.5614498852953417,-0.982426372222867,3
-0.5839609272487193,1.1948376787950201,6
-0.8232625819779295,-1.034814821870401,2
-0.8169836954368547,-1.476043317657442,2
1.031247985464481,1.1119917488605993,1
-0.0965906021251267,1.5405105233066871,6
0.07316783879607143,1.3710040612254282,6
0.20010176872596747,1.4624568306186483,2
0.3621750605646544,-0.8977602506580369,3
0.40419859139097053,-0.7700309999277751,3
1.128862710233285,1.3325709660793377,1
0.20010176872596747,1.4624568306186483,2
-1.3014307879228606,-1.6516425070139347,3
-0.3572651225615578,1.124318567822527,6
-1.0525187490834544,-0.9580675740624681,3
1.2274736418549659,-1.2249857344267712,3
0.20010176872596747,1.4624568306186483,2
0.6341340961508113,-0.7736880327380004,3
-0.6899230922545324,-0.9107783011630504,3
-0.5303915684433664,1.0140012507965463,6
-1.1774174927860366,-2.434994635905677,3
1.7969498654568634,0.33791174948420255,1
1.2376376475207593,-1.8278499592397843,3
-0.8457662209779127,-1.1431199485360741,3
1.0977574097040026,0.7184450051724126,1
0.12938889865537695,0.8466582582242443,1
-0.8259903300273798,-0.48563671153060994,3
0.16303828204969842,-0.8623675606990419,3
1.3343925689739913,0.9440994869649826,1
1.7232657346738618,0.7769250536139268,1
-0.6891732948794995,-2.232062667874489,3
-0.31041801652028994,-0.37377741769005474,3
-0.2663490430463248,1.710016985387946,6
0.474988847773043,0.8913165919873342,2
-0.17327729127671973,0.7201342931625931,6
-0.0034244828862209646,-2.089716478945235,3
-0.2663490430463248,1.710016985387946,6
-0.12486340997038314,-1.0260283237952414,3
0.7993998253191893,1.240682346211651,1
-1.6139815234884292,-0.5649300255994367,3
-0.7656259701557276,-0.7937294484574817,3
-0.3047340315751528,-1.312616257274589,2
-0.2663490430463248,1.710016985387946,6
-0.28296631272001005,-0.4640658677721029,3
1.6879266640985735,-1.431709468889346,1
0.838422828631887,0.3125114484265621,1
-0.6986341369836517,-0.357065678869874,3
5.347132105774237,0.246410850030297,5
-1.4405958083968606,-0.760345479809163,3
-0.9973801166144178,-1.5563221122493254,3
-0.2663490430463248,1.710016985387946,6
0.0912248037448042,-0.5967547173803358,3
-1.2294612658038542,-1.095286073332626,3
-0.7535888785044523,-1.1122202733053574,2
4.615122035375884,-0.5916421665526049,5
0.8799863885117779,1.1585134529280927,2
-0.0965906021251267,1.5405105233066871,6
1.5745034383661973,0.8973584770696116,2
-1.1609446538163881,-0.5171256006905948,3
-1.7837399644096272,-0.39542356351817776,3
-0.299257595378001,-0.6544964163392355,3
-0.536060700125896,-0.647148192995772,3
-0.21853393333634588,-1.572068119467469,3
2.5650880221637804,0.26425147700006146,1
-0.9009667671377379,-0.643413448060349,3
0.20975729986612646,-1.0125035688701773,3
-0.1350626155413249,-0.5463972989972478,3
-0.6382884824328803,-0.6651481940141876,3
-1.5943663341067134,-1.8534064398242103,3
-0.2663490430463248,1.710016985387946,6
1.4721562091249893,1.1532381928332989,2
0.48162521896786836,1.2589653078553444,1
-1.132096571035119,1.1572904746445882,6
-1.1537184479105365,-1.3756669612223715,3
-0.0965906021251267,1.5405105233066871,6
-0.8483888939460622,-2.1320912174803164,2
-0.6454074861001163,-0.5862776824773698,3
-0.4260581643746022,-0.30941178626288846,3
-0.9320519038324804,-1.5741099429603977,3
-0.7327476032458344,-0.6498190696885712,2
-0.27714808450078615,-0.1928243694908112,3
0.030343327804769407,1.6319632926999073,2
0.35121818298308355,-1.0421243879122513,3
0.07316783879607143,1.3710040612254282,6
-0.2663490430463248,1.710016985387946,6
0.030343327804769407,1.6319632926999073,2
-0.5661445014137975,-0.7053649042180844,3
-1.2695332168210431,-1.7102383888663384,3
-0.0965906021251267,1.5405105233066871,6
-0.9164431375251078,-0.9092147397193446,3
-0.7619404279259255,-0.5213457994938804,3
-1.078320052707776,-1.018526163033481,3
-1.1495613979459465,-2.499228562732123,3
-1.2831691832668928,-1.0290498777180783,3
-0.0965906021251267,1.5405105233066871,6
-0.2663490430463248,1.710016985387946,6
-0.2663490430463248,1.710016985387946,6
-0.0965906021251267,1.5405105233066871,6
0.030343327804769407,1.6319632926999073,2
-0.2663490430463248,1.710016985387946,6
-0.2663490430463248,1.710016985387946,6
-1.1716769495965065,-0.6920291770747672,3
-0.0965906021251267,1.5405105233066871,6
-0.9164431375251078,-0.9092147397193446,3
-0.682103783755123,-0.3662817854993563,3
-0.2663490430463248,1.710016985387946,6
-0.0965906021251267,1.5405105233066871,6
-0.2663490430463248,1.710016985387946,6
-0.2663490430463248,1.710016985387946,6
-0.2663490430463248,1.710016985387946,6
-0.0965906021251267,1.5405105233066871,6
0.20010176872596747,1.4624568306186483,2
-0.962338130113921,0.9877840125633294,6
-0.0965906021251267,1.5405105233066871,6
-0.0965906021251267,1.5405105233066871,6
-0.2663490430463248,1.710016985387946,6
-0.0965906021251267,1.5405105233066871,6
0.20010176872596747,1.4624568306186483,2
-0.2663490430463248,1.710016985387946,6
-0.2663490430463248,1.710016985387946,6
0.41268472063846773,1.03199113706291,6
-1.3293776553636483,-1.0032770587293467,3
-0.3791128310396222,0.6624940274931871,6
-1.1716769495965065,-0.6920291770747672,3
-0.8140093543387472,-0.8040968710308118,2
-0.2663490430463248,1.710016985387946,6
0.07316783879607143,1.3710040612254282,6
-0.0965906021251267,1.5405105233066871,6
0.07316783879607143,1.3710040612254282,6
-0.2171578310467483,-0.5007126707665195,3
-2.106124580891135,-1.8052186666535404,3
0.6598083397398496,0.9012614587337651,1
-0.15805713978051095,-0.5336050016684741,3
-1.5736265527401,-1.006772681988398,3
-1.3209629670523286,-2.180826269726688,3
-1.4205463898151092,-0.7284216469327506,3
0.41723309835868333,-0.7290239524491303,3
-1.718671569983935,-0.8309880074341359,3
-0.539628269953147,-0.8259966922733275,3
1.2967134120892538,1.2057609079685276,1
1.301476580816416,0.8049325691236241,1
0.0991977337665396,0.7389454458713585,1
-1.5877363594448697,-0.8848008740731611,3
0.9271399160071734,-0.935714730214998,1
-2.1973274821810107,-2.4159819931483897,3
0.5418188863399076,0.6856203953474114,1
-0.0965906021251267,1.5405105233066871,6
-1.4889280327055125,-2.051494439348506,3
-1.5169973524293285,-0.9173360036866176,3
1.0714323747966723,0.7969526102378011,1
-1.094909188827734,-0.5539530142650058,3
-1.398302506380719,-0.9030268593742298,2
0.10045186804875011,1.0127118178085082,1
0.014338250500130698,0.7420322862817842,2
-1.353694428511096,-1.8814290165988874,3
-0.7537193681699174,1.3643441408762793,6
-1.5903048307363075,-0.5589151848514917,3
-1.3225602796558622,-1.1823494527503193,3
-1.6431474736973792,-1.9265512222392323,3
-1.4205463898151092,-0.7284216469327506,3
-1.1045265748261,-0.6888125231372534,3
-1.234350234639964,-1.250765592580924,3
-0.7537193681699174,1.3643441408762793,6
-0.17894382309344312,1.0437648882174109,6
1.073823563925027,0.9647070433085256,1
0.4071246480550718,0.42533418881077517,1
-0.3745358708650825,-0.6125829094215745,3
-0.8571140551737338,-0.9423003001402964,3
0.6296411625272472,0.2269076477174181,1
-0.930635379423436,-1.201261191982824,3
-0.45028027887621586,0.6748546746827736,6
1.0040213491529941,0.2367699008564793,1
0.6103445712375376,0.37949292934902523,1
-0.5839609272487193,1.1948376787950201,6
-1.103921760123816,-0.9050951287986289,3
0.07607152510966232,0.6095965214432627,1
-2.041877582323633,-1.7628594816531304,3
-0.7537193681699174,1.3643441408762793,6
0.26266799209394787,0.9835568008481289,2
-0.4142024863275211,1.0253312167137612,6
-0.4240295870762451,-1.0666651509771303,3
-0.19681404291396112,0.9136225951440607,6
-0.8008113072169526,-1.0672204141061743,3
-1.7600632716575055,-0.38940872277023275,3
0.05261948699991171,1.1143478852381925,1
-1.538911900999122,-1.660478911022142,3
-1.3567866401273394,-0.8139821189384812,3
-0.5200290467363252,-2.9265570168046984,3
-0.54320344917364,-1.01120745471751,3
0.4302247218301494,0.7629780693894039,1
-1.0561733793758796,-1.3789575986167928,2
-0.8498166449292779,-2.3118120689087345,3
-1.6873333033513596,-1.6274547742743237,3
-1.2736802010450143,-0.73558866671737,3
-1.6898122353905976,-0.9612379967043556,3
-1.5231271108881477,-1.727731973326546,3
-1.1408970201908757,-1.5435677750629015,3
0.08626076652534106,0.6811316915882146,1
-0.8685719400503802,1.0116044298267661,6
-0.373221701228193,0.6711773475867671,6
-1.5903048307363075,-0.5589151848514917,3
-0.8660015433716076,1.0122574148886465,6
-0.4142024863275211,1.0253312167137612,6
-1.5903048307363075,-0.5589151848514917,3
-1.7600632716575055,-0.38940872277023275,3
-0.7416380101204841,1.1030571992199865,2
-0.6988134991291821,0.8420979677455074,6
-1.6139815234884292,-0.5649300255994367,3
-0.8685719400503802,1.0116044298267661,6
-1.0425261164712927,-1.9081095858436175,2
-0.7416380101204841,1.1030571992199865,2
-0.6988134991291821,0.8420979677455074,6
-0.4570269973188231,1.2862904481882405,2
-0.5817503928389268,-1.0426673642541124,2
-0.4570269973188231,1.2862904481882405,2
-0.8685719400503802,1.0116044298267661,6
-1.4405958083968606,-0.760345479809163,3
-0.7378524581049878,-0.9400994438799161,2
-0.7537193681699174,1.3643441408762793,6
-1.7133691088082232,-1.392486388062843,3
-1.5903048307363075,-0.5589151848514917,3
-1.2718553672727473,-0.6617605768877745,3
-1.5903048307363075,-0.5589151848514917,3
-0.4142024863275211,1.0253312167137612,6
-1.123854018964015,-0.8064753396207894,2
-0.5839609272487193,1.1948376787950201,6
-1.7837399644096272,-0.39542356351817776,3
-0.7537193681699174,1.3643441408762793,6
-1.2103794809996065,-1.2379957877300836,3
-0.5839609272487193,1.1948376787950201,6
-0.6988134991291821,0.8420979677455074,6
-0.6962431024504095,0.8427509528073877,6
-1.250787948893911,-0.8979281090140095,3
1.48207248446471,0.2888479391716603,1
-1.5498963628420026,-0.8989828635675655,3
-0.15611282612189858,0.6916134321910525,6
-0.7416380101204841,1.1030571992199865,2
-1.4205463898151092,-0.7284216469327506,3
0.3698602096471657,1.292950368537389,2
-0.40212112827808777,0.7640442750574686,2
-0.5839609272487193,1.1948376787950201,6
0.07316783879607143,1.3710040612254282,6
-1.3293001414345689,-1.4080623150039977,3
-0.9489785050892494,-1.2152374881371375,3
-0.9354431379151974,0.6710539348385138,6
0.9989861153060802,0.2531921336532592,1
-1.6212916667854032,-1.5980803320600472,3
-1.2809775040416482,-0.8306665608331697,3
-0.7537193681699174,1.3643441408762793,6
-0.2323626873568897,0.5945378129762097,2
-1.0383303809715783,1.1811108919080253,6
-0.35990789521342154,0.8259441105392665,2
0.1863371562918269,0.6904033088604643,1
-0.8685719400503802,1.0116044298267661,6
0.07316783879607143,1.3710040612254282,6
1.7196227841546257,1.4900650822356334,2
5.996863801453688,0.16334960337377077,5
2.0782054187475647,0.7320880242839608,1
3.418575859173836,0.987534620385551,5
-0.0451739747986943,-0.7088298715189058,2
0.7056710460573531,1.3679540783924806,1
-0.45201839360403406,-0.8438605409423706,3
0.7605609214629895,1.2622708446160131,1
0.45777876022221603,-1.2628376777738952,2
-0.910608134823198,-1.5110981243975805,3
-0.6685103757926529,-1.7582348843170903,2
-0.934086572722898,-1.6974872599972073,3
0.14333030589568202,-0.5017223125623149,3
-0.8926179542301661,-0.7228982553976231,3
-0.0965906021251267,1.5405105233066871,6
-0.2663490430463248,1.710016985387946,6
0.3698602096471657,1.292950368537389,2
0.07316783879607143,1.3710040612254282,6
-0.5716486033679291,0.8566541899849807,6
-0.08102499724917457,0.7720567823543901,6
-0.9132377377450293,-0.9846544219595342,2
-1.4920149911171698,-1.1463848763694522,3
-0.8660015433716076,1.0122574148886465,6
-1.2099301085961234,-0.9066007292714955,3
-0.8685719400503802,1.0116044298267661,6
0.48808805515253495,0.9965481620464514,1
-0.4738683512368323,0.7152890534899738,6
0.5980645761204686,1.0474880662058976,1
-0.2649877148004985,1.0917060768471099,6
-1.1428621496219578,-1.1021947408981092,3
-0.7537193681699174,1.3643441408762793,6
3.689498449142061,0.44979385987068243,5
0.3698602096471657,1.292950368537389,2
28.395461901970716,-12.649878133499328,4
2.3805650885109557,1.049019688130742,2
2.107172984603948,0.5750604845237779,2
13.487129528643486,-5.349298203131457,4
9.491895501274522,-3.099905676577663,5
7.423074586435649,-1.2862744490524207,5
8.072955422879007,-2.488453766175483,5
9.638676068726385,-2.1654403672452163,4
7.4598583664505576,-1.7048011824090359,5
3.596206700107577,0.226382215771961,5
6.507561858682323,-1.5877285826548564,5
4.3405308862721395,-0.3929284765266132,5
6.699333613277699,-1.2192156490026633,5
2.73318263162841,1.2424828955109288,1
2.779675299900063,0.7903570998458452,1
6.200845384686898,-1.409042002148311,5
4.0177616355682435,0.13590795735164243,5
6.074546223347742,-0.7989045870567443,5
4.838227414948233,-0.6577193521471641,5
1.5858672762138906,0.9769088973281823,1
0.9557198661131501,-0.9410684621433333,2
4.415994129622183,-0.5577278059427269,5
2.10928148706423,-2.06247061218765,1
2.227330492327613,0.3749186906850711,1
4.321688331139129,-0.8468362709387719,5
3.3406678728765278,0.39588304723590745,5
1.39842429710705,1.1834144260000992,1
0.8201957738202929,0.9545767572089088,1
1.739193233430536,0.7960121757708966,1
0.2429262797172695,1.201497599144169,6
2.500112379815392,0.11100851463108694,2
0.5396186505683637,1.1234439064561301,2
1.5389735048144098,1.751456873000094,1
2.5132740686091184,0.017991257921536802,1
2.7525024778830285,-0.18986244255193974,1
2.074511910937482,0.5350707742197289,1
0.978038887206115,1.1415003682961047,1
4.544835635730296,-1.0840675393006904,5
1.6076519137524092,-1.5285457428497218,2
0.783827876614349,1.0499710676901859,1
-0.2790429727920197,-2.4109664815401795,3
-0.31051318368975567,-1.0470795761811837,3
3.3800375451083524,-0.5361756896678531,5
0.1873650595584959,-0.8759034546322693,3
-0.468530041511682,-0.8346546560954465,3
-1.0862015784463057,-0.7397082776380857,3
-0.09771994632076528,0.904815820004352,6
-0.0965906021251267,1.5405105233066871,6
-0.2663490430463248,1.710016985387946,6
-0.0965906021251267,1.5405105233066871,6
-1.0595028012904615,-1.2286174039830964,3
-0.0965906021251267,1.5405105233066871,6
0.2429262797172695,1.201497599144169,6
0.9484702499181337,-0.9370543127122699,2
-0.0965906021251267,1.5405105233066871,6
4.569033744983567,-0.16805688386593037,5
0.6554975734810832,1.1212698069837623,1
0.5704981058243709,-2.1323506397245504,3
0.09911555776501428,-2.0708715358484766,3
0.025220096176964357,-0.6354802467105487,3
2.586616261441465,0.2716867452804944,1
0.07485458676365941,-1.4115558974921507,3
0.40198032737649575,-0.645164050449328,3
1.617426356189671,1.185791793020351,1
0.2429262797172695,1.201497599144169,6
-1.1112190631204502,-1.0001730229144288,3
-0.9550430560808973,-0.6132603878335666,3
1.5990293622973728,1.1959671505886127,1
-0.5304033191557491,-0.6502957732975596,3
-0.26804990135064044,-1.070662048240576,3
0.07316783879607143,1.3710040612254282,6
-0.9758772005792665,-2.6709108239527812,3
-1.2456980688357846,-1.0499459441851458,3
-0.26993494529129425,-0.19683963984892838,3
0.011701301140687232,-0.7031114637497331,3
-1.1625488829470811,-1.2958385327056365,3
0.3661134712957716,1.3573261046958516,1
-1.1716769495965065,-0.6920291770747672,3
-0.49701726583740763,-0.5443333042347427,3
-0.4318655038810666,-0.505663689757361,3
-1.12621703698599,-1.390998879021719,3
-1.3293776553636483,-1.0032770587293467,3
-1.0595028012904615,-1.2286174039830964,3
-0.0965906021251267,1.5405105233066871,6
-0.2663490430463248,1.710016985387946,6
-0.0965906021251267,1.5405105233066871,6
-0.790212833511389,-1.453603664658482,3
-0.0965906021251267,1.5405105233066871,6
-0.0965906021251267,1.5405105233066871,6
-0.0965906021251267,1.5405105233066871,6
-0.46901603629919913,-0.48498995425797653,3
4.947814868554002,-0.8646632914912901,5
1.2361898583596564,0.9742884478111904,1
-0.5559065459694398,-1.9317950674791693,3
-0.4868418251433176,0.7344913411460462,6
-0.8890271836171248,-1.4115462456180068,2
1.7041801182730665,0.2894975548908791,1
-0.054737795708938886,0.6934208034040859,1
0.8103064131620775,0.6606306751281256,1
-1.299543831406101,-0.6463264412628456,3
-1.151647134206331,-1.2508848166732192,2
-1.5805894209057538,-1.024241171936105,3
-0.513849503345265,0.8885472624552369,6
-0.9106673410662567,-0.9840014368976541,2
-0.29420791203328206,0.6912500563841768,6
-1.5903048307363075,-0.5589151848514917,3
0.3790722314924383,0.02744995624932313,1
-1.410734534703377,-0.99211729680977,3
0.8371689112256702,0.9842564318840749,1
0.5170115211551279,0.28938253248909707,1
-1.0302292127807413,-1.4696568445934735,3
-1.0294687261451427,-0.9466208049793375,3
-1.2062156016032395,-1.1082413363736776,3
-1.5903048307363075,-0.5589151848514917,3
-1.5529528048820735,-1.1123913186665626,3
-1.467533549694515,-1.1600397538822065,3
-0.513849503345265,0.8885472624552369,6
-1.5577148807860905,-1.3114276206133513,3
-1.3039856716161264,-0.8541431198958053,3
-1.7600632716575055,-0.38940872277023275,3
-1.0383303809715783,1.1811108919080253,6
-1.7600632716575055,-0.38940872277023275,3
-1.7600632716575055,-0.38940872277023275,3
-0.8685719400503802,1.0116044298267661,6
1.8875346092719314,0.8196143025269607,1
1.3682838470206509,0.9831118051596277,1
1.3674921827278448,0.8322413817017982,1
1.1580036686554493,1.0993399962442307,1
2.105686660406778,0.23534578631699096,2
1.1149873250605609,1.4459168142743146,1
0.09652303851579724,1.0899290585124584,1
-0.568451808941449,-0.7976106482404425,3
0.4441842514166967,1.0962034298765724,1
0.3562261907190913,1.1450122543838799,1
-1.0542034739600536,-0.8510831526492215,3
0.09133473511218809,1.0928141676135723,1
-0.588669148746533,-0.7114056394883663,3
-1.5020376764683259,-0.7522192181929351,3
0.9959647365781509,0.8387618725947357,1
-1.2670316788683749,-1.4694762361363045,2
-0.7537193681699174,1.3643441408762793,6
-0.6027705756281282,-0.3168457222456514,3
-1.7837399644096272,-0.39542356351817776,3
-1.4285380732428046,-1.2410998235450013,3
-1.099426619267884,-1.6116569444888649,2
-1.1029194478739877,0.45038217181336443,6
-1.1635822991386424,-1.189256039403271,3
-0.7537193681699174,1.3643441408762793,6
-0.5061024420324066,1.5381793906294359,6
-1.6139815234884292,-0.5649300255994367,3
-0.7537193681699174,1.3643441408762793,6
-1.6139815234884292,-0.5649300255994367,3
-0.4142024863275211,1.0253312167137612,6
-0.7537193681699174,1.3643441408762793,6
-0.4570269973188231,1.2862904481882405,2
0.709377091489562,0.9539374443748714,2
0.49201013256696724,0.9943700150353275,1
-1.1737938075382275,-0.8904533810899072,3
3.110721234724043,0.8739811804140698,1
-0.6238634468948938,-0.8999624086234533,3
3.766722463241918,-0.5766611346051541,5
2.4388982330563507,-0.08061553303549744,2
0.004541936171470642,1.1324253989655384,6
-1.3733186245805102,-0.9807799749395608,2
-0.4249050408872608,1.0226123335510249,6
0.9337144915144941,1.0342253687835148,2
1.591446663174263,1.0979765149060097,1
0.6500510619787275,-0.5020699239964294,1
0.21673134282056725,0.7520914146748987,2
1.7004211369205777,1.0759177971972,2
0.8953479349186193,-0.7616759378862078,1
-0.21146640902895253,0.5998463156325198,2
-1.3502708882980674,-2.008463579468751,3
0.7721651067789446,1.1050312685845833,1
1.1151500403156693,1.2081103220289082,2
-0.19334306049526342,-0.7695709972237544,3
1.2089389040431546,1.355925114268241,1
0.8702179444906384,1.0243188804634442,1
-0.2751585150918116,1.3842165248749614,6
-0.35334310883276554,-1.229994299226345,2
0.6745655267683316,0.9420171671786398,2
-0.7255740689112473,-0.6727589011549592,3
-0.2751585150918116,1.3842165248749614,6
-1.241019129401572,-0.7096449046178573,3
-0.4449169560130098,1.5537229869562204,6
-0.4449169560130098,1.5537229869562204,6
-1.0047265908819913,-0.6418387139193128,3
-0.14428585709850458,-0.7215060875587731,3
3.6818317900581583,-0.04614851439205208,5
-1.4751796622141837,-0.949350181945946,3
-0.594663481808459,1.1921187956322838,6
-1.3615672014824762,-2.160228392136829,3
-1.09414810562945,-1.1492619014995997,2
-1.231007536137974,-0.9981085795373927,2
-1.5605989174017423,-0.9017017467303018,3
-1.4183806472230458,-0.7814277248735095,3
-0.4249050408872608,1.0226123335510249,6
-0.6816628027020367,-1.6980690892700607,2
-0.9024940935301801,-0.5822134352216259,3
1.2991300872885976,-0.8232852110923986,2
0.603817661623908,-0.4010815162238735,1
1.3147823694996108,1.127490500700406,1
-0.8542500484674811,-1.5694928272279043,3
-0.7644219227296571,1.361625257713543,6
-1.2809851734630313,-0.6584614240466181,3
0.40950518082815474,1.0315413092491381,1
-0.7644219227296571,1.361625257713543,6
-1.1546414645653675,-1.0033509092002262,3
-0.29933078937546814,-1.0801925689431295,3
-0.594663481808459,1.1921187956322838,6
-0.7644219227296571,1.361625257713543,6
-0.7644219227296571,1.361625257713543,6
-1.2210820355593461,-1.2407146708928198,3
0.04154577088503149,0.7750521787817274,2
-1.1176946823218243,-1.5226189335321363,2
-0.46772955187856285,1.2835715650255042,2
-1.1575086307398192,-1.1886214075311348,3
-0.594663481808459,1.1921187956322838,6
-0.594663481808459,1.1921187956322838,6
-2.009527877274001,-0.563713358089004,3
-1.8397694363528028,-0.733219820170263,3
-0.8810478157863411,-1.3055977504836822,3
-1.0298753229620545,-0.7904516918903848,3
-1.0879550131323648,-1.758489231819495,3
1.3413605166581375,1.3581288152175164,1
1.1226183099199327,1.2800221399397012,1
-1.1943489395393072,-1.683726702016863,3
-0.8524580431327512,-1.5125353867226998,2
-0.2751585150918116,1.3842165248749614,6
-1.071260688480374,-0.8791513666991163,3
-0.2751585150918116,1.3842165248749614,6
0.2756125450203602,0.906564917658648,1
-0.1282126700361666,0.9445586408629864,2
-0.594663481808459,1.1921187956322838,6
-0.8579490937142735,-1.081404601888265,2
-0.7623344980317526,-0.6233420597568915,3
4.959996598376004,-1.5109646533507597,5
-0.18081142964486477,-2.596877826171207,3
1.9553566579658865,0.14683804628667854,1
0.2012497614569076,1.193398252619972,1
-1.0271033497444468,-0.30490865189452243,3
0.18382647053727993,-1.57626257753252,3
2.9010859451140996,-0.251935512362859,1
0.8589235258261593,-1.15304808872069,3
-0.5950778387827851,-1.5432156001523079,3
0.4894916212186672,1.232538124613941,1
0.25820686600243326,-0.8207570171921214,3
-0.49887936253928555,-0.7990766817089526,3
0.24627214317770915,1.1683442110133335,1
0.6665624391882198,1.3335529142940548,1
-0.17097607526913894,-1.180610307533707,3
-1.071260688480374,-0.8791513666991163,3
2.385601525729831,0.7350722706081194,1
2.3163950951700563,1.0085696192036628,1
2.662831903867487,-0.08097505306064161,2
-0.594663481808459,1.1921187956322838,6
-0.4854377486468401,1.3307970665209192,6
1.2783624512205591,0.4746495540537574,1
0.25586598033285546,1.3915044389621454,1
-0.07996102803052696,0.8301451073629375,6
-0.20841604699694885,1.0515012447653733,6
0.8174023958489075,0.9291302770437232,1
-0.9323898579756653,-1.6761368685710831,3
0.00151191192855633,-1.1231196759201596,3
-0.594663481808459,1.1921187956322838,6
-1.9929344554538313,-1.171847412770906,3
-2.009527877274001,-0.563713358089004,3
-1.8397694363528028,-0.733219820170263,3
-0.594663481808459,1.1921187956322838,6
-0.7644219227296571,1.361625257713543,6
-1.6654753087654912,-1.0301059931975858,3
-0.4249050408872608,1.0226123335510249,6
-1.4512983629566003,-0.7630643629718993,3
-1.605017422289435,-1.3382498390372473,3
-0.594663481808459,1.1921187956322838,6
-1.1716472083761278,-0.5198444838533312,3
-1.6700109954316045,-0.902726282251522,3
-0.8584004120763364,-0.7693582352547419,3
-0.6756696643659952,-1.819075150295619,3
-0.677917220801245,0.8474064704018175,6
-0.90097697675648,-0.6707071854063064,3
-1.0996116377665144,0.8419804687886667,6
0.5924293347818602,0.6229609968057287,1
0.5149995864859561,0.43882615321381363,1
-0.4043135206354982,0.5015658158415799,6
-0.1177258809900453,0.9683230261711958,6
-0.46772955187856285,1.2835715650255042,2
-1.1066625645810693,-0.9956430356817931,3
-0.6876166219718552,-1.5704243676463614,3
-0.2669139586249559,0.7717673216488484,6
-0.048803595430891654,0.7424919564672507,2
-1.591128842648905,-1.682935846605443,3
-0.5535204515439678,0.43455737524820953,6
-1.2693700786877125,1.0114869308699255,6
-1.1619856322294402,-1.1070528815022185,3
-0.14583260646432586,0.6343793341753727,6
-1.2234122526442903,-1.5963559342811053,3
-1.1357973392595286,-1.2462305323981058,3
-1.1949450811859665,-1.9146076946064665,3
-0.5657632937616159,-1.804889830565444,3
-0.8993721800341075,-1.0583036183045156,2
-0.29797111095736467,1.1140651029442452,2
-0.05899927664716905,0.8933274342216353,6
-0.594663481808459,1.1921187956322838,6
-1.3908404764805442,-1.0712082088115609,3
-0.7644219227296571,1.361625257713543,6
-0.4249050408872608,1.0226123335510249,6
-0.594663481808459,1.1921187956322838,6
-0.594663481808459,1.1921187956322838,6
0.23769309420392518,0.8152737415335966,2
-0.7644219227296571,1.361625257713543,6
-1.5276999069890682,-0.9200548868493539,3
-0.594663481808459,1.1921187956322838,6
-0.7644219227296571,1.361625257713543,6
-1.0996116377665144,0.8419804687886667,6
-1.540549571683298,-1.145393497762569,3
-0.9298531968453164,0.6724740067074076,6
-1.1964079009229103,-1.1157975345896156,3
-0.8029192669154203,0.7639267761006279,2
-0.5274676392608502,0.6850503545608433,2
-1.677337166115361,-1.1439899938779068,3
-1.2694285374342762,-1.5670037854433436,3
-1.017434102643641,1.1864193945643353,6
-0.44116637469074516,-1.4634951839709425,2
-1.2693700786877125,1.0114869308699255,6
-0.9298531968453164,0.6724740067074076,6
-1.2693700786877125,1.0114869308699255,6
-0.9300281279595535,-1.839339529084918,2
-0.8566973060694213,-0.9698459261872733,3
0.821642483383563,0.8141756694955449,2
-0.7644219227296571,1.361625257713543,6
-1.2693700786877125,1.0114869308699255,6
1.0318665857409317,1.0849046724285065,1
-0.7640663732522274,1.3617155817088384,6
-0.6315097098380702,-0.9707026224754897,3
-1.2494981640478682,-1.748616357137104,3
-1.2205646976287372,-0.966584826321164,3
-0.29797111095736467,1.1140651029442452,2
-0.5394001551731158,-1.0220026021442536,3
0.7015211799426361,0.6702726474505387,1
1.2365108104756233,0.7725429388658472,1
-0.25514659996606265,0.8531058714697661,6
-0.7644219227296571,1.361625257713543,6
-0.9463971201186999,-0.4458620280506158,3
-0.7644219227296571,1.361625257713543,6
1.1364370899163447,0.8278848818639717,1
-1.543188067585657,-1.111016996810192,3
-0.7644219227296571,1.361625257713543,6
-1.041446365466156,-1.540455904134197,3
-1.0629388131451178,-0.6552960575363519,3
-0.594663481808459,1.1921187956322838,6
5.459286147580563,-1.1415635325896538,5
-0.10707232282981,0.8034931860679891,6
0.07241151091532397,0.7874957624864366,1
-1.271344240819125,-1.083406302807543,2
-0.63566346789978,0.8576015723057729,6
-1.507061387263554,-1.03936661138751,3
-1.2693700786877125,1.0114869308699255,6
-1.2693700786877125,1.0114869308699255,6
4.739249758230944,0.03319775150169086,5
3.6956132531023025,0.44796114813856525,5
3.7075486634797183,-0.26989550691626835,5
4.274731202172705,0.014379768533047215,5
2.285340423199286,0.988984652312157,1
1.9215058894444885,1.2180988884783246,1
2.514609533340747,0.3127432892141802,1
1.3464258045624617,0.38909816162332933,1
1.04579963761076,-1.4261857031574394,1
0.6909180279289505,1.3698120529843243,1
6.470850674877999,-2.2464670071701964,5
4.315649716853671,0.15326529891639548,5
2.481727448471959,0.48239677957360316,1
2.3427420015633835,0.4459283577385034,2
2.0570056593057804,0.6694071586869272,1
1.2377858492204976,1.5960959855405414,1
0.31475409924650405,1.311122914486776,1
0.4573092133297333,1.0325178141298725,1
0.16837140933165956,1.1308335346003797,2
0.824358912582041,0.9645451707575673,2
1.5908957018181125,0.5765302064575258,1
1.5354827035358347,0.8063678695454162,1
1.6101268334354897,0.8406235335322239,1
1.3218108389089709,0.41346737045869286,2
-0.29807940244063275,1.3783936893696778,6
-0.375589019492874,-0.41228479658357936,3
1.6223484431161705,-0.06576796731909221,1
-0.4372079756090545,-0.5774417940091984,3
-0.5843515044932299,-1.119384187441637,3
-0.46783784336183093,1.5479001514509367,6
-1.582881889420186,-1.535565026581665,3
-0.7217469782532442,-1.2423504882685283,3
-0.46783784336183093,1.5479001514509367,6
0.9246813012857269,0.8218600323757852,1
6.336910704476279,-1.2145982864135292,5
0.04167017758521384,1.0574020504295931,6
2.2648338160081964,0.530634574731952,1
2.6116538953988013,0.5649210259396213,2
-0.6156844646796286,-0.5969776646847379,3
0.08842485968383483,-1.2261182273416036,3
0.3268243547807107,0.6866166228330655,6
-0.5692396967032414,1.19857746873409,6
0.9179242295747689,1.0558174108278569,2
-0.39032979159139825,-1.1593735815164727,3
-0.05996437393964686,0.6900580824903133,6
-0.7389981376244394,1.3680839308153492,6
-0.5219678498252801,1.5341489332393603,6
-1.7009776845127305,-2.0751383829396186,3
1.8356159281063258,1.1371023782644527,1
-0.3141674440217984,-0.6007437368968241,3
0.7608066284819285,0.7838327547765537,1
0.6175310529660507,0.22789299281286773,2
0.13073132963397469,0.6861579409703517,1
0.2927117586804961,0.2841747463656154,2
-0.6279701128278047,0.8595559966867363,6
-1.2616767236157371,1.013441355250889,6
0.10721960819444952,0.7743912867551532,1
-1.530860452436709,-0.8081699973954571,2
-0.28845323098540837,0.5205430725242183,6
-0.8509217096209184,0.784269376879088,6
-0.21434596622085592,0.7537506241346802,6
-0.9649843527646431,0.9353876625628503,2
2.026982798847928,0.6051790028854996,1
-0.19195675679539181,-0.9763636220357558,2
1.3174252403871078,0.3295623306355215,1
-0.006120094097094753,-0.7679523111937799,3
-0.7118607280922952,-1.5499112769430203,3
-0.5712795230478563,-0.3782264291248029,3
0.9653839149788515,1.0301677065372423,1
0.8895312575044959,0.5888095301257803,1
0.3619173917313541,0.4347581088330063,1
1.7259777253984478,0.7765653959759943,1
1.775495123914571,1.0239663011514248,1
0.8508868135801985,0.1738955115767583,2
0.6827733416605257,0.4662790705973637,2
-0.31406276209074957,0.45944413788085076,6
-1.549096437377213,-1.133554551924958,3
0.39626079570861017,0.4904743002285526,1
0.2744091732610556,0.6824611614037814,1
0.7206062838413789,1.010410688720021,1
2.049638248512491,2.142623026742151,1
1.175918878109223,0.9573033875031661,1
0.9687171756585885,0.8777113180896549,1
-0.9948657127487547,-1.3833909579202726,3
0.0404890196078452,0.337521066820273,1
-1.1136347720429756,-1.3764938994632079,3
-1.4983351379183933,-1.0371497899468003,3
-0.7066817430544973,-0.4274472476400199,3
-1.3087141399277487,-1.9406322498961392,3
-1.16275742953142,-1.898303192531281,3
1.069785386918739,1.2907579423179643,1
0.7557800033457754,0.14123068804236213,1
1.0333038926777178,0.5095408972044491,1
-0.2687416669465846,-0.5467931995848976,3
0.7283656272343748,-0.24185827855382355,1
0.9213370394527786,0.8237156718621068,1
1.8907171451105134,0.9603055963520082,1
0.686190151196475,0.6536004317044984,1
1.8947471712181185,0.638572509497592,2
0.775301354193197,1.055460431621856,1
0.7852407493862762,0.9191582250099863,1
-1.4044441273462915,-2.485406255009966,3
-1.4137793479143423,-1.9573776641989211,3
-0.05006217858948922,0.5392370536315968,1
-0.1281337982986607,0.43210581691567207,6
-1.0908853884213536,0.8441972902293765,6
-1.242637749524881,-1.8531410650374656,3
-0.7109500273889237,-2.5762849812848243,3
-0.6279958923912461,-0.47128329741850294,3
-0.6881886505329586,-0.8243905111340357,2
0.5912976094359568,0.9697910790188927,2
-1.0908853884213536,0.8441972902293765,6
0.5936918463460559,0.5048002594893967,1
-0.2267664361235892,-1.6958456698306186,3
0.0437482491767609,0.810484861443284,1
1.0426066055528427,0.6661353189112481,2
-0.2585063942948783,0.7030179166421843,6
0.15672099942300788,-0.9822667309140009,3
0.9433146794313778,0.6122578810059438,1
-1.194719879845875,-1.0817146329126428,3
-0.3720632550576751,0.8415910724921415,6
0.39443172202651533,0.6272931721830989,2
-0.04632361198898855,0.23539402743107893,1
-0.29807940244063275,1.3783936893696778,6
-1.2948222982619773,-1.6254479279279619,3
0.02288053674994194,0.2730304603715902,1
0.3919183387012668,0.01899948799382625,1
0.4806671413018836,1.0878736707550576,1
-0.45319588306976355,-0.8804603247779084,2
-0.3547248256815385,0.640225829894979,6
0.19131159891786867,-0.7907930884713483,2
-1.2534857241935131,-1.3740520147313162,3
0.4845125401677022,1.141616452405517,1
-0.5219678498252801,1.5341489332393603,6
-1.4732863298314482,-1.3269277030621636,3
-0.7744541367730923,-1.3157826188187292,3
-1.7085176353303346,-1.7071621446290128,2
-1.8613346898180723,-1.9571656815734368,3
-1.0616206752898925,-1.3564917925609563,3
0.6149742080198082,1.4679630119712574,1
0.970793744224396,0.5441514743944613,1
0.7813801183303881,0.5711199312589916,1
-0.8842291026103863,-1.653548825470394,3
0.46519190265179305,1.096456374450798,1
0.5090075548150461,0.289041202265152,2
-1.6508876369359164,-2.224363402482404,3
-1.6696438110433858,-1.1420355694969433,3
-0.25290943423711143,0.6999044974162502,6
-0.38272673401899276,0.7721620568817222,6
0.3642558378104158,1.0772927352420272,1
0.6431781025389475,0.8006984442664246,1
-1.5271599113986234,-1.6946858117560664,3
0.9527755801780644,0.5316629297641813,1
-0.06674235631731859,0.4731421330566201,1
1.3597908872963367,-0.023728838679154388,1
-1.666899581283858,-1.5431137113639215,3
2.5883104281296285,0.721589631018848,1
1.5839678046094559,0.08090046776664331,1
-0.5219678498252801,1.5341489332393603,6
0.15850043467727004,1.3449820295542587,1
0.028583830210496385,0.8941558262842982,1
0.1946277106589462,0.925198136952358,1
1.9982972337038956,0.9867479154321537,2
0.21632252988823336,0.7138392253666614,1
-1.2902285799901196,-1.6282329163838731,3
-0.46783784336183093,1.5479001514509367,6
-0.8652588963169219,-1.1909857088403684,3
-0.41185162473656123,0.16617144190434052,6
-1.2606438293425517,1.0137037523106354,6
0.07501064942222198,1.0676995806449232,1
1.679427302694767,0.9536888451029752,1
-0.34798063039379057,0.8278821304055117,6
-1.0423916656743444,-1.3130202408841782,3
-0.5064111086056208,0.792691039381627,6
-1.8176929285835668,-1.382977244756615,3
-0.41288451900974665,0.16590904484459412,6
-1.9165209576872007,-1.5274539327356693,3
-0.5167759389490783,-1.605195115290318,3
-1.0908853884213536,0.8441972902293765,6
-0.2898112949167448,0.7957663488779224,6
-0.3350046497425348,0.7455891256469784,6
-0.09940575281999323,-0.834941371833434,3
0.3158055686492506,-1.4686246350488947,3
0.6064475065186259,0.46885384824963644,1
-0.9140806624022171,-2.181966020722287,3
-0.09921401657909014,0.4160157683697433,1
-0.19053328000479658,-0.5151001041955481,3
-0.1711454725107367,1.4698464587628979,2
1.6900954652192455,0.2979639750832935,1
-1.3560115762770266,-0.8309467694162394,2
-1.5123074219344064,-0.954508479960121,3
-1.5418604168019678,-1.4882544312074124,3
0.3549522685684164,1.0142480243613952,1
0.7619935822701619,0.9122038426933822,1
0.1489836018375997,-0.8541130283580661,3
-0.683991320109584,0.5409368921954135,6
1.2067661168672532,1.0158254881693078,1
-0.8004155494913924,-1.365300305344097,2
1.0972290525384354,1.2755656281103478,1
-0.31394915473268287,0.733868574984279,6
-1.5688230067519808,-0.9238418259233596,3
0.28462984398159796,0.32606193816440693,1
0.01024286312667689,0.7236318722488141,2
-0.8172246741044982,-2.837875027658338,3
0.8019047954558709,0.5131675318625961,1
-1.3142101407394349,-2.5362520640941075,3
1.796320422270723,1.0124588156806005,1
-0.5852974592971656,-0.7695392525147524,3
1.4379541878072184,0.5376016333162902,1
-1.097523755730938,-2.2834424013226977,3
1.0985712020765155,0.8119868447015987,2
-0.7524014008521429,0.5049219690071121,6
-0.272547325852147,1.1205237760460514,2
0.38037349483523414,1.0222447482685488,1
0.38004007420475033,0.3492557806506902,1
3.9483381869554512,-0.24124785443423385,5
0.2771076596952177,1.0575895574945302,1
0.6687649992237007,1.3137856792302958,1
0.23632798638997496,1.101402394088439,1
-1.8974315413232625,-1.8056717828432092,3
-1.8304737299744775,-1.7265321551960005,3
-1.0893301585867887,-1.6144876298300967,3
-1.971663443319409,-1.2971285823930399,3
-1.7170110680922004,-1.3143836703333738,3
0.6928416015765525,1.3004255757876801,1
-0.6606708346254463,0.5279407420241296,6
-0.29807940244063275,1.3783936893696778,6
-1.050665230325692,-1.2382351344672715,3
-0.5122218966289664,0.596466505369104,6
-1.4043804332933933,-1.6689472881150083,2
1.2990734318328747,0.16341089999789235,1
1.5926297610939522,0.376436955502573,1
1.0000896462275801,0.6295906873093393,1
0.041437479401763413,1.0393807652071596,6
-0.7389981376244394,1.3680839308153492,6
0.2129459624804026,-1.29517659534157,3
1.4622063783167663,0.272339932629173,1
-1.2920791044120876,-1.0989659134037737,3
-0.7694756146435311,-1.6149152002997886,3
-0.46783784336183093,1.5479001514509367,6
0.3725048441656504,1.0796043110363447,1
-0.20037708511305088,0.7468138489329206,6
-0.35220940890408187,1.3646424711581013,6
-0.2399682489459662,0.4561660588357469,2
1.6035964636603146,0.19421671391944847,1
-1.618856790410404,-3.1158269516176573,3
-0.832978302947617,0.7742643564767696,6
0.8170596512018263,1.1561921573208314,1
-1.6143907078042365,-1.7637144860173848,3
1.1346062545240438,0.6617567813768553,1
0.2907483403306646,-1.0080789906428322,3
-0.21442623479874703,-1.7780811633794142,3
-1.5915635295315682,-1.934565458807804,3
-0.7513289940721188,-1.2073379275102925,3
1.0484545325701564,0.22407328035063037,1
1.0623174770900714,0.5949787969818485,1
1.975223847676557,0.638827696120178,1
-0.17155644218418614,0.9294207881727907,6
-1.5667940036583337,-1.55123733548087,3
-0.9797864349701975,-1.4759831292449497,3
-0.07397355567917026,0.9502478138512975,1
-0.14913252464187873,-1.8624730942377523,3
-1.5597885080258729,-0.7292887847320004,3
-0.13949622108214163,0.7881256855469603,6
0.11674075009018328,0.09588757261643964,1
0.8707295646968998,0.27678109346820995,1
-0.6861108491027219,-0.9129078122495459,3
1.4934098810140919,-0.3421396028881353,1
-1.325986470044994,-1.0591204587754373,3
0.44828805088018325,-0.03940775151587933,1
0.21733801390417898,0.36430192621190205,1
-1.091918282694539,0.8439348931696301,6
-1.1363675758050442,-1.1150932557410154,3
0.8122953968663407,-1.372610388734784,3
0.4148021661499941,1.0561142214627828,1
-0.6244345766490613,0.5966371354600787,2
-0.08730850749672973,0.6080257302571385,6
-1.657794382366605,-0.8996227667886773,3
-0.8327829420665244,-1.3965517898889734,2
1.9042892556279605,0.753745469542767,1
0.9349917930233499,0.43953165236012054,1
-1.488035941445407,-1.0691292288699363,3
-0.8905281024600885,0.6144910407289924,6
-1.116314900609904,-2.3973012261782443,3
1.7962356730708318,0.5616845826236055,1
-0.10277487960752693,0.5792694863000849,2
0.2622764220258401,0.4137257397797093,1
0.55967262952902,0.8448609042151387,1
0.10734921877401955,1.2270960195757892,1
-0.32315608069835405,0.615672069130209,6
3.369578494749593,0.741219823429363,5
-0.4175162372136635,0.6673766071826801,6
1.6346499250699167,1.3009192621891053,1
-0.08648295470531081,0.8067835191994859,6
0.9655975199198553,0.950101497118451,1
-0.5909292590923249,0.6394168969562306,6
-0.9211269475001557,0.6746908281481174,6
-0.43247976623393886,-1.7810661631533562,3
0.14327852969184152,0.4797866262170823,1
0.6542832713924877,-1.2096075192699884,3
-0.4083252976742783,0.3886321543475746,6
-0.15479199532662816,-1.008847498750378,3
1.299577345305029,0.41501032358288165,1
-1.3227081404425776,-2.598847812181939,3
-0.8313245299186642,-1.9531815871378484,3
1.2435011689818969,0.7998550812959756,2
0.30792062295377176,-1.471441557602139,3
1.652417738439297,0.3433731689301783,1
0.6787474011647435,0.9584923221305658,1
-0.42579249506594047,0.9473010514794029,6
1.3709316615043194,0.9729906161653736,1
-0.710028805700514,0.5554495348383585,6
-1.7006188933579072,-0.6386635353141982,2
6.386358911391683,-1.2633213060653141,5
1.9529655822136485,1.1727640746608576,1
1.6753192551183418,0.28703231597726875,1
3.069964408085645,0.3210916216464138,1
-1.129812489775096,-1.6633623099282624,3
2.1020685129178154,1.204188473655397,2
-0.9729571187702272,-1.2053237042698965,3
0.16837140933165956,1.1308335346003797,2
-0.5946233764047018,-0.6210918080861346,3
-0.267838667720767,0.4337059975782683,6
-1.0410530645057003,-0.9585531278029463,3
-1.2616767236157371,1.013441355250889,6
0.18102862191798597,0.7334203623414546,1
0.9293347117525423,0.9630325465320875,1
1.1566111462390678,-1.6865285113875501,3
0.9111926821641941,0.8293448640687859,1
0.3287391428147033,-0.8783303513729891,3
-0.46783784336183093,1.5479001514509367,6
-1.5949412762709594,-1.781523896402657,3
2.1484785025319537,-0.1832906007842378,1
0.4807535438930751,0.8692117942237791,1
1.150713777434046,1.1704444708507467,1
-0.5849062530656007,-1.3934935884481772,3
1.439214304413508,0.9351863802718998,1
1.8320341570281669,0.566673137825309,1
1.2567652916350427,1.3864275056346644,1
-0.29807940244063275,1.3783936893696778,6
0.08284088462560622,-0.742092423424842,3
-0.46783784336183093,1.5479001514509367,6
0.710700849263496,1.0842134599063191,1
1.0098880273911013,1.2484992951042209,1
-0.37351352418490125,-1.0747229648949135,2
0.43035538422726144,1.0699303675438503,1
0.11278726127458007,0.7793144334596666,1
-0.3114557541920768,-2.49280368389075,3
-1.196782659898628,0.5856109215366841,6
1.0922794584881688,1.278305449908504,1
-1.089757232231664,-1.065306848950512,3
-1.4379146620840981,-1.3452731922213457,3
3.0318400892653825,0.2072504804101463,5
2.9050914989536807,0.24869798440565005,1
0.8538057727541324,0.8612000018396951,1
-0.7052065262070891,-0.9463544525606066,2
-0.46783784336183093,1.5479001514509367,6
-1.3594110605016614,-0.8410011160183852,3
-1.0908853884213536,0.8441972902293765,6
-0.7805296735240788,-0.8602967783388055,3
1.9142899626483292,0.08546046334402117,2
-0.12832096151943467,1.2088872272884186,6
0.6878198937331077,1.0286117689314933,1
-0.6376171264327154,-1.451271008080045,2
0.02795070390450962,-0.6248468922729363,2
-0.272547325852147,1.1205237760460514,2
-0.21852698243292984,-0.4995596043990553,3
0.13296406346435072,0.5233750324915363,2
2.761280771281018,-0.46430153815534664,1
-0.9853419430180237,0.667310500953555,6
-0.9723834036447155,-0.5228264927905601,3
-0.5169328774636318,0.5240677960030659,6
-0.0013870315895386084,1.300339996681639,2
-1.4376108850843219,0.6451844417842031,6
-0.46783784336183093,1.5479001514509367,6
0.16837140933165956,1.1308335346003797,2
-0.8836815393542338,-1.2834884380154805,3
1.281732163351088,0.17216334433168973,1
0.5581742657452078,1.100644656241794,1
-0.46783784336183093,1.5479001514509367,6
-0.0013870315895386084,1.300339996681639,2
-0.29807940244063275,1.3783936893696778,6
-0.46783784336183093,1.5479001514509367,6
-0.29807940244063275,1.3783936893696778,6
-0.29807940244063275,1.3783936893696778,6
-0.46783784336183093,1.5479001514509367,6
-1.0487216632186787,-1.5839439041513517,3
-1.2340755623115633,-0.9857523949508625,3
0.2375116367908937,0.9022219455142485,1
-1.7625592501456337,-1.1656398614931434,3
-0.12832096151943467,1.2088872272884186,6
-1.2639400167503931,-0.715467740123141,3
-0.7785459932443821,-1.4102729453409644,3
-1.5915789352493983,-1.929767504553111,3
-0.12832096151943467,1.2088872272884186,6
-0.32444639236524603,-0.6280643966875454,2
-0.5442814607579209,-0.8672991039907443,3
0.639956847896041,1.3297755173119754,1
-0.4649700923302323,-0.36255461350685747,3
-0.9932298342916247,-0.6668520111087226,3
-0.46783784336183093,1.5479001514509367,6
-0.46783784336183093,1.5479001514509367,6
-0.29807940244063275,1.3783936893696778,6
-0.29807940244063275,1.3783936893696778,6
-1.0994689143235576,-0.45194419081791104,3
-1.3900300671046748,-0.8987952468132594,3
-0.6279958923912461,-0.47128329741850294,3
-0.3297524360560616,0.8930152514937094,6
-1.0393621526044403,-1.7136892135481208,3
-0.36576483097014156,0.6393923066385775,6
-1.95079447212545,-1.2663063471586027,3
0.16837140933165956,1.1308335346003797,2
-0.46783784336183093,1.5479001514509367,6
-0.12832096151943467,1.2088872272884186,6
-0.46783784336183093,1.5479001514509367,6
-0.46783784336183093,1.5479001514509367,6
0.3153191557324296,-1.0217195291653118,3
0.038408436516723245,0.46282325432625754,1
-1.10235858660095,-1.6084055777647412,3
-1.0936268272568241,-0.6108648011978598,3
-0.9238683863356262,-0.7803712632791189,3
-0.41599963585036287,-0.4647906162674469,3
-1.1324582626359512,-1.8613482498567488,3
-1.091918282694539,0.8439348931696301,6
-0.5142328791883858,0.37143043011415455,6
-1.1274180834477934,-0.9692938188504,3
-0.35220940890408187,1.3646424711581013,6
-1.5010441550742466,-1.5096629514033644,3
-1.8633396671848097,-1.1587842610420573,3
1.4384825199411437,0.6608953813969425,1
-0.41288451900974665,0.16590904484459412,6
-1.778944365488528,-1.2806729532553467,3
-0.1711454725107367,1.4698464587628979,2
0.5858355328261474,0.878971850442706,1
1.0624845138192098,0.8138026967413711,1
2.831386128469463,0.04552204186883572,2
1.1591428175125469,0.5611176063506816,1
1.2856545870418823,0.4271703792290051,1
0.854343488969151,1.2038175489232488,1
0.19426593266191833,0.8014644593231461,1
-1.2202716261834765,-1.0683017088945186,3
-1.427370577658984,-0.8678563420931199,3
-1.3202497000289977,-1.6112832648195794,3
-0.9649843527646431,0.9353876625628503,2
-1.530860452436709,-0.8081699973954571,2
-1.8275528232878033,-0.7301163047074183,3
-1.7006188933579072,-0.6386635353141982,2
-0.35220940890408187,1.3646424711581013,6
-1.091918282694539,0.8439348931696301,6
-0.12926942131335292,0.507027528901532,1
-1.3044788776104228,-1.0987430934126445,3
-0.272547325852147,1.1205237760460514,2
-0.7226611763030771,0.6379047855118111,6
-1.6686109167702003,-1.141773172437197,3
-1.3296095912703805,-1.2069186490878057,3
-0.272547325852147,1.1205237760460514,2
-0.6874779205679444,-0.6444330665995468,3
-1.657794382366605,-0.8996227667886773,3
-0.7389981376244394,1.3680839308153492,6
-1.091918282694539,0.8439348931696301,6
-1.4258745778513828,-0.7566056898700931,3
-1.2239392618792737,0.4868337099790471,6
-0.9221598417733411,0.674428431088371,6
-0.1770832018774389,0.7330155579399468,6
-0.4046847885462441,1.0277490981738449,6
-0.8459110725074297,-1.7407917032392455,3
-0.9667728771310369,-1.430056376854066,3
-1.016000409518855,-2.275708278089269,3
-0.44632203140388227,0.409809761813046,6
-1.657794382366605,-0.8996227667886773,3
3.0452434253490392,0.6452532528930592,1
-1.6686109167702003,-1.141773172437197,3
-1.7450311661235494,-1.2987534745320943,3
-0.33839471223245227,-0.8198533101257809,2
1.0752884971880963,0.4946093822654346,2
-1.0560269583512802,-1.7112352568216636,3
0.4160019729124395,1.013141570989719,2
-0.977939167936869,-0.6753766241977338,3
-1.8867695090133985,-1.1448772082521148,3
-0.7234909388114146,-0.8920835945655037,3
-0.39948125578204313,1.029071006652831,6
-0.5692396967032414,1.19857746873409,6
1.4270862015846224,1.0102947412920409,1
1.0156022100156024,0.36589087599769626,1
0.35572760413588245,0.6080775820976998,1
-0.5219678498252801,1.5341489332393603,6
-0.22559791753037875,1.0816981599729463,6
0.6247371966706755,1.4065229357530955,1
0.704486123995169,0.9638587842772999,1
0.6668933006689908,0.5219771738005226,2
-1.488035941445407,-1.0691292288699363,3
-0.43395193738858273,0.4020765769708293,6
-0.5692396967032414,1.19857746873409,6
-0.39948125578204313,1.029071006652831,6
-1.2606438293425517,1.0137037523106354,6
-1.0908853884213536,0.8441972902293765,6
-1.5603432565982438,-1.0033981857385408,3
-0.7389981376244394,1.3680839308153492,6
-1.2616767236157371,1.013441355250889,6
-0.5544936039230797,1.0181598329989914,6
-0.031122276445769412,0.9734147045068321,1
0.8050887316384819,1.1190439916876616,1
-0.7837210998134607,-0.9773042646498249,3
-0.8805942576150415,-0.46191001078188737,3
-1.5918686013556482,-1.659443556503705,3
-1.643625513483151,-1.4315555970901477,3
-1.3927973261143,-2.169330910573774,3
-1.2616767236157371,1.013441355250889,6
-0.39948125578204313,1.029071006652831,6
-1.2616767236157371,1.013441355250889,6
-0.39948125578204313,1.029071006652831,6
-0.39948125578204313,1.029071006652831,6
-0.7389981376244394,1.3680839308153492,6
-1.3740784514721658,-1.6305831675937767,3
-0.272547325852147,1.1205237760460514,2
-0.5219678498252801,1.5341489332393603,6
-0.18245096798288374,1.1951360090768421,6
-0.39948125578204313,1.029071006652831,6
-1.091918282694539,0.8439348931696301,6
-1.091918282694539,0.8439348931696301,6
-1.2616767236157371,1.013441355250889,6
-0.7524014008521429,0.5049219690071121,6
-1.091918282694539,0.8439348931696301,6
-0.5219678498252801,1.5341489332393603,6
-0.39948125578204313,1.029071006652831,6
-1.2616767236157371,1.013441355250889,6
-1.2616767236157371,1.013441355250889,6
-0.9221598417733411,0.674428431088371,6
-1.2616767236157371,1.013441355250889,6
-1.091918282694539,0.8439348931696301,6
-1.0933376962535806,-0.9768489395012983,2
0.5400332814116041,0.3835947848686004,1
-1.091918282694539,0.8439348931696301,6
-1.4398054266199523,-1.347571696302938,3
-1.1951409125235197,-0.9601261532193579,3
-1.1129199151614957,-1.1180661344633003,3
-1.372780679345653,-1.183387160170478,3
0.3617952658457301,0.9662908768749217,2
-0.272547325852147,1.1205237760460514,2
-0.4423057667733452,1.2900302381273103,2
-0.8915256544510013,-1.0046909961852009,3
-1.4083702014308936,-0.9659720488627731,3
-1.4998853701221875,-1.3115420315782023,3
0.4720603924479564,1.104679466777403,1
-1.6935812262636116,-1.3282907231233163,3
-1.4376108850843219,0.6451844417842031,6
-1.5428388801777546,-1.2127645447312208,3
-0.7860900766714746,-1.0634806241671044,3
-1.189582039331802,-0.6887994991715486,3
-1.9973112642090014,-0.5606098426261593,3
-0.5692396967032414,1.19857746873409,6
-1.0612840953721994,-0.8351845341039419,3
-1.2616767236157371,1.013441355250889,6
-1.2616767236157371,1.013441355250889,6
-1.4181062810986662,-0.8831343856643057,3
-0.10278888493094894,0.9510173139647925,2
-0.7389981376244394,1.3680839308153492,6
-0.9221598417733411,0.674428431088371,6
-1.1354372691254744,-1.427905841135885,2
-0.6254674709222467,0.5963747384003323,2
-2.0438847460207414,-1.3331132129249637,3
-1.4998853701221875,-1.3115420315782023,3
-1.483458870466536,-1.1236874546971634,3
-1.4993680321915788,-1.0374121870065467,3
-1.091918282694539,0.8439348931696301,6
-1.5597885080258729,-0.7292887847320004,3
-1.5274255408646893,-1.0217615476401511,3
0.24182157060048015,0.6244107359971403,1
-0.12832096151943467,1.2088872272884186,6
-1.0908853884213536,0.8441972902293765,6
0.019963651357276378,0.07437130253319776,1
1.3233463984203022,0.6010000624978886,1
-1.7301016975194419,-0.8338917236572817,3
-1.6527039471281209,-0.7528930767282005,3
-1.1522526068486256,-1.5427038318992512,2
-1.3447030808283928,-1.9966486381607362,3
-0.8579825241233732,-1.4954307480531108,3
-1.2678524441631238,0.475677979702944,6
0.33658117971221735,1.2239870198950604,1
-0.5692396967032414,1.19857746873409,6
-0.09512020838049166,0.6123753061475145,6
-0.4133436546245354,-1.0590916191551492,3
-1.3387376166008913,-1.4014205813663734,3
2.5960259144840965,0.9689680665462923,1
2.012123347928997,1.6895175079520248,1
0.30040173307506607,1.2441476863175167,1
0.881897013316298,1.3195271691405157,1
-0.48903848993505744,-0.6985188817881168,3
0.5613556253800029,1.1740851129874859,1
-0.238617434364887,-0.5635544189527835,3
-0.561569464685344,-1.2941141224751818,2
-0.46783784336183093,1.5479001514509367,6
-0.46783784336183093,1.5479001514509367,6
-0.4341294128036753,-0.6542147418792407,3
-0.29807940244063275,1.3783936893696778,6
-1.0198759544200084,-1.5250724667768356,3
-0.7559733387247214,-0.8739831544566903,3
0.6330733231865491,1.0905304055489011,1
-0.5692396967032414,1.19857746873409,6
-0.5692396967032414,1.19857746873409,6
-0.5692396967032414,1.19857746873409,6
-0.10278888493094894,0.9510173139647925,2
-0.7389981376244394,1.3680839308153492,6
-0.9764649823497121,-0.682892272832784,3
-0.8363161658718682,-0.9479680824230006,3
-1.3301372561694629,-1.2840289190617307,3
-1.091918282694539,0.8439348931696301,6
-1.091918282694539,0.8439348931696301,6
-1.5370162878081657,-0.8174048997280746,3
-1.7180439623653858,-1.3146460673931202,3
-1.7784644381996801,-1.0065226651185741,3
5.032619852262485,-0.9247738571398522,5
2.732310620152423,0.03170067972740974,2
1.4605217479138606,1.2737346250530297,1
2.5094633394123633,0.06898486387959968,1
1.4785241865325591,0.45051411535169783,2
1.7147861746480502,0.5836567820930072,1
0.7789074161778688,-1.553302544995364,3
-0.9570198749795171,-0.8865821417402248,3
-0.4762971396734525,-1.1047217760084962,3
-0.29807940244063275,1.3783936893696778,6
-1.3658974878460772,-0.9329878084492588,3
-1.0163128395370538,-1.4024332981239516,3
-1.5226484667946985,-1.843586211030629,3
-0.3988770768463285,-2.4673343598813364,3
1.104621519548827,1.2714737138166272,1
-0.5933249103269344,-1.0768856369596662,2
-1.4216407225175351,-1.0267156217777202,3
-0.4582374514700479,-0.6407897594997619,3
0.01377200908428135,-0.9783793154966712,3
-0.46783784336183093,1.5479001514509367,6
-0.29807940244063275,1.3783936893696778,6
-0.4260579097221895,-0.7830073874152464,3
-0.46783784336183093,1.5479001514509367,6
-0.12832096151943467,1.2088872272884186,6
-1.203482130274337,-1.0236115859628026,3
-0.6710420658701292,-0.7217616124059835,3
-0.9636723974128812,-0.6833297502576342,3
-0.46783784336183093,1.5479001514509367,6
-0.46783784336183093,1.5479001514509367,6
-0.29807940244063275,1.3783936893696778,6
0.5050277197049428,-0.9758840118370573,3
-0.46783784336183093,1.5479001514509367,6
-0.46783784336183093,1.5479001514509367,6
0.9104364997979166,1.0490294362509154,1
0.7286114515627209,1.5481847939652682,1
-1.1369579364171327,-1.1921505489390531,3
-0.35220940890408187,1.3646424711581013,6
-0.7389981376244394,1.3680839308153492,6
-0.7389981376244394,1.3680839308153492,6
-0.8463796152596038,-0.7554287743704654,3
-1.2984658791532246,-1.3016878645197592,3
2.0844920649570384,0.0497959321911768,1
0.2282349748458438,-2.1482523583886266,3
-1.2561161369301845,-0.9261121519513521,3
-0.7389981376244394,1.3680839308153492,6
-0.5692396967032414,1.19857746873409,6
-0.35220940890408187,1.3646424711581013,6
-0.5692396967032414,1.19857746873409,6
-0.39948125578204313,1.029071006652831,6
-0.5692396967032414,1.19857746873409,6
-0.5692396967032414,1.19857746873409,6
-0.5692396967032414,1.19857746873409,6
-0.5219678498252801,1.5341489332393603,6
-0.35220940890408187,1.3646424711581013,6
-0.7389981376244394,1.3680839308153492,6
-0.18245096798288374,1.1951360090768421,6
-1.4742373185316209,-0.9292366313313853,3
-0.5219678498252801,1.5341489332393603,6
-1.3403992067011823,-0.8042847904334116,3
-1.1951409125235197,-0.9601261532193579,3
-0.35220940890408187,1.3646424711581013,6
-0.5692396967032414,1.19857746873409,6
-0.5692396967032414,1.19857746873409,6
-0.5692396967032414,1.19857746873409,6
-0.7389981376244394,1.3680839308153492,6
-0.39948125578204313,1.029071006652831,6
-0.7508092640612536,-2.004871635968072,3
0.4080533198767568,1.0814499293384137,1
-0.33780261121001054,0.822500073536253,6
0.8014423025196812,0.23872051520140028,1
-0.9211269475001557,0.6746908281481174,6
-1.2208263747558477,-1.3424111099010587,3
0.3326990737570646,1.1232070793824158,1
-0.9221598417733411,0.674428431088371,6
-0.5968192211390245,0.8422000488425181,6
-1.0989794695607,-1.335736470668846,3
-1.4738349911748578,-1.0508148892421125,3
-0.14096534525924215,0.513524694648267,1
-0.16882151394348907,0.25445718478905244,6
-0.7608343219285342,0.7340476462728728,6
-0.6513280089537038,0.8725725904231366,6
0.4160119606935444,0.25310984544962767,1
0.16090597348188268,0.7445873685144729,1
-0.7524014008521429,0.5049219690071121,6
-1.091918282694539,0.8439348931696301,6
-0.08360144527502388,0.756268001939404,1
-1.557600599983506,-1.6785522439273661,3
-1.2616767236157371,1.013441355250889,6
-1.2616767236157371,1.013441355250889,6
-1.0771665997135826,0.4797177991072184,6
0.5913039656020952,0.1559125091825927,1
-1.4998853701221875,-1.3115420315782023,3
-1.2616767236157371,1.013441355250889,6
-1.0908853884213536,0.8441972902293765,6
-0.6467082141187709,0.5955520095485864,6
-1.5014184787106792,-0.9614153982772776,3
-1.091918282694539,0.8439348931696301,6
-1.091918282694539,0.8439348931696301,6
-0.7524014008521429,0.5049219690071121,6
-1.2616767236157371,1.013441355250889,6
-0.29188196060073823,0.24800425051449929,6
-1.2616767236157371,1.013441355250889,6
-0.037269475725471984,0.305498145414375,1
-1.9973112642090014,-0.5606098426261593,3
-0.7724359249577936,0.7413518981930938,6
-1.091918282694539,0.8439348931696301,6
-1.0908853884213536,0.8441972902293765,6
-1.0908853884213536,0.8441972902293765,6
-1.657794382366605,-0.8996227667886773,3
-1.8275528232878033,-0.7301163047074183,3
-1.8275528232878033,-0.7301163047074183,3
-1.2616767236157371,1.013441355250889,6
-1.091918282694539,0.8439348931696301,6
1.1894571566627212,1.3700206511660147,1
0.8739512082185072,0.9937100996033629,1
0.4350990306466529,0.5925884347471165,1
-0.981201428126555,-1.125709772822884,3
-1.6270516849052092,-1.232976828316591,3
-0.11992983775193854,0.7960836455828907,2
-0.18245096798288374,1.1951360090768421,6
-1.9147211632131715,-1.9955419597071142,3
-0.8857328045928587,0.8033061874524635,6
-1.5084960575220896,-1.2319141192851144,3
0.8980678363540104,1.182319866158189,1
-0.04444082862195556,0.9058400689778134,6
0.014959603570029132,0.6262793790167642,1
-0.3516221499385545,0.8005740065396076,2
-1.9016930943198915,-0.748950942126427,3
-1.9973112642090014,-0.5606098426261593,3
-0.9639514584914577,0.9356500596225967,2
2.1387085256842058,0.6242947670687344,1
-1.365572890824954,-2.109231429507004,3
-1.091918282694539,0.8439348931696301,6
-0.8470560831135165,-1.1141333319364228,2
-1.4758844576474406,-0.7760803315784973,3
-1.2616767236157371,1.013441355250889,6
-1.091918282694539,0.8439348931696301,6
-1.4389475563572838,-1.345535589281092,3
-1.2616767236157371,1.013441355250889,6
-2.016897866051781,-1.6719054581385726,3
-0.8644040194361158,-1.104470320409289,2
-0.03843456530222691,0.6559340084037167,1
0.8247726234284414,0.47169347196612504,1
-0.8397070120725767,-0.6842056198368371,3
1.50242811600822,0.7010665996283494,1
-1.2616767236157371,1.013441355250889,6
-1.091918282694539,0.8439348931696301,6
8.821052739673894,-3.675970040773267,4
2.041427554921411,0.30223867559685047,1
14.574922568517339,-5.176425415856443,4
3.962396798161185,0.27358376247155447,5
1.6948979681052525,1.0038424158822876,1
2.05054616851439,1.1297674057917322,1
-0.018575089031835555,-0.7503292063425933,3
1.4064235025839082,0.9642712740830088,1
-0.21781241841184762,-0.16557702722474513,3
-0.37552097826435854,-0.47675627245336166,3
-0.7578092532457691,-1.0121539772315544,3
-0.867109807690911,-1.150791360989957,3
5.628472680095626,-1.4794078331273002,5
2.930676175081977,0.2075771634987096,1
-0.16182593785214672,1.2003756036839408,6
0.1677393136667584,-0.8916255861933917,3
0.9877953006163118,0.6772986546588566,2
1.4875327262205305,1.1261243066171864,1
-0.8796296076189275,-1.953492421345027,3
0.16969082204753264,0.7898460861018365,1
-1.0494198065669271,-1.8851856815356791,3
0.15629673788329132,-0.9979059085056348,2
-0.8036611141027933,-2.1619063646440915,3
2.305265373322554,1.7583485725987804,1
0.3581328463723418,0.6822200392982963,2
1.6183159587296514,0.48655841614927886,1
0.9471128304670042,1.2535049843351493,1
1.825716943270719,0.8393604615302508,2
0.6390766837886479,1.1863781963355209,1
1.0822971001059896,0.944556633153908,1
0.43349892928839245,-0.6296880348617888,3
1.8845364312104664,0.538577908268551,1
-1.2851428797413689,-1.6023647078484886,3
0.0262302100829171,-0.3764270345113171,3
0.5418522012469849,0.8383451111114505,1
1.7569775941230297,0.45531213672398957,1
0.19556434097392417,0.2798398637199532,1
0.07389017211470418,-0.7049222336524081,3
4.5985974043223985,-0.47535004701227995,5
1.2402521156188464,1.418965884295131,1
0.7837279059979031,0.9728255683806024,2
-1.2749600197575934,1.0100668590010318,6
-1.4639955097560056,-1.4277915381130166,3
-0.5348686476152835,-0.8247875550563045,3
-0.10239295594248982,0.875973952737018,6
-1.1052015788363954,0.8405603969197729,6
0.011200600743438361,0.9379515082749285,1
1.3998879878025283,0.6176940226001183,1
-1.3941518651296754,-0.7485468335462183,3
1.730456098275016,1.3068635629703182,1
2.4753615279688472,0.3454523078246953,1
-0.1919982285379837,1.7289051093936771,6
-0.4485131591158083,-2.62813430415832,3
2.7963934473774783,0.4812605751379885,2
1.0857697593958926,1.0181303902062815,1
-0.04385940940246438,-2.48117984372985,3
-1.0162684201940648,-0.8719512018574812,3
-0.1919982285379837,1.7289051093936771,6
0.44421102415550684,1.3118384925431203,2
-0.5400678613922693,-0.3851205605859153,3
0.10469414231311054,1.6508514167056383,2
-0.2529080104078684,-0.6949516423102707,3
-0.4686518087514466,-0.2253669000573893,3
-0.1919982285379837,1.7289051093936771,6
-0.3315843787733448,1.3698820657652,6
-0.1919982285379837,1.7289051093936771,6
-0.00202405824076269,-0.19857084267190522,2
-0.6422454344694928,-0.3281623126792665,3
0.17252324391088014,-0.6570894815309791,3
0.8996068289106224,0.9706514689082346,1
0.15096626928331364,-0.5208794549859377,3
-0.02223978761678562,1.5593986473124182,6
-0.1919982285379837,1.7289051093936771,6
-0.02223978761678562,1.5593986473124182,6
-1.2195762567909638,-1.2414384596471704,3
3.2354063747015953,-0.12156152719114474,5
-1.190912616984774,-1.3584174017755044,3
0.7465241315398771,0.319016920096502,1
-0.501342819694543,1.539388527846459,6
-1.127686552161907,-0.8934858258088777,3
-1.1606459538314318,-1.0730584730012984,3
-0.3315843787733448,1.3698820657652,6
-1.2749600197575934,1.0100668590010318,6
-0.24299210567927934,0.4844422206570073,6
-0.6005579742767181,0.8335085730140819,6
-0.7350355442336383,1.3690905903367636,6
-0.8442517500584013,-0.7308717353325628,3
-0.012718115900248078,0.9138989253016883,6
-0.9066185047192028,-0.556377955519911,2
0.3112752206244569,0.35910401465167,6
-0.3315843787733448,1.3698820657652,6
-0.39551866239124195,1.0300776661742455,6
-0.8085092079853012,0.7625067042317341,2
-0.9354431379151974,0.6710539348385138,6
0.20652511984463845,1.7284447193159171,6
-0.41058305405163775,1.2980890944511851,2
0.24942614563402637,1.7393433207695987,6
-0.978355173553131,-1.6200153965820219,3
0.14751865330441255,1.3898921852311592,6
4.376810956877531,-0.6660221590124404,5
3.075566600406814,0.776123424863846,1
1.9816869174686935,1.5120995230413357,1
-0.9573733626683382,-0.7888828868835966,3
0.890274440409532,0.889232309371153,1
0.8201014466809736,0.849964555033192,1
0.10770779451275023,0.9864586906544855,2
0.8358030355701859,1.118685794666996,1
-1.2749600197575934,1.0100668590010318,6
-0.5810386916650546,0.5481705377704724,6
-0.026830738625043603,-0.9526909613534607,3
-0.83800108977167,-1.0087909684675358,3
1.4245444416879987,0.8787986864135164,2
-0.5652771033124401,1.1995841282555044,6
-0.801677282917633,-0.6761205399395064,3
-0.9354431379151974,0.6710539348385138,6
1.0791726032664608,1.3175634635707936,1
0.029362807953395218,-1.089358677898855,3
-0.9328545106039219,-0.8025582079614674,3
-0.45085250716073677,-0.7843579582020018,2
0.5644244732529615,-1.2623470485979993,3
0.42885697305031284,1.2205418379476776,1
-0.9854495766623294,-0.7732220257346429,3
0.5912927956223439,1.2545107911938829,1
-0.5699853248102538,-0.706659190027882,3
-1.1424974728186392,-1.2844138997417485,3
-0.4824183600754344,-0.6681956869130832,2
-0.43834317338254397,1.2910368976487248,2
-0.6122414916715824,-0.8565998223459795,3
-0.501342819694543,1.539388527846459,6
-0.3808015776481216,0.5612368824979667,6
-0.774927274491851,-1.1650621674938484,2
0.8407100243130935,1.1913622892680766,1
-1.6361264758743546,-0.8970939272941091,3
-1.1052015788363954,0.8405603969197729,6
-1.4098542493065254,-1.236353374084517,3
-0.2746400527035362,-0.7853987309748524,3
-1.1052015788363954,0.8405603969197729,6
0.24942614563402637,1.7393433207695987,6
-1.2749600197575934,1.0100668590010318,6
-1.077676187688086,-1.5200596692781436,3
-0.9941770968112229,-1.3957036035483978,3
-0.6623006380048964,-0.6552467707509787,3
-0.165338386026754,-0.5370579750741633,3
-0.5624513374230218,-0.9892509365646198,3
-0.39551866239124195,1.0300776661742455,6
-0.7350355442336383,1.3690905903367636,6
-0.5216500739166041,-1.0978072596982307,2
-0.7350355442336383,1.3690905903367636,6
-0.39690639561434526,1.2978223715825807,6
-0.39690639561434526,1.2978223715825807,6
-0.2685847324613458,1.1215304355674658,2
-0.7350355442336383,1.3690905903367636,6
-1.204088096194375,-1.0504763496863325,3
0.4532735422147487,0.18254535576795075,1
-0.39551866239124195,1.0300776661742455,6
0.20652511984463845,1.7284447193159171,6
-0.6965639102662412,-0.5724987201575181,2
-1.1486342997475032,-1.3934647067142343,3
-1.2335549223253328,-1.0716762051443758,3
-0.7628803213146765,-2.518755360601276,3
-1.0137715505639482,-1.194200213050479,3
-1.1052015788363954,0.8405603969197729,6
-0.43834317338254397,1.2910368976487248,2
-1.1052015788363954,0.8405603969197729,6
-0.501342819694543,1.539388527846459,6
-0.5652771033124401,1.1995841282555044,6
-1.2749600197575934,1.0100668590010318,6
-1.1052015788363954,0.8405603969197729,6
0.03676667892344039,1.8979511813971761,6
-0.2685847324613458,1.1215304355674658,2
-0.24082461313043962,1.1285826323699262,2
-0.39690639561434526,1.2978223715825807,6
-0.41058305405163775,1.2980890944511851,2
-0.1980001021391376,0.8676234008954471,6
-1.1052015788363954,0.8405603969197729,6
0.4191845865552246,1.5698368586883398,6
-1.183365515814218,-1.9351935097941544,3
-0.08774381143635528,-1.3728807732789994,3
1.4269616567583623,0.8375157134953624,2
-0.7350355442336383,1.3690905903367636,6
0.423959482154688,0.8704045057649452,1
-0.1919982285379837,1.7289051093936771,6
2.8508796888773404,0.5363691533975281,2
3.318359051718296,1.0000099654833847,1
2.2122919561189613,1.1537913862075646,1
1.673465897662267,0.9020874960500203,1
0.44428321885186384,-0.27785117408233995,3
-0.9479648315736138,-0.6955711561717984,3
-1.1676947445885801,-0.6977876382698944,3
-1.057385969316391,-0.9023524224851214,3
-0.3677585430603357,1.0371298629767058,6
-0.5652771033124401,1.1995841282555044,6
-1.2243934242084773,-0.9180532956274773,3
-0.6303966627401224,0.5756793305847013,6
2.5051099795131884,0.8131631270986204,2
16.066244763879908,-6.1881221253747665,4
9.569109944080305,-2.8833596962336268,5
1.3234141432023943,1.1339913486504227,1
-1.3048543721780568,-1.7548114679320668,3
-0.02223978761678562,1.5593986473124182,6
-0.1919982285379837,1.7289051093936771,6
-0.15211285418017007,-1.8718260404822036,3
-0.2599427346398627,-0.6161045049191162,3
1.304258986144067,0.8216549963820217,1
-0.1919982285379837,1.7289051093936771,6
0.27445258323430866,1.4813449546243793,2
-1.6353180443493796,-1.7702677842629715,3
2.657433504160549,1.03128693952134,1
3.9144005893137095,-0.08454924203816233,5
4.019299285121543,-0.7054943693802187,5
2.7410489211068607,0.3234027417243268,1
1.9786138593876288,0.8949412738708713,2
-0.16662252961185303,-0.6755024448248375,3
2.0109047695896227,-0.005094188282293147,1
1.8007651068708115,0.5950613898904196,2
-0.6374972836901207,-0.7676365235387639,3
-0.23108625686578502,-2.783646859878458,3
1.8116998929136887,0.9601046584266766,1
-0.1392712291952872,-0.6459222666588328,3
-0.4235791878403274,-1.3110775942052444,3
-1.1416174009304767,-1.4844518322417224,3
-1.7319346533986932,-0.918457404207686,3
0.3003356812632102,1.0174876167672908,1
-0.8340654724473293,-1.3452965886605277,2
1.2392661831374379,0.5075341741402078,2
-0.7350355442336383,1.3690905903367636,6
-0.9370850028366867,-0.725332575852806,3
-1.512651328333435,-1.0407866832564039,3
-1.682927107185242,-1.1454100657468005,3
-1.1052015788363954,0.8405603969197729,6
1.2839506427979288,-1.4031970824386515,1
-0.25926408922494476,-0.5040556607889967,3
-0.16182593785214672,1.2003756036839408,6
0.8710668079996695,1.5730290999590155,1
0.6365511903869089,-0.9999826913689117,3
1.4731492321994226,0.3676831254836119,1
-1.2749600197575934,1.0100668590010318,6
-0.5569152178863194,-0.8571080775229315,3
-1.3452579980596597,-1.9695672995653273,3
-1.057758318854535,-2.5046575908466973,3
-0.7350355442336383,1.3690905903367636,6
-0.3677585430603357,1.0371298629767058,6
-1.1074097507475054,-1.2290119832545559,3
-0.46795688945239533,-0.8771832371914099,3
-0.501342819694543,1.539388527846459,6
-1.234375387238477,-1.7072057152781994,3
1.0931487705177385,0.9006054894156658,1
-0.1513800227790826,1.0435655042677845,6
-1.1052015788363954,0.8405603969197729,6
0.4904681866826709,0.9420172226534046,1
-0.7350355442336383,1.3690905903367636,6
-0.7350355442336383,1.3690905903367636,6
-0.9354431379151974,0.6710539348385138,6
-1.6164865361912637,-0.9080463040542067,3
-1.2749600197575934,1.0100668590010318,6
-1.2749600197575934,1.0100668590010318,6
-1.8526855481064401,-0.9759036036655414,3
-1.7780746901176272,-2.6274525594033533,3
-1.1052015788363954,0.8405603969197729,6
-0.501342819694543,1.539388527846459,6
-1.2749600197575934,1.0100668590010318,6
-0.707275424902732,1.376142787139224,6
-1.1052015788363954,0.8405603969197729,6
0.7549084042315065,0.795236286549865,1
-1.4842323468228082,-1.6926201622356511,3
-0.39084926235712986,0.916243683587423,6
-1.2749600197575934,1.0100668590010318,6
-0.501342819694543,1.539388527846459,6
0.9711343080791894,1.1208817976080898,1
0.7055063261918783,0.9933872900496258,1
1.3311066469274309,0.6575904967558936,2
-1.5411987991879077,-1.459603776702009,3
-1.7600632716575055,-0.38940872277023275,3
-0.8656481571416519,-1.5033582293265446,3
0.35187356737600584,0.913826284320608,1
0.6371249096236077,1.150720569197597,1
0.1034572749233145,-0.048003136961956044,3
-1.1805612429255157,-1.017788750457519,3
2.8217824136269147,1.0849803688440736,2
-1.0162855017262762,-2.64202898397496,3
-0.6207657025254751,-1.191152535109371,3
-0.847675661722443,1.0169129324830763,6
-0.11715840806683057,0.9473668719798791,2
-0.34655268022202873,0.7373658967666882,6
-1.2243934242084773,-0.9180532956274773,3
1.006038520518892,0.9868244383243304,1
1.9857108872730629,0.7299403599188076,2
1.7133719417905777,1.2683931349005626,1
0.345284398136859,-0.6562486375564311,3
0.20652511984463845,1.7284447193159171,6
-1.1150928697633349,-0.7794159118690742,3
-0.43863927510307077,-0.47935620152629665,3
1.4626733222357757,1.729960133681748,2
1.1239682583077912,0.5082703302847492,1
0.2612540193398767,1.144579990287899,1
-1.2749600197575934,1.0100668590010318,6
-0.5652771033124401,1.1995841282555044,6
3.443186717064222,0.008791929129559482,5
-0.7566250860708693,-1.5742955953279385,3
-0.2046504488434488,1.46133483515842,2
-0.4686518087514466,-0.2253669000573893,3
-1.2243934242084773,-0.9180532956274773,3
-0.8734693122899058,-0.8356744337300935,3
-0.9206425554950946,-1.6074201942782735,3
-0.867109807690911,-1.150791360989957,3
1.391754276809207,0.6419181931449934,1
0.6641259739656078,0.8455842538621946,1
-1.2830893932881893,-0.8488346172394953,3
-1.017434102643641,1.1864193945643353,6
-0.804846545359302,-1.1675538419019609,3
0.08156705481620333,-0.27554204306770164,3
1.9031043308168407,0.6044875200140712,1
-1.3254035165517728,-0.3806889991421629,3
-1.6700109954316045,-0.902726282251522,3
-0.31293957746132295,0.7234039102969763,6
-1.7128355064229066,-0.6417670507770429,2
0.03676667892344039,1.8979511813971761,6
4.347293435581406,0.20521059664390903,5
-0.6722156139578914,-1.3041801568141014,2
-1.1324903993948163,-1.0403534951870799,2
-1.7279786813496694,-1.1200036286291757,3
-1.6654753087654912,-1.0301059931975858,3
1.5794375841657284,0.23580516009794467,1
1.9636781841616344,0.3259538837507582,1
-0.6432041154071526,-1.930488260956411,3
0.5872191599394634,0.7463261048512293,1
-0.2831592607192876,1.1808050217508363,6
-1.6700109954316045,-0.902726282251522,3
-0.3931484495418204,0.8430966650139843,6
-1.8397694363528028,-0.733219820170263,3
-0.7514189951571719,0.6435262814414788,6
-1.9467259833570758,-1.1976202317596376,3
-1.6700109954316045,-0.902726282251522,3
-1.8023160339531348,-0.8789628930179367,3
2.5468138486434446,0.5910995881428897,1
2.572317493924346,0.6641900365763417,2
-0.023110158760710528,0.5501861179430377,1
0.284699856191055,-0.5082307042122896,3
0.4593362549197375,0.4063093176159527,1
3.315002762271736,0.7052547796394648,5
-1.5935669303406501,-0.7914280550021072,3
1.34270303663379,0.8023909190079288,2
0.5868968040081001,1.512300886502811,1
0.2510647215763587,1.0938310224297605,1
1.387831953069801,-2.267901101859862,1
2.035913150889997,1.256463234552568,1
1.213695196243607,-1.4650237059276061,1
2.598532072964566,0.1598008329541555,1
0.9065372932529537,1.3077667107404034,1
0.8337187794159658,1.2005072627454225,1
2.6284929209304897,0.4554240842516231,1
0.8455493650332128,1.592465818851156,1
1.34270303663379,0.8023909190079288,2
1.9963466540803094,0.36258491132985654,2
0.6900787766179685,1.005524933387948,1
0.6009369013095588,-1.276072834441589,3
0.7730259711607003,0.9595019628712306,1
0.31671262137482065,-1.0430771363303022,3
-0.325060413672309,1.371539417640257,6
-1.0960889864240841,-0.6313943940051512,3
1.9092778842816531,0.6010645457813101,1
0.5890841541200564,1.2824252395993763,1
-1.5935669303406501,-0.7914280550021072,3
2.19943553141597,0.09608943245828104,2
1.2472911536764861,0.8330557444573068,1
0.6745930468099691,0.8902401446315177,1
0.1042388377911297,-1.1256871527017434,3
-0.4959612189035208,0.7639267154043561,6
0.12703699433305177,1.6565274077809882,2
-1.9316734695960318,-0.5439351792440469,3
-1.114812354710925,0.8381188698469385,6
0.3342691636380911,-1.349323870498228,3
-0.6284295525030729,0.5750814658800841,6
3.315002762271736,0.7052547796394648,5
0.2689276186357157,0.66261306996013,1
0.378959538949628,0.7255234577591554,1
-1.9316734695960318,-0.5439351792440469,3
-1.9316734695960318,-0.5439351792440469,3
-0.9196972617135536,0.8004816189789824,6
-1.8057420826889583,-1.0134522937326618,3
-1.9316734695960318,-0.5439351792440469,3
-1.7619150286748337,-0.7134416413253059,3
-1.5703516520580234,-0.5538462677767279,3
-1.4652226578237395,-0.7914953340133447,2
-0.07684684469195326,0.8991173511164386,6
-1.466225200846562,-1.3524652178951797,3
-1.5703516520580234,-0.5538462677767279,3
-1.9316734695960318,-0.5439351792440469,3
-0.17402970446628874,-0.6963998648068922,3
-1.562547300450735,-0.7498937344239589,3
0.5890841541200564,1.2824252395993763,1
-0.07684684469195326,0.8991173511164386,6
-0.011816376685126738,0.7060045187634242,2
0.45156086013219227,0.9598645097417521,1
-0.3993408995469534,0.8346614438780537,6
-1.7401100929792215,-0.3843398056954689,3
3.7586535109429313,0.7224669314788604,5
-0.6696809202011103,-1.0392699870453042,3
-0.48124916135382634,-0.94866659407742,3
-0.6312436800994996,-0.6240329542285843,2
-0.7477369178046335,-0.9518412149970678,3
0.0001030644031556209,1.565074638387768,6
-1.0621598497612839,-1.5748225499047215,3
2.8139109562989697,0.9572293380278784,2
2.0649255425372215,1.3707317129585332,2
1.7286927243697066,-0.7587050931945004,1
1.9389294830093489,0.9665034257933904,2
1.0702522770834966,1.4365567467351057,1
1.2934311418072222,0.816648205582243,1
1.2244740156071519,1.3511980536939652,1
2.1682407673657442,0.40343692628592676,1
0.9160896571589014,1.100971741818288,1
0.5597281990846007,0.5015701997104693,1
-1.5876209010875222,-1.0103278143526284,3
-0.06538030462743878,0.773205166540858,6
0.844695404818498,1.4151941820943639,1
0.1723620209019456,1.3894177662254175,1
0.29323243251333814,1.3223072733518193,1
-0.8700818337226572,-1.672347216768438,2
0.31941473355126804,-0.45254581019260587,3
-0.303743317252655,0.6570731043752124,6
-1.248104019245126,-1.3493407385151464,3
-1.9316734695960318,-0.5439351792440469,3
-1.1211700893152299,-1.2578879691219262,2
-0.9773938367863574,-1.300725009500728,3
-1.6359836417677602,-1.1829587558139207,3
-1.5031621021367187,-0.783009960192585,3
0.06863961933781332,-0.2379672294513443,3
-0.8241283384519263,-1.4610358085176212,3
-1.6359985194330273,-1.5821033371531101,3
-1.2238280754472797,-1.3254016101111359,2
-0.6864676296054598,0.9368431257705554,6
-1.7401100929792215,-0.3843398056954689,3
0.10342420177603491,0.953784319949668,1
-1.5876209010875222,-1.0103278143526284,3
-1.5271630146114656,-1.31847166019229,3
-0.27503544078174363,0.49094051648733333,6
-1.4002290846815697,-1.2270188907990698,2
-0.17498014420667238,0.6347313313033854,6
-1.9316734695960318,-0.5439351792440469,3
-1.9316734695960318,-0.5439351792440469,3
-1.5921565877536354,-0.8829481034065648,3
-0.7678409265512306,-1.120227802422369,3
-1.181569921646743,-1.1120280857353428,3
-1.305688311860279,-1.7164225033422165,3
-1.7619150286748337,-0.7134416413253059,3
-1.7619150286748337,-0.7134416413253059,3
-1.9316734695960318,-0.5439351792440469,3
-1.9316734695960318,-0.5439351792440469,3
-1.7401100929792215,-0.3843398056954689,3
-0.8602559474368953,0.7673347278626819,6
-0.49686925906222906,0.6894613131227052,6
-1.3148023272396527,-0.9086078308266081,3
-1.6151423665091424,-0.7205575521971346,3
-1.187128794838461,-1.3833547397831523,3
-1.7594961999504413,-1.0392455562865097,3
-1.5703516520580234,-0.5538462677767279,3
-1.3708529865877594,-0.5903699133532877,3
-0.47826718845741906,0.953564673532722,6
-1.6964041176020552,-0.8748353535393751,3
-1.7401100929792215,-0.3843398056954689,3
-1.4223981468324374,-1.052454565487824,3
0.4931519092567332,0.3123140957293409,1
3.323043365669846,0.34833969460064046,5
2.242752034903546,1.110298605922154,1
2.9727982244795146,0.5415450672333514,1
3.427358073598139,0.7647430562548083,5
3.413454102145575,0.22260046003486383,5
2.803527386737649,0.03781413714649399,1
1.8944959979241303,0.5395785514404142,1
5.3140574540169645,-0.4604336384360238,5
2.454871500295988,0.9923591065531473,1
1.2386232712152667,-1.1126263358525375,1
1.8804765235396859,0.8684923427391612,1
2.1011520479313357,1.0370045606726621,1
1.7892193890856538,0.44507348789622553,1
2.388186294312158,1.438947813521191,1
2.096925216369795,0.8807830872190556,2
2.87768616084747,0.23451116648450374,1
0.36389757862281497,0.5052283713940169,1
0.6022388288793301,0.2224235414722002,1
-1.193742999668421,-1.0115467006276597,3
0.5680953045531485,1.3490868599673667,1
1.5802008539263193,0.8366398960239163,1
0.1528865338908042,1.18111203026146,1
2.178993619592499,0.7048205768959436,1
1.564401252459578,0.72193180808789,1
2.024897972705227,0.8758536574734985,2
0.1522831462955025,1.3809556899036028,1
-1.3986829114128172,-0.8605685107347717,3
-0.10397934924008488,-0.5720215103617436,2
1.1326753311501547,0.7615367975376244,1
-0.13306378537184738,-0.5675671331046285,3
-1.0583829894918677,-1.324749498403195,3
0.9788183884241164,0.6959495907167271,1
-0.6356687278536958,-1.3483641028196058,2
-0.9851936450019056,-0.49239679071822984,3
-0.49328018357911324,1.5414367645977085,6
-1.1679866567267154,-1.0640685305189204,3
2.9578442460310055,0.7254976733180389,2
1.4308129975891115,1.408030057938852,1
2.353363621160753,0.8976764262419313,1
0.7208386551225872,1.0050173634071797,1
-0.708083244453829,-0.7557141731145911,3
0.5643165982042806,0.9629368072894721,2
-0.49481885459350716,1.541045879721516,6
1.539417933370588,0.7823944631011784,1
4.084204154565391,-0.6122962274253169,5
-1.3524615338491535,-0.6965234245268892,3
2.019386456515455,1.030816700288317,1
1.2885362182825928,0.7600953308791821,1
0.7776729656828473,0.9581688971384923,1
1.138503818399072,1.8297660008088323,1
1.4429001631375427,0.6747754676750862,1
1.210312904959439,0.7185869781602895,1
0.8742548748884656,-2.941361531532024,3
1.5587653076355241,0.49990670472609594,2
1.897856328983919,0.34771792104707416,1
0.4498455616492509,-0.9658954354258595,3
2.038412166969246,0.10063598475767851,1
-0.22574476796768136,-1.0291784200413556,3
0.45955547801755686,0.85082873615316,1
2.0711446258078343,0.5268616034437572,1
0.4211293336007006,0.6762688164757075,2
0.868523466509722,0.5485089320070742,1
2.0098862687503947,0.7597276028135854,1
-0.944700110032339,-0.9986836991068304,3
0.5827737697415533,1.1323712091804152,1
1.1098537714761174,0.26156395942027766,1
10.244315765766174,-3.3722629905725574,4
1.1533776946571417,0.6463610340869327,2
1.0893016358128218,1.1839094652741695,1
0.8360534699222887,0.4427297865027741,1
0.6307716440682072,0.40598092713080336,1
1.592277461034981,0.8209530491526228,1
1.0635771751091063,1.1981649980259657,1
0.5394757367139507,0.8518430917452221,1
-1.311001036887558,-0.7196448516757551,3
0.3133321502147419,-1.3642296005322612,3
0.5380298202090906,0.8553096490056215,1
-0.8305650293615336,-1.2135637173511056,3
2.6918813279955205,0.29846732830963907,1
-0.4776645035748419,-2.245089891328511,3
0.41562086600753445,0.9504354464781303,1
-0.15216019309938064,-1.0616523515415797,3
-0.07998700364820847,-1.6592831257340592,3
0.9415008373116291,0.5003387235409473,1
-0.273737790161283,-0.4025150482804847,2
0.7459008621548645,1.1751112579602794,1
-1.2617765089423583,-2.270944918632745,3
0.5128447226100359,1.3046996372980086,1
1.1907737415989965,0.4546668607484948,1
-0.3717293479630272,-1.0117816254012197,2
2.161384250297797,-0.49892012551085,1
1.1918095102342015,0.6144663568455085,1
0.8950022457691795,0.9595540831943578,1
-0.27701755383990995,0.7853244045655892,6
3.186299128626676,-0.24922196203121566,5
0.8401026102151776,0.8769188723155955,2
0.40115025918429564,1.066775594379923,1
2.205625812211158,0.3689019522770217,2
0.7424697022708833,0.3709254776684527,1
2.85658162045439,0.09341614825566091,1
1.6126138128085914,0.6196066594089066,1
9.53860633036236,-2.205058583109527,4
-0.8873458660141542,-0.8311082021854448,3
0.2614200194671626,-0.9370599102790709,3
2.8524288014907135,-0.28340138575692153,1
1.384033852825844,0.707307528374328,1
0.9951467106347778,0.8094772863484079,2
-0.7892851281052595,-0.956075083608154,3
0.19736829092891733,0.9475419406526095,1
1.3862412578296937,0.8295523578727089,1
0.18073864620093116,0.9567700685395201,1
1.0313986687870051,0.9886354749397162,2
0.663091216048935,1.2038527585898775,1
0.8377696432992731,0.41449073689959925,1
3.030168341663877,0.5547910476685669,1
-1.124045828231009,-0.7078712442943897,3
-0.5046216793391155,-0.36110815858686257,3
0.4120331977237679,1.2677547398934965,1
0.7515155771192922,1.0389369285147187,1
0.07114362305517229,0.8372477011781576,1
0.7838317379423043,1.0394486628957151,1
0.5824615910932027,0.2329970443897095,1
-0.9525428814933438,-1.343649529181395,3
0.27207291171886744,0.3297273748144116,1
0.8457555881891775,0.8545358650902198,1
1.4381951670126938,-0.041588976092604306,1
14.300989365618028,-4.84787761565098,4
-1.235107250717571,-1.493708498623776,2
1.231628537838982,1.1050851498139524,1
0.41151712448904265,0.753409363300432,1
0.5883612402150245,0.8468894073865951,1
-0.7207441406054351,-0.4402520416245638,3
1.3227648349215018,0.8246186641818678,1
-0.9245761261204449,-2.3472006617687673,3
1.2354517911365601,0.7138396008843392,1
-0.9299342121672084,-1.405797487045932,3
1.8293677584672863,0.6232218900952916,1
-1.201434441242591,-1.853084869528355,3
-0.018474855688081715,1.1083840772391724,6
5.602045310800266,0.28614649989657687,5
-0.38990728948992864,-0.9295514891645544,3
6.044149944137258,-0.7528143105310847,5
-1.1064217611260265,-1.5341645974002416,3
0.7213284135926291,1.1887592951965278,1
-0.5554877683360122,-0.245435284630795,2
6.837274154504032,-1.4945830756030791,5
0.25545196425840433,1.162732096186267,1
-0.3709989535436888,0.789774628741547,6
-0.8668431686090212,-1.3467452434895422,3
1.6950765579249538,0.9335917883169678,1
-1.2311161497168637,-1.228458289700939,3
-0.5055573217778051,-1.0646630866665194,3
-0.45429713102147223,1.0151455499399278,6
-0.5905458891163599,-0.996232505569591,3
-0.5647545849188556,0.8210222315115535,6
-0.6570424479030749,-0.8746557158351914,3
-0.6278473068817123,-1.1088289741923527,2
-1.0911959560883677,-1.6668669069996502,3
-1.1231179815235635,-2.236684698627038,3
1.3564363397457715,1.0077481080791395,2
-0.6558505106422495,-1.4217032218694339,2
1.7399660529731027,0.35013419454217565,1
0.17927887812793716,1.011475172953392,1
-0.43236709886037306,-0.9146993520411819,3
0.04560163698741668,-1.0166338746403716,3
1.2418046022656035,0.19640402345762945,1
0.7538148055820656,1.1707164486300137,1
-1.2135967045965617,-1.2782332317436864,3
-0.9873339900990623,-1.2046243373927505,3
-1.6823448785312451,-1.0634467797318707,3
0.2141557257216442,0.38103272740753025,1
-0.7938140128638685,1.3541584741024457,6
0.17022440727360647,0.4134503322842298,1
-0.6507985942067285,0.594512887020571,6
-0.2012962850297508,0.9696977674989212,6
0.2646087909192682,0.729665022837023,1
3.255078676574604,0.6321544693428768,1
-0.9610979068773142,-1.3692794395003818,3
-0.49328018357911324,1.5414367645977085,6
0.06389803381390553,0.7951416361843372,1
-0.2739887613623019,0.8106830799353191,6
2.162144011078161,0.12600887457310714,1
-0.08300958199129578,-0.7458057109801086,3
-0.4046847885462441,1.0277490981738449,6
-0.7998844274206166,1.0290538453412477,6
0.9712798415465181,1.0111676381712358,1
-1.154061151907442,-0.9872617678173085,3
-0.23379918962538063,0.4867775943788491,6
1.0580804331230504,1.0019972825660688,1
-0.9773869405468996,-0.7711737889833934,3
2.6818421273895687,-0.31248791850885677,1
0.5792464838410051,1.0589358114552625,1
-1.0604162697625452,-1.7225931122534262,3
0.5386661063076585,1.2727763643759509,1
-0.7998844274206166,1.0290538453412477,6
-1.2907811569939247,-2.1081089083968623,3
-1.0639281185643747,-1.174050586960981,3
-1.0900026695086653,-2.6914579210333676,2
0.33905378228573385,0.6387153981069078,2
-0.32766880452930613,-0.5346196692436805,3
2.1948456888768897,0.6576191969553341,1
1.1967862536598872,0.801703687573848,1
1.1180007529832594,1.2435244182730298,1
0.9872942056097904,0.7291327923076377,2
-1.0452866680099837,-0.8676868351917114,3
0.3789374118284888,0.5909599096599384,1
-0.636480528154515,-0.7519617821218276,3
-0.7605211366515312,-1.6029682214292507,2
-0.27797356603902046,-1.869998822900245,3
1.116251903782198,0.8553727311372472,1
-0.9262502218612987,0.6733893085603556,6
-1.2914992149093965,-0.9203553309915092,3
0.6042250527516305,0.46587857346307415,1
0.6656657061049058,0.7064717692004396,1
1.0012778712751123,0.7588053127447314,1
-0.16904927599514435,0.6772522597317104,6
-0.23070159731046125,0.7442956944333297,6
0.8719490341288098,0.8305408359735872,1
1.0598881703515846,0.6874187484341421,1
-1.286037786866032,-1.8361580196590621,3
-0.784481114129775,-0.4047287920550856,3
0.2784738724690147,0.5718568652501831,1
-0.7935837062624003,-0.7987116498541708,3
2.6587184945986095,0.3266552057905945,2
-0.006658365708241063,0.511847678686574,1
-0.07383466337172359,-1.1803934531789133,3
3.1098626802137344,-0.38723106661842616,5
1.2001064103134944,0.6971837366337172,1
-1.7551126274775488,-1.0381319509951135,3
-1.5369465966992801,-1.144478195909621,3
1.5195853935095698,0.746699857321038,1
-1.7153836861530913,-0.378058294975829,3
-1.7153836861530913,-0.378058294975829,3
-1.2718779805471863,-0.9312974859690489,3
0.29813000676260926,0.39052869193443246,1
1.8419351780757995,0.6534158417935262,1
0.24967883914157482,0.8132275044262325,1
-0.14381634453714054,0.9106584589108513,6
0.9156392136413923,0.3561830906058636,1
-0.7998844274206166,1.0290538453412477,6
-0.6806945696958053,-0.8492274816714321,2
-0.9663297884967862,-1.8595193795668494,3
0.6589589173411199,1.214005338081019,1
0.9253753462857996,0.8008963039006859,1
-1.2941478005399507,-2.0280741640043036,3
1.6914389396132434,0.9265370610539614,1
-1.1196239160464774,-0.8914375890576282,3
-0.8090895332661732,-1.4069384774808773,2
-0.04543206016023524,1.0074350336218236,6
-1.545625245231893,-0.547564757057088,3
-0.6203676326357309,-1.92753991599367,3
1.5394445432432904,0.3466425286365106,1
-1.5898574052513428,-1.1217665847314489,3
0.13097941661504572,0.7289577367631963,1
-1.5449449034895582,-1.6619512136102834,3
2.0293110776229266,0.12480669593535028,2
-0.5744432294674423,1.1972555602551038,6
0.369407646748759,0.5350661126378762,1
0.37434643678485213,0.5935118387715665,1
-0.07174178291972605,0.6711285997029329,1
2.4031859239688047,0.1919755890860915,1
-0.5866266049112524,-0.790680848743253,3
0.24244019313833218,1.0562644307734221,1
0.31962304481972675,1.2877960904400807,1
-1.4441699818349816,-1.264930146049031,3
-0.4035576305465787,0.6562840564601081,6
0.8810032183969474,0.7881046333726752,2
-0.526351742026277,-1.087800259169511,3
-1.0944075764274912,-1.1418057804823083,3
-1.299666398193799,-1.4744166003751102,3
-1.0060858576229867,-1.1446196230749157,3
-0.8125567438625587,-0.504039256987075,3
0.22127773095881914,1.2276912600971144,1
-0.15376330173671698,1.2024238404351903,6
-0.1843477824344361,0.34695273225127315,2
-0.7631269741065961,1.3619542272121983,6
-1.059166029570421,-1.1995814348972897,3
0.2653004709500007,-0.15567151156552264,1
-0.6767612599962901,-1.452330227921307,3
-1.0263875021802276,-1.4669595695477382,3
-0.016278948926482358,-0.7076852686991545,3
-1.3617574800314485,-1.1923071322494254,3
-1.190272317144253,-1.3358303255294977,3
-1.285200968951969,-1.113719879404385,3
0.7697566174473954,1.4458774665053125,1
-1.4295914079505831,-1.4420805864705084,3
-0.7956987851343165,-1.380404965680006,3
-1.3676331019134775,-1.6255588426777077,2
0.21178963340134283,-0.03548397604994858,1
-0.9092406828175994,-0.5347495666814545,3
-1.0530898184480946,-0.6541249362778245,3
0.6247678422074837,0.4544862759352706,1
1.5725712041193487,0.2526518352172673,1
-0.6687486523264202,-0.5840893179117724,3
-0.03658804300658707,-1.4542498169517584,3
0.6630479604869747,0.7079221225500893,1
0.03384683291268823,-1.2000363291954812,3
-0.4046847885462441,1.0277490981738449,6
0.920299938717396,0.5291036965129854,1
0.39609641246200583,1.0553713857094502,1
-0.4904124325475145,-0.3690180003600857,3
5.67524639148058,-0.47449102208858357,5
-0.11553576464677098,0.49763502568599105,6
0.8142934112209987,0.5486734962937493,1
-1.3696015951282163,-0.9135096904191455,3
-0.6729504974907206,1.120506614734468,2
1.1549248852810368,0.4419459651692483,1
1.148617877491874,1.3502666739712812,1
0.006083266194072027,0.4424807664094321,2
-0.4792755069467402,-1.4083335140294861,3
-0.011415141044198359,0.5624699733306724,1
-0.8472195356391015,-1.4023778264679498,3
-1.159136259065377,-1.6323500763989371,2
1.8039493570301675,0.6653424329728805,1
1.4368499949672087,1.1151219924959697,1
2.2882153685234763,0.5312519378027077,2
0.11801581640106246,0.016573474150964034,1
-1.4373601869510146,-1.365006490116538,3
1.437063565223543,1.3896978310971992,1
-1.0694131859067983,-1.9687739831378803,3
0.6316725199432585,0.7881620521835624,1
0.5661034047308657,0.6252650954796093,1
0.9720998758539536,-2.354204380288451,2
-1.8918927833745414,-1.1461787278398765,3
1.247066683953902,0.7074126405206274,1
0.44057621279842274,0.6619938348556049,1
1.3606085794810574,0.2760655210255658,1
-0.596774288711773,-2.2452509186164864,3
-0.7442016703886404,1.3667620223363628,6
-0.9334180063589589,-0.5115219091551287,3
0.7964201206443705,0.5402191786084091,1
0.290926629656139,0.9144293174607012,1
-0.29359262639226513,-1.2245183511907,2
-0.5195994171167566,-0.3527693838916436,3
0.6804915010711867,0.6043769352676756,1
1.609268073010591,0.015263163008173462,1
-1.2918041717776365,-3.1494560469323396,3
-0.696115308012846,-2.863359317775253,3
1.6248501219176121,0.6796001246952227,1
-0.9851936450019056,-0.49239679071822984,3
1.1326798899834059,0.8281574562891136,1
-0.7442016703886404,1.3667620223363628,6
-0.9696428683418148,1.1985603074225069,6
-0.32352174265791506,1.3719303025164495,6
-0.7951339862564367,-0.5137431556444413,3
-1.1578013767306652,-1.8582879641443288,3
0.4746655120775746,0.927056096552758,1
-0.07121834128942892,0.8702560567807994,6
-1.2284071325610104,-0.755945128244375,3
1.3461671799673507,0.3687073776906169,1
-0.27775085861634796,1.119201867567065,2
0.2038968461761011,0.9439195108169576,1
-1.3775351344859406,-0.9569575044555586,3
-1.1435052153040606,-1.0777234080316747,3
-1.3348133114271972,-1.126323427638302,3
-0.41379983592608555,0.6467388686356184,6
0.22150260144551884,0.2675463586623049,1
-0.7690132101970257,-1.8750466897999483,3
-0.666680716872307,-0.5826195337950365,2
-0.9114719802962765,-1.258956463959903,3
-1.3589777530874954,-1.3185578620500356,3
-1.0867062003129226,-0.9098009509592384,3
0.7608645439348242,-2.094601094983579,3
0.19483607135960826,-0.8247299023892907,3
-0.706926757984394,-0.24839157570842146,3
2.0332548004792566,0.1971882675983913,1
-0.15686581602293545,-1.387530293525249,3
1.3610185033387694,1.1091149332852839,1
1.013048966289394,0.6769424377135427,1
0.7976444659328534,1.1098576481669855,1
1.3657933166552192,-0.2006712220381151,1
0.2763009509110793,1.3118995870252863,1
1.206272675207678,0.8835590193968237,1
-1.180081802522533,-0.583293743217966,3
0.20692066866986492,0.7215479243293973,1
-0.9782882681749067,-0.9799759464382679,3
0.17475876686393194,1.1594311262248398,1
0.14651369582004267,-0.07442125376048273,1
-0.950219828270661,-1.7838447926144383,3
2.1115474412582196,0.46727327759254067,1
0.4024933570675497,1.0116377836104127,1
0.19017776257023747,1.0853809831531165,1
0.49687226535072704,1.3135923027485643,1
-0.7701977529849776,-1.3703125750192688,3
-0.211897905382033,0.7490725952280057,6
-0.49328018357911324,1.5414367645977085,6
-0.49328018357911324,1.5414367645977085,6
-0.7070811123764873,-1.5953264683376096,3
0.5820650683837697,0.7922155962838482,1
-1.1936450352857555,-1.2493543561680067,3
0.6213196575039808,0.4710324944570896,1
-0.9398315878386189,-0.7172610427948589,3
-1.365566184276563,-2.2262139228557496,3
-0.32352174265791506,1.3719303025164495,6
-0.15376330173671698,1.2024238404351903,6
-0.49328018357911324,1.5414367645977085,6
-0.32352174265791506,1.3719303025164495,6
-0.49328018357911324,1.5414367645977085,6
-0.49328018357911324,1.5414367645977085,6
-0.15376330173671698,1.2024238404351903,6
-1.1196239160464774,-0.8914375890576282,3
-0.5744432294674423,1.1972555602551038,6
-0.5493733688762179,-1.4339709765694113,3
-1.0985836399632323,-0.8283385248262425,3
-0.6964844060874114,-0.7282249992592117,3
-0.32352174265791506,1.3719303025164495,6
1.7149610201135106,0.2317188435768784,1
0.39635500424043324,0.24549754911724286,1
-0.82606982676442,-1.9797966205993436,3
-0.13428649040142407,1.131881618462204,6
0.3451237487044547,0.8656093073099259,1
2.056778446350279,0.7391161254530134,1
-1.0150796890764895,-1.3855254229721032,3
-0.7442016703886404,1.3667620223363628,6
-1.222448632369314,-0.7920029681941253,3
-0.6788758858119609,-1.2120424193437198,3
-1.1447186588136686,-0.7119064747444834,3
-1.0962604245804062,-1.3403205502827598,3
2.0311638887450805,0.6299747259300428,1
-0.573316071467777,0.8257905185413672,6
-0.4383578353469012,-0.8997362585209798,2
-0.32352174265791506,1.3719303025164495,6
-1.0564968174668363,0.5385433521651091,6
0.8230635018686594,0.7825224731960785,1
1.6477352570340857,0.5912276309591412,1
0.4870130743792718,0.7710868127216621,2
0.6764345826103606,0.5013092308090157,1
1.2301988808599609,1.470827848331681,1
-1.1468014691580775,-1.1604779678048236,3
-1.051418724567926,-0.77010004014479,3
1.5499517780540053,-0.4609159277313245,1
3.1817829682168717,0.7187326785093527,1
-1.0288901859941193,-1.899779784248946,3
-0.4429833702886641,0.5087352404163814,2
-1.0376818958337752,-2.5926314385444433,3
-0.9353875432966579,-0.7293765484751682,3
-0.4324858044608353,-1.3093061557613939,3
0.1328677871368106,-0.41373216175402516,3
-0.028368042821214898,1.293485724952218,2
-0.49481885459350716,1.541045879721516,6
-0.6240555719426704,1.1846520120211868,6
-1.344617418752386,-0.9753208663571689,3
1.7297757001966554,0.8441074780511589,1
0.70093716215806,1.1828999999797933,1
-0.9011472195659231,-2.1342843987995015,3
0.9083871823048503,0.22187031148551406,1
-1.1174841161051547,-2.001984378279759,3
-1.5086959384678953,-1.366627374253679,3
-0.47113237486353915,-0.9299602713561519,3
-0.9036520744366264,-1.0395017543863831,2
-0.7442016703886404,1.3667620223363628,6
0.39896921445624883,0.3308679839614319,2
-1.7153836861530913,-0.378058294975829,3
-0.1025500270758437,1.5389965875385812,6
4.392699207001658,-0.5165071449920625,5
-0.9714841550451617,-1.0586577758382731,3
0.5904739577371395,0.7406938021431938,2
1.0188172470178258,0.6724950984925815,1
-0.16585982617771147,0.8749947164736068,6
-0.3247529300189055,1.038447216900494,6
-0.9696428683418148,1.1985603074225069,6
-0.26253392531925485,0.804310174198873,6
-0.1389002240916822,-0.7159547611340712,3
-0.9610024810316142,-0.6147743236016726,3
0.1842149090912854,0.8630200313964802,6
-0.9181467721519011,-2.2602136040890612,3
-1.3165599100792755,-0.9909715057235644,3
-1.5472935754071386,-0.7874510423742996,3
-1.344617418752386,-0.9753208663571689,3
-0.5031920565695224,0.9510001526532091,2
-0.33914052331864303,0.7720134654579374,6
-0.7998844274206166,1.0290538453412477,6
-0.325060413672309,1.371539417640257,6
-0.6729504974907206,1.120506614734468,2
-0.7998844274206166,1.0290538453412477,6
-0.3334336156483242,0.7814936905719502,2
-0.7998844274206166,1.0290538453412477,6
-0.7998844274206166,1.0290538453412477,6
-0.325060413672309,1.371539417640257,6
-0.7998844274206166,1.0290538453412477,6
-0.7998844274206166,1.0290538453412477,6
-1.9316734695960318,-0.5439351792440469,3
-0.2723084679970418,1.7085030496198401,6
-0.7998844274206166,1.0290538453412477,6
-0.7998844274206166,1.0290538453412477,6
-0.5867333400189023,0.3343763843978376,6
-0.7938140128638685,1.3541584741024457,6
-0.6729504974907206,1.120506614734468,2
-0.7998844274206166,1.0290538453412477,6
-0.9696428683418148,1.1985603074225069,6
-0.5744432294674423,1.1972555602551038,6
-0.6781270916938086,-1.0502559427299372,2
-0.29895670497279037,1.0720273260327542,6
-0.8811779955443096,-0.7402525001354239,3
0.042503510229037846,0.6466161595275741,2
-1.3302411889693617,-0.972812246260306,2
-1.4155957456351524,-1.3771448751576314,3
-0.9191953631760933,-0.937817995854793,3
-1.7153836861530913,-0.378058294975829,3
-1.7153836861530913,-0.378058294975829,3
-0.49821195953086056,-1.4152807614279632,2
-0.4046847885462441,1.0277490981738449,6
-0.10799241769514988,0.9496954054858062,2
1.317293988345438,1.0111587799942114,2
1.3962440711139785,1.2131343762990079,1
0.7619912821821029,0.966866827941161,1
0.8372830087528512,0.9251167536667111,1
-0.49328018357911324,1.5414367645977085,6
0.6024284262245934,1.0554445795415113,1
0.3471968727653053,-0.8980751047822565,2
-0.49328018357911324,1.5414367645977085,6
0.30099337610258353,1.0236581781197793,1
0.46302209703065433,-0.9623756895520691,2
-0.3783385462664925,-0.34422687524518614,2
0.3962590344910648,0.9706467948491632,1
-0.8127037742756013,-1.062551990674712,3
1.3793171532694368,0.6731091809212395,1
0.7252553718317173,1.461162436960174,1
-0.49328018357911324,1.5414367645977085,6
-0.893931311141963,-0.5432844015530238,3
0.9481791462466379,1.262152706616248,1
0.6072869919304833,0.7781916915729192,1
-0.32352174265791506,1.3719303025164495,6
-0.49328018357911324,1.5414367645977085,6
-0.32352174265791506,1.3719303025164495,6
-0.32352174265791506,1.3719303025164495,6
-0.9183843647073948,-1.4400830842368437,2
1.631259395630602,1.4484340999863403,1
-0.5334070262139667,-0.4539727613276231,3
-0.561181337915204,-1.316206752061938,2
-0.4258633030774566,-0.4266180651411421,2
-0.7715853951064445,-0.7952433842255877,3
3.742771454178223,0.904225774044099,5
1.6047387369691228,1.5494735182332755,1
-0.6852536487876778,0.6137237922698137,6
-0.8445502251152657,-0.9672050064450529,2
-1.440035057620195,-0.8472787497612698,3
-0.4313446080944602,1.0978571438858604,6
-1.5381655087577137,-1.391260398005169,3
-1.054635991716847,-1.0205753163421227,2
-0.2987614459202023,0.7495068096248596,6
-0.7909621876074218,0.7475211663878022,6
-0.7998844274206166,1.0290538453412477,6
0.20115898151095657,1.0696331501543583,1
-0.9696428683418148,1.1985603074225069,6
-0.9696428683418148,1.1985603074225069,6
-0.20809764179739654,0.6989955732412919,6
9.786771947531674,-3.6798400244430094,4
6.058782509248792,-1.4637550648314988,5
3.998324467245809,0.8479557333418889,5
2.2942780769657825,0.6411598671956505,1
1.4430740675743483,0.9125047889785435,1
2.4476295681686415,0.1584051514784652,1
1.971632398823626,0.8950943372396348,1
2.7204276882790777,0.25431557874318633,1
1.0994450579139474,1.652173494161805,1
2.4884981814995117,0.3348935020455794,1
1.520601938902968,0.27227035332181504,1
-0.32352174265791506,1.3719303025164495,6
0.786917803106789,0.9530417715675228,1
1.6301805511867018,1.008120562972853,1
1.6851752092074401,0.8542744500649577,1
3.3090362080976785,-0.11788147087326059,5
-0.676134796182404,-2.560448892727004,3
0.14035844297375968,-0.8699103095094445,3
0.030713467477279547,-0.5718551757945857,2
-0.3638370524497346,-0.8263166969790091,2
-0.7385939077225515,-2.25117956879437,3
1.0340109445011023,0.891712826365376,1
1.819647624589685,1.178123008620425,1
0.3743982915939634,1.0579586476519807,1
2.365582514821782,0.6017910655830829,1
2.18219696589449,0.6555722444411428,1
1.1088236247794818,0.9738985401862653,1
0.5849948591711575,1.0651312822704642,1
2.1186613904416247,0.5390841313749082,1
0.92929306579732,1.4719626200360163,1
0.9879456789020771,1.1163459232219222,1
2.1864908772623353,0.302572406022242,1
-0.6346843003451643,-1.560361777249984,3
1.5115664376046845,0.5243819547251567,1
0.7551432854755209,1.6439084917560691,1
0.8325261635572725,1.0517931515320433,1
-1.2301747106837433,-1.5530866501721672,3
0.28643309328060146,-1.0262713255818086,3
-0.32352174265791506,1.3719303025164495,6
0.35784137318799647,1.2665412584536562,1
-0.5704301610123773,-0.32446135559244593,3
-0.49328018357911324,1.5414367645977085,6
-1.2322888118685704,-1.8264287598204694,3
-0.49328018357911324,1.5414367645977085,6
1.773998970718797,1.0799966072243863,1
-0.3441375338903203,-0.6497439474127229,3
-0.5401289534546982,-0.8902606735580004,3
-1.0513036160068658,-2.201620212727631,3
-0.6456767631595094,-0.8314097148807479,3
-0.689593248916655,-0.4576079894687822,3
-0.49328018357911324,1.5414367645977085,6
-0.32352174265791506,1.3719303025164495,6
-0.49328018357911324,1.5414367645977085,6
-0.8662428470086094,-0.5587185371779526,3
-0.32352174265791506,1.3719303025164495,6
-0.32352174265791506,1.3719303025164495,6
-0.32352174265791506,1.3719303025164495,6
-0.32352174265791506,1.3719303025164495,6
-1.4126286735811842,-1.6510333910083397,3
-1.795340794016721,-1.8369129754977225,3
-1.2837340294638055,-2.1096363201134345,2
-0.49328018357911324,1.5414367645977085,6
2.489015904633458,1.2482779379949642,1
1.4838055879175707,1.050434238904634,2
1.551001658660298,0.6960944753662397,1
1.8482456943887862,1.6781826181490895,1
1.0681498533667546,0.5968517844827756,1
1.6045874498787027,1.188082793066819,1
0.08521018791550836,-0.91570305793756,3
2.0577789234961923,1.5622848882493228,1
2.2557050248603336,0.31066947755528546,1
1.5203190159535618,1.433857658439182,1
1.334797270838817,0.6965294021628368,1
1.1440999787150496,0.9531270261463429,1
1.5848110923259884,1.4256741462641869,1
0.9871273726478987,1.1640207527085324,1
1.1229595856478483,0.8893547152163944,1
1.2942704338442543,0.6113186001189772,1
0.6272899698572241,0.9652557185948375,1
-1.109400309385293,-1.7715740722704763,3
-0.7083152215455293,-1.9077716940764256,2
-1.0367037881100678,-0.6645106197737773,3
-1.1851902821043045,-1.729333341813594,3
-0.2913519831141534,-0.8305754756899203,3
-0.49481885459350716,1.541045879721516,6
-0.5537600337510085,-0.9212664376074412,2
1.2209678101757262,1.982056202873536,1
0.9563463451488134,1.7302854600049085,1
-0.29479972369272334,-1.06063102800898,3
0.6341387878051569,1.1283181413895653,1
-0.2723084679970418,1.7085030496198401,6
-0.8319497549780968,-0.48715064729871593,3
-0.1553019727511109,1.202032955558998,6
-0.1025500270758437,1.5389965875385812,6
-0.1553019727511109,1.202032955558998,6
-0.49481885459350716,1.541045879721516,6
-0.325060413672309,1.371539417640257,6
0.7194319520056386,1.7570423757451137,1
-1.4743549335917743,-1.2188148320259946,3
3.688546668903494,-0.20305647575145894,5
9.22429923795451,-2.3203504300787636,5
0.37344809372287335,0.9738536142599491,1
2.038322544289831,0.925186553708391,1
6.872872263425136,-1.3910216561505002,5
2.801575644136949,0.2765070586002658,1
1.6185504499056778,1.4288255988699017,2
3.513116649408527,0.34423252166886836,5
0.628647197121591,0.6058038192019571,1
0.38959644986901065,0.8137117816637663,1
1.9027854746311548,0.9865681583345386,1
-0.9737995060111945,-0.8321511718156801,2
-1.2077766935647425,-1.1264639665368177,3
-1.311001036887558,-0.7196448516757551,3
-0.4046847885462441,1.0277490981738449,6
-1.461818204256938,-0.8351301429376181,3
0.03387586182856681,0.5643915000120158,1
-1.4185564950225864,-1.3602295893218617,3
-1.7341920776073996,-0.8349308461852972,3
-0.9696428683418148,1.1985603074225069,6
-0.2611573285058854,0.776493069810382,6
-0.04507184173638268,0.8077242571529374,6
-1.1748589778311878,-1.144827328438428,3
-1.0380182526435444,-1.2959704286180767,3
-1.5143758596735841,-0.8058144042759099,3
-0.2682838765553422,0.23153099236155494,6
-0.6301259864994185,0.8595473832599889,6
-0.13428649040142407,1.131881618462204,6
-0.9696428683418148,1.1985603074225069,6
-0.1883602981951313,0.9624985952374151,6
-0.9696428683418148,1.1985603074225069,6
-1.0960086627824968,0.8428957706416147,6
-1.2077766935647425,-1.1264639665368177,3
-1.4379930209619964,-0.6488136586158965,3
-1.9316734695960318,-0.5439351792440469,3
-0.9696428683418148,1.1985603074225069,6
-1.5143758596735841,-0.8058144042759099,3
-1.5472935754071386,-0.7874510423742996,3
-0.9696428683418148,1.1985603074225069,6
-0.9696428683418148,1.1985603074225069,6
-1.626933559820456,-0.8947585535722672,3
-0.9696428683418148,1.1985603074225069,6
-0.9696428683418148,1.1985603074225069,6
-0.7998844274206166,1.0290538453412477,6
-0.28564159010372103,1.016659325652274,6
-0.7998844274206166,1.0290538453412477,6
2.9942428678260797,0.3973147050304568,2
23.52921079697931,-10.205364156692113,4
9.060787814197072,-2.2356718859143325,5
14.537245026427655,-5.451912563401247,4
5.271776260935163,-0.6596207130966976,5
2.925730698915207,0.5484867182334453,1
3.3784174487443246,-0.17514458202735506,5
2.453684598309643,-0.22373733336772367,2
0.8307576824845372,0.8618424687466172,1
-1.1229626244616,-0.7577400542976883,3
0.44283888948639466,0.8022703663508209,1
-1.2332648773187807,-2.479746246755433,2
0.37632374842452193,0.914447512943567,1
-0.2561469186138957,0.592904224319305,6
-0.531804304798154,0.671893085467229,6
0.161076949818021,0.48504627028688563,1
-1.0416230759110674,-2.1500698851707587,3
-0.8465851113747156,-1.4230862475350343,2
-1.6932500391690317,-2.6345464860274355,3
-0.43266880784764566,-3.0854090762734803,3
0.6106706241497316,0.9785032657837726,1
-1.6038496865154397,-2.684161092153777,3
-1.0588753324509206,-0.9930264091478814,3
4.246844371250217,-1.3745280103054311,5
4.056732241849827,-0.5868505140432841,5
0.457320729131703,0.5196677326046493,1
2.3053807259512586,0.4780775216536186,2
1.0953734641889106,0.9253264313366947,2
0.39678828065490135,0.903090995980706,1
-0.9790494745219832,-0.8379642734896574,3
-0.574628815789456,0.9328523169417082,2
1.1661472245870543,-0.3742728105470341,1
-0.0283546015568134,0.939990427010348,6
-1.0410796275617482,1.1804124717110058,6
-0.3266678258787664,-3.1210993534894946,3
-1.7542823593297312,-2.3703405067298613,3
1.1443537670513915,0.4893006310525034,1
-0.7443872567106542,1.1023587790229672,2
-1.5377363384975555,-3.668702506668134,3
0.22985452910433093,0.44675278838944243,1
-0.7443872567106542,1.1023587790229672,2
-1.5727795893604262,-0.924846958462141,3
-0.12036501469274566,-1.5029811268658515,2
-1.0608548572462477,-0.7174479288316296,3
0.08295864980317465,0.8780543072556758,1
1.0787604330114515,0.480351670455473,1
-0.5657427601278227,-2.677398536310454,2
0.03325667772996993,0.506912623339126,1
0.14550679166061853,0.9303551695258471,2
-0.9159869843351993,-0.9853528421565537,2
-1.339671339260732,-0.8364679564086563,3
-1.0410796275617482,1.1804124717110058,6
-0.7015627457193522,0.841399547548488,6
-0.574628815789456,0.9328523169417082,2
-1.580815803233661,-1.2029673871068167,3
-0.959514672945796,-1.0483562625096883,3
-0.531804304798154,0.671893085467229,6
-0.9972808635574333,-1.8507064912379068,3
-1.5582724481510162,-1.113742723925462,3
-1.3688918920462425,-1.6184175810628654,3
-0.8713211866405502,1.0109060096297469,6
-0.19070810120195514,1.1053745644903679,6
-0.020033128959796788,1.0104453486055425,1
-0.12775286178105372,0.995351381347253,6
0.3691126291836454,1.5917387786838506,1
-1.3303226212625294,-1.7897354616010592,3
-0.3313142517807809,0.9841628347463447,6
-1.3067349182062966,-0.8548415400928248,3
-0.9111359035123983,-1.0245592145480786,3
-0.8713211866405502,1.0109060096297469,6
-1.13432102116881,-1.7367968170027026,2
0.008596483284842683,0.607562331871566,2
-1.3879966692992092,-1.0091193414350654,3
-0.5803357234597749,0.9233720918276956,6
-1.254139852147889,-0.8841777223196491,3
-0.8324380531553361,-1.5434524337978068,3
-0.7015627457193522,0.841399547548488,6
-0.4431222410307101,1.0464526785704724,6
0.038319378873406994,0.9028837754641313,1
-1.423898293069087,-0.71467126023839,3
-1.5240536476298547,-1.0579917860858492,3
-1.2202886748971116,-1.1026290147870554,3
-1.43133851822112,-1.022289954532242,2
-0.6641156681539081,-1.2877521703069945,3
-1.0410796275617482,1.1804124717110058,6
-0.7989416815085421,-1.0132371375893907,3
-1.2448075990547076,-1.0889630822342868,3
-0.3481983729455733,0.9935656565306626,6
-0.8713211866405502,1.0109060096297469,6
-0.7015627457193522,0.841399547548488,6
-0.5399566460613342,0.9008654359946178,6
-1.4313453060998147,-1.7831313699715332,3
-1.6066725994730162,-1.286353221821639,3
0.24207320915768277,0.9890067941352371,1
-1.6187303346270723,-0.8055988780858004,3
-1.4739258811254978,-0.8863635390700707,3
-0.7015627457193522,0.841399547548488,6
-1.423898293069087,-0.71467126023839,3
-0.8713211866405502,1.0109060096297469,6
-0.8386228434099549,-1.190656907442292,3
-1.3971819835510235,-1.403151378846838,3
-0.8713211866405502,1.0109060096297469,6
-1.0410796275617482,1.1804124717110058,6
-0.8713211866405502,1.0109060096297469,6
-0.4141543635875518,0.778811403364437,6
-1.0410796275617482,1.1804124717110058,6
-0.060385978472560484,0.9204577972527348,2
-0.7015627457193522,0.841399547548488,6
-1.0410796275617482,1.1804124717110058,6
-1.0410796275617482,1.1804124717110058,6
-0.8713211866405502,1.0109060096297469,6
-1.0410796275617482,1.1804124717110058,6
-0.574628815789456,0.9328523169417082,2
-0.24785356584937285,0.6632063050563322,6
-1.0410796275617482,1.1804124717110058,6
-1.6483161651434104,-2.858791003747545,3
-1.50942978018193,-0.6669614943273973,3
-1.0410796275617482,1.1804124717110058,6
-1.0410796275617482,1.1804124717110058,6
-1.0410796275617482,1.1804124717110058,6
-0.7015627457193522,0.841399547548488,6
-0.7015627457193522,0.841399547548488,6
-1.6187303346270723,-0.8055988780858004,3
-1.0410796275617482,1.1804124717110058,6
-1.3067349182062966,-0.8548415400928248,3
-0.531804304798154,0.671893085467229,6
-0.8430398374644796,1.0180906199641375,6
-1.0410796275617482,1.1804124717110058,6
-0.8713211866405502,1.0109060096297469,6
-0.7015627457193522,0.841399547548488,6
-0.40487037486825783,0.7633458548604493,2
-1.0668041517045794,-1.1008381334184167,2
-1.8951776106248406,-1.4498123054738634,3
-0.8713211866405502,1.0109060096297469,6
-0.7015627457193522,0.841399547548488,6
-0.8713211866405502,1.0109060096297469,6
-0.531804304798154,0.671893085467229,6
-1.4489718937058742,-0.9751053401670594,3
-1.0410796275617482,1.1804124717110058,6
-0.7015627457193522,0.841399547548488,6
-1.0410796275617482,1.1804124717110058,6
-0.8713211866405502,1.0109060096297469,6
-0.8713211866405502,1.0109060096297469,6
-0.8713211866405502,1.0109060096297469,6
-0.8713211866405502,1.0109060096297469,6
-1.0410796275617482,1.1804124717110058,6
-1.0410796275617482,1.1804124717110058,6
-1.0410796275617482,1.1804124717110058,6
-1.0410796275617482,1.1804124717110058,6
-0.7015627457193522,0.841399547548488,6
-0.8713211866405502,1.0109060096297469,6
1.154717891321302,0.2391962371541338,1
1.3849194760739765,0.3563878793462871,1
-0.045672822671177164,0.5507507257945524,1
1.2321447513621349,0.09033618813382499,1
-1.6921110458851663,-1.25745841961726,3
-1.315515284575599,-2.046904533718038,3
1.3402207261655985,-0.04284226867738421,1
-1.199957237313246,-1.7303709193573034,3
0.3677002786381032,1.1938464606738048,1
-0.002786893227410875,0.15900516755294486,1
-1.0281251971921033,-1.5590710498948301,3
-0.09617171135454927,0.485443589502665,1
-0.8760699752401627,1.0096996246218675,6
0.09948080935494968,0.7754864563510279,1
-0.3396181810757712,0.9887871477182909,6
-0.9261164243817864,0.6734232985495897,6
-1.012373656284196,-1.2996425736099382,2
-0.8602427715952378,-1.5089334487510335,2
-0.052324972058047314,1.13439073476018,6
2.1327207352144115,-0.5421960191878822,1
-0.8713211866405502,1.0109060096297469,6
-0.6732813965432816,0.8485841578828788,6
0.5125393207266331,1.4368712984474044,1
0.8214228525027587,0.22446228483834504,1
-0.7414704190528418,0.7200463635628074,6
0.12871247260656601,0.7797790764581388,1
0.39857872558395385,0.6297225747283692,1
-0.21817532959034525,1.027187527710728,6
0.22508438541088044,0.5931088970041282,2
-0.7443872567106542,1.1023587790229672,2
-1.2656333062241825,1.0124362227121075,6
-1.4951619574729709,-0.21118253706090379,3
-1.3254035165517728,-0.3806889991421629,3
-0.8548782922293637,0.7832642443403067,6
-0.30639188808666046,1.034686161825705,6
-1.2656333062241825,1.0124362227121075,6
-1.8104598241603551,-0.9918873800735177,3
-0.3620458638769558,0.50238662338597,6
-0.8713211866405502,1.0109060096297469,6
-0.8713211866405502,1.0109060096297469,6
-1.3254035165517728,-0.3806889991421629,3
-1.6039582526595724,-1.8554923444493994,3
-0.23236660576958962,0.43701974933595755,6
-1.4489718937058742,-0.9751053401670594,3
0.6882618265058941,0.3861355121275286,1
0.32755812306626975,0.3743172870027999,1
-0.8011309629019493,-1.7037184159867986,3
-0.4395861660289816,-0.7943380601064636,3
0.4033721608169665,0.8570620589429823,1
-1.2308468892312576,-2.337701390361942,3
0.6706066191540769,0.3945742915634643,2
0.28728457979187016,0.8331473343596131,2
0.3834001867217583,0.6180265602246517,1
-0.27857071407404543,0.6065207304422483,6
0.34629321784453254,0.2402025925706201,1
0.26956484273213616,0.6617925456766759,2
-0.3061448743212939,0.6956694527541613,6
-0.03468006023335737,0.737654402725842,2
-1.0249962129126746,-1.086800410169534,3
-0.7015627457193522,0.841399547548488,6
-0.5125259815587514,-1.0973457139705778,3
-0.7015627457193522,0.841399547548488,6
-0.0015389061107647477,0.8650902469824749,1
-1.1235427406283105,-1.5554409190651122,3
-1.3588439556079832,-1.3185238720608017,3
0.2080778197946051,0.7333773133828724,1
-1.3247747016412266,-1.439171229562021,3
0.04248782619382002,-2.246407403605949,3
-0.13721370604109134,0.6016381694737527,6
-0.0023050202189727866,0.8320404080023818,1
-0.5742699473428357,-1.063085035673094,3
1.9097076024438606,0.02113042862853806,1
-0.895591294999654,-1.1773382522136786,3
-0.48269861165648476,0.8711913146110185,6
-1.8620449500004024,-2.709310725563758,3
-1.7829009480969733,-1.281678085794128,3
-0.32065315709022796,-1.4095422428346263,3
0.2459067243000521,0.6189385922473596,1
-1.0958748653029844,0.8429297606308487,6
-0.40487037486825783,0.7633458548604493,2
-0.8204232376484144,0.7640533390910641,6
-0.729313337713402,-1.126936704034663,3
-0.8713211866405502,1.0109060096297469,6
-0.33694883109795853,1.0932875829607638,6
-1.3476659456910802,-0.9256345290361213,3
-1.6139815234884292,-0.5649300255994367,3
-1.6139815234884292,-0.5649300255994367,3
-1.4124514224500437,-1.469504339633094,3
-0.9261164243817864,0.6734232985495897,6
-0.33694883109795853,1.0932875829607638,6
1.3264695679426486,0.14424269575338078,1
-0.32326911881329007,-1.9954515129244002,3
0.15665079186513436,0.3190295164080665,1
0.32022353175299123,0.40255032732525137,2
-2.004609102316148,-1.58837813675436,3
-1.4811484310058594,-0.6597768839930064,3
-0.6671764446348641,0.6037527618567292,6
-0.15838711665878683,0.44489807745042226,6
-0.7409398914281173,-1.0090360097125135,2
0.5890923556614498,0.683659515224897,2
0.6240622419000978,0.2277780872128364,1
0.8947965709369127,1.0255603960938573,1
0.3476993492823446,1.12969523965992,1
-0.8713211866405502,1.0109060096297469,6
-1.3542952067086567,-1.2274982481671082,3
-1.6471397426597767,-1.6629577589112867,3
-0.8713211866405502,1.0109060096297469,6
-0.8713211866405502,1.0109060096297469,6
-1.6066725994730162,-1.286353221821639,3
-1.0410796275617482,1.1804124717110058,6
-1.0410796275617482,1.1804124717110058,6
-0.40487037486825783,0.7633458548604493,2
-0.8713211866405502,1.0109060096297469,6
-0.8713211866405502,1.0109060096297469,6
-0.9888741295876006,-0.7575130121372631,3
10.083624394645277,-2.6471804241333072,4
2.5526624477457482,0.30893255698143174,1
2.311860152771709,0.36597872539401766,1
2.7806502372519266,0.5151935950399534,2
1.9107310478583175,1.2603236033807224,1
3.100467203046085,0.689425451847049,5
2.406155602004718,0.9967635515057552,2
2.584518310090556,0.5760432087293357,2
3.81217331496876,-1.3338745151658895,5
0.6748950002228096,0.7601399512034314,2
0.9134054290093409,0.6169769574348896,1
0.6688894231307982,1.5493632388324416,1
0.7227408408992956,0.5716051568167241,1
-0.36628477034237716,1.0036395282903352,6
0.7919712819831489,1.0071024103741195,1
-1.3872767275369506,-1.8826683212401227,3
-0.7716900939622277,-1.0657835658224577,2
-1.3370233822090594,-1.7111316761655702,3
0.1624700659832687,-1.622234699615305,3
-1.321563195007716,-1.5201875148167256,3
-1.7280308890722142,-0.944236261844203,3
-0.7015627457193522,0.841399547548488,6
-0.8713211866405502,1.0109060096297469,6
0.2593040303163442,0.3061636815161603,1
0.9435649505657424,0.4011871086097837,1
-1.3067349182062966,-0.8548415400928248,3
-1.5104264447619367,-1.6640521729476503,3
-0.7015627457193522,0.841399547548488,6
-1.4728531929634576,-1.1613911591411061,3
-0.531804304798154,0.671893085467229,6
-1.0410796275617482,1.1804124717110058,6
-1.3390791800465995,-0.5623789989672323,3
-0.22789049748731846,0.7271803947509183,6
-1.0410796275617482,1.1804124717110058,6
-0.40487037486825783,0.7633458548604493,2
-0.6331117495144748,-1.3800693681430969,3
-1.0410796275617482,1.1804124717110058,6
-1.0410796275617482,1.1804124717110058,6
-1.0410796275617482,1.1804124717110058,6
-1.0410796275617482,1.1804124717110058,6
-1.0410796275617482,1.1804124717110058,6
-1.0410796275617482,1.1804124717110058,6
-1.5582724481510162,-1.113742723925462,3
-0.49538406076318814,0.876028478585371,6
-0.8713211866405502,1.0109060096297469,6
-0.7015627457193522,0.841399547548488,6
-1.5993338325740902,-2.1635973408102123,3
-0.8713211866405502,1.0109060096297469,6
-0.8713211866405502,1.0109060096297469,6
-0.8713211866405502,1.0109060096297469,6
-0.8713211866405502,1.0109060096297469,6
-0.8713211866405502,1.0109060096297469,6
0.1779610709828134,0.4756434485025678,1
-1.0410796275617482,1.1804124717110058,6
-0.8713211866405502,1.0109060096297469,6
-1.6187303346270723,-0.8055988780858004,3
-1.0410796275617482,1.1804124717110058,6
-1.1344089992831015,-1.2253764632325888,3
0.39263652279268435,1.1822394595494647,1
0.0742722983189611,0.7143603657522344,1
-1.2787154508323162,-1.5418424237144122,3
-0.4701394404969986,0.7059698445650234,6
-0.8194814731210507,-1.132698122688198,2
-1.5038419527306328,-1.3125471641169837,3
-1.2656333062241825,1.0124362227121075,6
-0.7537193681699174,1.3643441408762793,6
-0.416841101618192,0.16490391230581275,6
-1.817264873715505,-1.2914393665726864,3
-1.1247356723921251,-1.3426293470901736,3
2.19943553141597,0.09608943245828104,2
2.600612810747163,0.15865108464071476,1
0.9826277919164639,0.8643427896871358,1
-0.9053235737694955,-1.23952057815471,3
-0.3787384416509311,-2.904444363751898,3
1.9192862489983193,0.7174095763726223,1
-0.21337701200661782,-0.6531570942332277,3
-0.14934665526524915,-0.48931860710279296,3
-1.2804333652916824,-1.203475217706964,3
-0.6942621920152803,-2.2030421924542756,3
3.2555306865932727,0.08213899871108515,5
2.387364669936724,0.07746106703973574,1
2.3475957334547464,0.5075147117339374,2
9.326989949906098,-2.3450543694593775,5
-1.1339109709962274,-1.4725162350800045,3
2.184081217939158,0.0006362237723896754,2
0.2565330111450931,0.7341514725633144,1
-0.9036520744366264,-1.0395017543863831,2
-0.8363274167017888,-1.3141260851561747,3
-0.7442016703886404,1.3667620223363628,6
-0.4046847885462441,1.0277490981738449,6
-0.7442016703886404,1.3667620223363628,6
-1.7153836861530913,-0.378058294975829,3
0.8797157575311048,1.2465513187936952,1
0.6180123707298418,0.9294243734460593,2
-1.2944150445265672,-1.7604855690259484,3
3.721659039536918,-0.6587128578318477,5
1.73715116176277,0.7112856113168284,1
-0.3728981363666577,-1.0374936926800118,3
0.9324934782660338,0.8816390733403596,1
2.1733300705815464,0.5792921413485156,1
0.9224497342184763,0.4743199032444534,1
-0.045455223543841516,0.49929877651117555,6
-1.410221735158153,-1.4215078179728258,3
0.7561116454561609,0.6563760557749281,1
-0.8275552930760485,-2.056348306673246,3
-1.7153836861530913,-0.378058294975829,3
-1.4770794958810027,-1.3772829222670961,3
0.731072918369941,0.6168355579739303,1
0.11435901483387041,0.48540151335540493,1
-0.8835079102743334,0.7919628253858542,6
1.600154058125657,0.4969341181128451,2
1.632266952902819,0.4187528014326576,1
1.0207887046712665,0.4308464638936899,2
-0.9226813734253765,-0.8949782517188752,3
-1.3721754207857622,-1.9846809946331128,3
0.16052469589253046,0.7875175181014357,1
0.4939080829435365,-1.3037324281623215,3
1.6573189955701777,0.35725064008106266,1
-0.6992316635571875,-1.6536194343509785,3
-0.8983559258511078,-1.8782303866621517,3
-0.28583602408051495,0.7830841552751565,6
-0.09092119504329424,0.9130125643465788,6
0.9697885829578087,0.43594464411178874,1
-0.4689027353635891,-1.5675920752784576,3
0.49522678952633126,0.985814496158465,1
7.330461055369273,-2.131843060837773,5
0.5842068566347282,1.211057156213781,1
1.0206245894860273,0.8183390955893527,1
1.2165742449678634,0.23597854598977533,1
0.802627329448384,0.7543899142934538,1
-0.7442016703886404,1.3667620223363628,6
1.7178870516207938,0.570520447341095,1
-0.7620831972781177,1.362219388882598,6
-0.7260823223687739,-1.774643598859103,3
-0.7442016703886404,1.3667620223363628,6
-0.44750929953754615,1.2887083296483242,2
-1.4048023107435308,-0.8261800477280198,3
0.3923988522572821,0.5834779773810831,1
0.27061087381466326,0.9257255869923969,1
-0.3995485473193701,-1.6959017238379965,3
-1.0999939055272785,-0.7212655613261942,3
-1.127655745264465,-1.6150514632465276,3
-0.9297542135014113,-0.45324146650657743,3
-1.7830294210965207,-1.3600335725553128,3
-0.7762831297200721,-0.6152781661365794,3
-0.7190503353242043,-1.0300732484703041,3
-1.193742999668421,-1.0115467006276597,3
-1.3949165023220365,-1.5051984495434003,3
0.7600401743597273,0.8389514778608939,1
-0.05372337339138942,0.9817716741306852,6
-1.6498755861572447,-0.3614165792894116,3
-0.9066903031348797,-0.8651094198428099,3
-0.8255456624328749,-0.7712633254923966,3
1.1610032675217021,0.9023435716560076,2
0.3257926169719444,0.8054750162526891,1
0.5529946561789106,0.9537467272621986,1
0.6482777174066019,0.9153507392646604,1
0.36207788987789125,1.1494653525846092,1
0.5553525026495918,1.241517740410526,1
-0.44750929953754615,1.2887083296483242,2
-0.6145794095549121,-2.111196157861122,3
0.3923988522572821,0.5834779773810831,1
-0.9092441323987549,-1.5225778362635942,3
-0.6855102493324087,-1.198640793894312,3
0.3475089049525861,-1.5012628189876593,2
0.990324111050534,0.5595262192293563,2
-1.1353077351999445,-0.7377928079372498,3
0.3938585592204873,0.8411554557218055,1
-0.5521390207911787,-0.7240235222096485,3
-0.5764578462919898,-1.1117306579548565,2
-1.1435719178917987,-1.5917075991275094,3
-1.1522672666539668,-0.8405239244908832,2
1.3483598012059193,0.22565349186881278,1
-0.7442016703886404,1.3667620223363628,6
0.14136617934905005,0.7231708911796055,1
-0.5744432294674423,1.1972555602551038,6
-1.1693084829245883,-0.5192503526842761,3
0.40644019487487737,0.760601227941429,1
3.6367324596441333,-0.289619337072416,5
1.006748433877883,0.7168156575687958,1
-0.5983513347821191,-0.8977692087986294,3
0.5529946561789106,0.9537467272621986,1
0.5388073195782517,0.8490322022180092,2
-0.5923247563569195,1.1927129268013388,6
-0.00042121014078670514,-1.1057004394622387,3
-0.3167223772000326,-0.8693571466323566,3
-1.7218214775690013,-1.9145348213832263,3
-0.5700205476806559,-0.7285661556634134,3
-1.5175581840917904,-0.7561620569440964,3
-1.2247991984385551,-1.4218330598963729,3
1.3533075680353086,0.6009122717016175,1
1.5294385418436898,0.2008745677133244,1
0.21689843198965028,0.42846378782854977,1
0.7360675067054898,0.39279580394351604,1
0.6920806442367405,1.0903353516732994,1
-1.6519457200146352,-1.2335447956205612,3
1.1176513074860541,0.33294614415562135,1
0.2220428089329968,0.7388368775400892,1
1.7907731151053485,0.928436702633246,1
0.5367111596731465,0.7775920237680053,1
1.4996541995435424,1.2406848192375912,1
-0.6926814533321454,-0.645754975078533,3
-1.2845395723940405,-0.764843033339863,3
-0.6081162762680994,-0.7302297964397207,2
0.9090755446645981,0.3725760740077261,1
1.1636716537910716,0.9008653904168816,2
-0.43930206131054894,-0.8618417080786203,3
0.06176602322604825,0.7801889434045473,2
-1.2003444452877206,-0.9614480616983441,3
-0.7913972505104946,-0.7902929937529363,3
-0.1605461489340848,1.0412369362673837,6
-0.788276857081531,-0.5924705622254453,3
-0.23492634762504605,0.858242636092586,6
-0.5744432294674423,1.1972555602551038,6
-0.7913972505104946,-0.7902929937529363,3
-0.5744432294674423,1.1972555602551038,6
-0.5744432294674423,1.1972555602551038,6
-0.8022251769487372,-0.7842594756636806,3
0.5519829913624545,0.8449158741546177,1
-0.9503260964017137,-1.3752822922419627,3
-0.4046847885462441,1.0277490981738449,6
-1.226913815964417,-0.8717853404163066,3
-1.0446857761787764,-0.8486652711891379,3
-1.3456027394653831,-0.8056066989123978,3
-1.2008617832183295,-1.2355779062699999,3
0.41406209777810477,1.3199430005717292,1
-1.2761305903511178,-1.3183621343632093,3
-1.592454337235294,-1.8652743801105223,3
-0.4046847885462441,1.0277490981738449,6
-1.1154425280307707,-1.283226341485644,3
-0.7160393494580445,-0.6327383813421327,3
-0.7284171973182766,-0.5508883755322885,3
-0.4046847885462441,1.0277490981738449,6
-0.7442016703886404,1.3667620223363628,6
-1.0915612287731875,-1.0969405225115973,3
-0.7442016703886404,1.3667620223363628,6
1.131354433779838,0.970654937515869,1
-1.2613196696943856,-0.9274340604303383,3
-1.6576969724850776,-1.9039318519316601,3
-1.5316995261124386,-1.5001290149569568,3
-0.911872686611934,-0.4486988330528125,3
-1.3217775561704415,-0.6192902145906762,3
-0.5744432294674423,1.1972555602551038,6
-0.7442016703886404,1.3667620223363628,6
-0.7857548212646301,-1.881827291210408,3
-0.5744432294674423,1.1972555602551038,6
-1.1050688413713095,-0.5405623124797081,3
-1.6459877434912547,-2.2343256503821696,3
-0.5744432294674423,1.1972555602551038,6
-0.7442016703886404,1.3667620223363628,6
-0.9218027878519894,-1.2664469845928563,3
-0.7442016703886404,1.3667620223363628,6
-1.4310781106155837,-0.7579275983490793,3
-0.5744432294674423,1.1972555602551038,6
-0.4046847885462441,1.0277490981738449,6
-0.41197271651602413,-1.5008569698300933,3
-0.4046847885462441,1.0277490981738449,6
-1.1399239694534258,-1.2695714639728897,3
-0.6206254403802967,-1.084801877771832,3
-0.5744432294674423,1.1972555602551038,6
-1.2613196696943856,-0.9274340604303383,3
-0.7442016703886404,1.3667620223363628,6
-0.3509320228865946,0.9014828974931904,6
-0.7442016703886404,1.3667620223363628,6
-0.7442016703886404,1.3667620223363628,6
-0.5744432294674423,1.1972555602551038,6
-0.44750929953754615,1.2887083296483242,2
-0.7442016703886404,1.3667620223363628,6
-0.7442016703886404,1.3667620223363628,6
-0.5744432294674423,1.1972555602551038,6
-1.3706202241395276,-1.066071444188741,3
-0.5744432294674423,1.1972555602551038,6
-0.7442016703886404,1.3667620223363628,6
-0.4046847885462441,1.0277490981738449,6
-1.5229678152446404,-1.1058802321873722,3
-0.06516790670384785,0.688736174011327,6
-0.5744432294674423,1.1972555602551038,6
-0.44750929953754615,1.2887083296483242,2
-0.10570453161085455,-0.9604424842126865,2
-0.5744432294674423,1.1972555602551038,6
-0.5744432294674423,1.1972555602551038,6
-0.5120763806518239,-0.8213051770316058,3
-1.3891565609696914,-2.527392951589207,3
-0.7442016703886404,1.3667620223363628,6
0.3964512581059676,0.5061446187888629,1
-0.44750929953754615,1.2887083296483242,2
0.2311780600396904,1.405528055362936,1
-0.42439039899068476,1.1418877260254472,6
-1.419581626399536,-1.017143202241052,3
-1.7153836861530913,-0.378058294975829,3
-1.7153836861530913,-0.378058294975829,3
-0.6761287123549815,0.6014785225770626,6
-1.650315291727399,-0.8136227388917873,3
-0.48652664730990114,-1.63319945535023,3
-0.7442016703886404,1.3667620223363628,6
-1.3271109812623114,-1.4677947384773424,3
-0.4711205222351691,0.6867701627870293,6
0.20117306294227422,0.16260533783040462,1
0.465860136111189,0.28999414578424126,1
-1.6048553791168827,-1.512592440838739,3
-1.1004151766561248,-0.7959476406781316,3
-0.05666055119562965,0.8939215653906903,6
-0.7288798103837425,-0.8396195163185104,3
-1.545625245231893,-0.547564757057088,3
-0.5923247563569195,1.1927129268013388,6
-1.4942323154947077,-1.6491284832277382,3
-1.545625245231893,-0.547564757057088,3
-1.0960086627824968,0.8428957706416147,6
-1.545625245231893,-0.547564757057088,3
-1.3796051092686303,-0.7650070098773687,3
-1.545625245231893,-0.547564757057088,3
-1.7153836861530913,-0.378058294975829,3
-0.856061686624797,-0.7687641040856869,3
-1.375866804310695,-0.7170712191383469,3
-0.9350686921019037,0.6711490592699231,6
-0.7620831972781177,1.362219388882598,6
-0.42454949140983106,1.0227026575463203,6
-0.9350686921019037,0.6711490592699231,6
-0.7620831972781177,1.362219388882598,6
-1.7153836861530913,-0.378058294975829,3
-1.56345614372167,0.8258466341415652,6
-1.6635502517022975,-1.6044760469025632,3
-0.5220855054804522,-0.6656092895413773,3
-0.902398758995852,-1.8154175244347581,3
-1.1937258254336622,-0.9796557944474216,3
-1.2745855739442997,1.010161983432441,6
-1.8523111022931464,-0.9758084792341323,3
1.386739891071158,1.5134394483269837,2
0.8585045564086599,1.558550813896839,2
2.616524926692979,1.0219846295623727,1
1.3758413291596985,1.1961934977157471,2
0.4204136383754543,1.041853530525905,1
0.8072820906228197,1.0264492778849634,1
-0.5744432294674423,1.1972555602551038,6
-0.9275812502134996,-1.624843552318999,2
-0.40736902514739537,-0.717467260635256,2
-0.5744432294674423,1.1972555602551038,6
-0.7442016703886404,1.3667620223363628,6
0.5071806229084502,0.9029292406412115,2
0.33244566571169,0.9249959671714223,2
-1.1048271330231016,0.840655521351182,6
3.03561566614511,0.316868612836729,1
0.9160829728951871,1.2893915400748495,1
1.697466266156496,0.5443385755211604,2
1.4669986758342426,0.6614590221809178,1
-0.05974215747617769,0.9851205342606311,6
-0.5744432294674423,1.1972555602551038,6
-0.6557872215116767,-0.9407697875736556,3
-0.3199268577872493,0.4902499745456015,2
-0.4046847885462441,1.0277490981738449,6
-1.2438152932738964,-1.1368004194230183,3
-0.5744432294674423,1.1972555602551038,6
-0.4046847885462441,1.0277490981738449,6
-0.23492634762504605,0.858242636092586,6
0.4010876288617952,1.0525964992214307,1
-1.0915612287731875,-1.0969405225115973,3
-0.24279810907501517,1.0870616598816027,6
0.11886824752898918,1.0101736440759228,1
-1.0079386006565176,-0.5947150085506628,3
0.44329910552324914,1.029134810897754,1
0.16009350259223507,1.2617206641286005,1
-0.7442016703886404,1.3667620223363628,6
-0.9221939940835542,-0.6424926486594318,3
-0.8738198369196878,-0.46990710586595835,3
-0.7442016703886404,1.3667620223363628,6
-0.7442016703886404,1.3667620223363628,6
-1.1795218753499828,-0.4990366362989995,3
-0.5744432294674423,1.1972555602551038,6
-0.7442016703886404,1.3667620223363628,6
-1.154061151907442,-0.9872617678173085,3
-1.3217775561704415,-0.6192902145906762,3
-1.0915612287731875,-1.0969405225115973,3
-0.5744432294674423,1.1972555602551038,6
-0.7442016703886404,1.3667620223363628,6
-0.7442016703886404,1.3667620223363628,6
-0.5744432294674423,1.1972555602551038,6
-0.7442016703886404,1.3667620223363628,6
-0.7442016703886404,1.3667620223363628,6
-0.7442016703886404,1.3667620223363628,6
-0.7442016703886404,1.3667620223363628,6
-0.5744432294674423,1.1972555602551038,6
-0.5744432294674423,1.1972555602551038,6
0.07798987127342333,0.8334369922886815,1
-0.7442016703886404,1.3667620223363628,6
0.17629701900331338,1.0532945292644376,1
-0.856061686624797,-0.7687641040856869,3
-1.6040920501390845,-1.8555263344386335,3
-1.657535176697804,-0.884850196039048,3
-1.7836230045699413,-1.8872710351418742,3
-1.0027696816975513,0.43822278827418415,6
-1.1048271330231016,0.840655521351182,6
-0.7640663732522274,1.3617155817088384,6
-0.7640663732522274,1.3617155817088384,6
-0.7564917809401005,0.5038828464790966,6
-1.2745855739442997,1.010161983432441,6
-0.9060683998877462,-1.0902726738114,3
0.2429262797172695,1.201497599144169,6
-0.5839609272487193,1.1948376787950201,6
-0.5820166607810527,0.8624308137860133,6
2.3629059057200044,0.7661803708016752,2
1.3960110902694602,1.2528673723487702,2
2.096424014023287,0.960980428702372,1
-0.8685719400503802,1.0116044298267661,6
0.14557927081231262,-1.6935851011970502,3
-1.1176429811926574,-0.7563886490387887,3
-1.7915077691358894,-1.4639937253108992,3
0.052255738083077055,0.46460297434866116,1
-0.7631486525672986,-1.8106828828375188,3
-1.261258080044419,-2.151221285368049,2
-1.4696231522094716,-1.2567962262773709,3
-1.301330215499838,-1.5665919347244244,2
-0.08255736593509398,0.9151373163402602,6
-0.7537193681699174,1.3643441408762793,6
0.36052754511572954,1.0674391593558077,1
-0.9091162682873126,-0.8726063097175923,3
-1.1249602258120477,-1.2856442229457274,3
-1.3796205839901956,-0.7943594810771688,3
-0.49780173427556523,-1.0738567383919804,2
-0.7537193681699174,1.3643441408762793,6
0.20010176872596747,1.4624568306186483,2
-1.7837399644096272,-0.39542356351817776,3
-1.317289152637335,-0.6429837182874755,2
-1.8001167704635206,-1.7573812790828995,3
-1.6093710155387926,-0.6923506236757325,3
1.4558684309164898,0.7397114947627533,2
-1.0383303809715783,1.1811108919080253,6
-1.0383303809715783,1.1811108919080253,6
-1.5903048307363075,-0.5589151848514917,3
-1.4442230825672309,-0.7344364876806956,3
-1.7837399644096272,-0.39542356351817776,3
-1.2656333062241825,1.0124362227121075,6
-1.324826946874744,-1.3165443235125913,3
-0.6988134991291821,0.8420979677455074,6
-1.9160265601420956,-1.204626785862532,3
-1.0350889863549055,-1.9600542435920427,3
-0.969879384766701,-1.0403580237835597,3
0.07316783879607143,1.3710040612254282,6
-1.6134106913581296,-0.804247472826901,3
0.030343327804769407,1.6319632926999073,2
-1.30922197939236,-0.5747131365687617,3
0.6828996688480015,1.6859030393296377,1
0.8169933192142539,1.2126283197584036,1
-0.9848365186621385,-0.8897608259650148,3
-0.7537193681699174,1.3643441408762793,6
0.586943847024085,0.9991204680465855,1
1.063120332451293,0.279718116311269,1
-0.7531106852073133,-0.819342382045769,3
-0.4954744296630764,-2.3573388928559886,3
-0.9212865983466062,-0.9251818577089117,3
0.7709518161462032,0.7642626963005686,1
-0.7537193681699174,1.3643441408762793,6
-0.7537193681699174,1.3643441408762793,6
-0.28834674747248773,-0.878340154162682,3
-0.5839609272487193,1.1948376787950201,6
-1.2759094576221353,-0.869803981044759,3
-1.585650350379196,-1.4205171006778337,3
2.54934104180325,1.9885883022269493,1
2.5362786012351677,0.7733708559519473,1
-1.378599939569168,-0.8958915305901136,3
-1.7600632716575055,-0.38940872277023275,3
-1.4211490464789172,-0.7139728400413707,3
-1.6016379803430831,-1.1514701526449047,3
0.2429262797172695,1.201497599144169,6
4.089893299365948,-0.11192740623155027,5
2.1953669039168617,0.17551149232000468,2
1.785319689325965,0.11710054426947049,1
0.19281531008477093,-0.900259912710868,3
-0.1217132355294825,0.6801245469305355,6
-0.7998844274206166,1.0290538453412477,6
-1.435345063910324,-1.5234773783728104,3
1.494888494307913,-0.13224359639734845,2
-0.6544921093340474,-1.2186237572533458,2
0.8886669775737878,0.43704655284427774,1
1.2118711706499583,0.7321282961742147,1
1.1588584803592064,0.7614378710685541,1
1.3053644184949444,0.4056807696758583,1
1.3655183794694556,0.8228759410328884,1
0.6793103247678458,0.34551811838202373,1
0.3316110810283452,0.7460660402922801,1
2.628608658704693,-0.24916724595450637,1
0.5037973684853795,0.5568458788523042,1
0.2063840701526219,0.9660209165263282,1
1.0876624427838368,0.43290600805946644,1
1.4409591857837145,0.30732166232547015,1
-0.7652041547000908,-0.7509488362110367,3
0.550141702195637,-1.374836881907793,3
1.0245843792594909,0.7601516229610858,1
1.184644291468065,0.5351232761767808,2
-1.1074404846348322,-1.2319854335597746,3
0.5207065158279084,1.0702218777509827,1
-0.11745041445013743,-1.0809122658385604,3
2.277118832455754,0.07800839790946913,2
-1.8085921164262384,-1.1864432978582058,3
0.18924060650924038,0.876828492478668,1
-0.7938140128638685,1.3541584741024457,6
0.47889560035295636,0.6946251034639264,1
-0.9245322972016436,-1.0612784988011204,3
0.047739151124523066,-1.2782741076619242,3
-1.1182916505975888,-1.4272337367195662,3
-1.2412494602078996,-1.009411136185616,3
-0.4971216420127743,1.276104781414407,2
0.1912922966804807,1.1366563701056633,2
-0.9652453926004871,-0.7336451431200983,3
-0.7938140128638685,1.3541584741024457,6
-0.5732170888909361,-1.132425618023222,3
-0.4656713271403431,-1.3166713439647524,3
0.4307395218013544,1.1579539107133943,2
-0.7366019458843623,-0.8915089348995144,3
-2.0280902589790775,-1.4272841722979257,3
-1.3274677019115981,-0.8864843645672602,3
0.1398411752579693,0.7283958339575499,1
-1.4701865473405324,-1.4139436197084987,3
-0.9938037719883682,-1.9144583354902809,3
-1.1336648450181823,-1.3270386472374833,3
-1.7248846139357927,-1.538065190839799,3
-0.7938140128638685,1.3541584741024457,6
0.06808867044932543,0.7682866391723158,1
-0.011876756486359809,1.1177389995278189,6
0.05666870080622888,0.9741090297107922,1
0.2049509383679283,0.9220467752425359,1
0.9126772334355748,0.8221430970726938,1
-0.9677986128153597,-0.786274126874672,3
0.997343791957734,1.0802787968622378,1
0.0561736744427422,0.4920382722223827,1
0.35118145426267183,0.9111094338757532,1
-0.912587348818321,-0.718536981096087,3
-1.3053389196113176,-1.3062061248686814,3
-1.4189231001371128,-1.39273571681859,3
0.4545740552859326,0.8701788447585213,2
-0.6043304363050986,-0.6922165142288605,2
0.17927887812793716,1.011475172953392,1
0.2669675074569365,-2.20354599716068,2
-1.199873013013325,0.6184799222648097,6
-1.2551510811061128,-1.2760804147573597,3
-0.6301259864994185,0.8595473832599889,6
-1.768579925772538,-1.7132948871737763,3
0.17180556450513434,0.6871371778840543,1
-0.6458470646975359,-0.742544205981855,3
-0.953944306164812,-1.1057912812906654,2
-0.32081111244894184,-1.1458873361596493,3
-0.9245322972016436,-1.0612784988011204,3
1.6417103050857638,0.14410317953664678,1
-0.6662074453526677,-2.376018987174336,3
0.5390784853631145,0.6307944687157461,1
-0.3179897585950372,1.0582268831256525,6
1.325594533735064,1.3422163501962452,1
2.934572796706438,-0.30833328794786913,5
0.7354159295307697,0.3856420663718292,2
-0.3549482048507512,-1.8216527086326997,3
0.14470546197414272,0.8265754764379277,1
0.3922007027587164,1.0387564086451908,1
0.8544714524342524,0.33558254260054665,1
-0.8791149339938861,-0.7606842366166618,3
-1.489027368156327,-1.2939782050988697,3
0.2990555084085441,0.7153700136475276,1
0.02117106215609162,1.024354929413127,6
-1.0339673110404353,-0.7867359458211379,2
-0.6729504974907206,1.120506614734468,2
-0.7998844274206166,1.0290538453412477,6
-0.9696428683418148,1.1985603074225069,6
-0.9696428683418148,1.1985603074225069,6
-1.6565941298522806,-0.9260884261327021,3
-0.6301259864994185,0.8595473832599889,6
-0.7998844274206166,1.0290538453412477,6
-1.3689579708023687,-1.2859719343607112,3
-1.1932929777216668,-1.4587659258765675,3
-1.4379930209619964,-0.6488136586158965,3
-1.4863183510004736,-0.8214650436423054,3
-1.4868356889310825,-1.0955948882139612,3
-0.9696428683418148,1.1985603074225069,6
-1.4868356889310825,-1.0955948882139612,3
-1.3170772480098842,-1.2651013502952202,3
-1.123317894613939,-0.8991461123767743,3
-0.9696428683418148,1.1985603074225069,6
-0.46036754557822035,0.69004092117873,6
-0.929286650665543,-0.7327716746247718,3
-0.9696428683418148,1.1985603074225069,6
-1.4863183510004736,-0.8214650436423054,3
0.762019672197365,0.8122176308782205,1
0.21492992604072972,1.1910382580416414,1
-2.0419598427284398,-0.8955148905173852,3
-2.211718283649638,-0.7260084284361262,3
-1.7255222662459544,-1.0720861545576825,3
-2.0419598427284398,-0.8955148905173852,3
-1.4327910477658408,-0.8277560672807052,3
0.6549699985124688,0.566507059202671,1
-0.8032534636015622,-1.4974014716607615,3
0.18427490859815254,0.6590424840606457,1
-0.2845386901002741,0.8456390878586689,6
0.8822152017583285,0.9448448990996049,1
-0.6796662934137708,0.6527415214243462,6
-2.0714515352410894,-0.579444480045168,3
-0.7938140128638685,1.3541584741024457,6
-0.6320242469216744,-1.3931949487158712,3
-0.6240555719426704,1.1846520120211868,6
-1.007658268407822,-0.45339440668209063,2
-1.4741090801801142,-0.20583425191279275,3
-0.4971216420127743,1.276104781414407,2
-0.9553148634309551,-0.9761085138910311,2
-2.0714515352410894,-0.579444480045168,3
-0.45429713102147223,1.0151455499399278,6
-0.7938140128638685,1.3541584741024457,6
-0.6240555719426704,1.1846520120211868,6
-1.3568872357596589,-1.2138482777018933,3
-1.3660152610901695,-1.408350209980461,3
-1.3952150819406113,-0.8182102471463149,3
-0.16112766210942817,-1.1692705664591267,2
-0.7938140128638685,1.3541584741024457,6
-1.3043506392589161,-0.3753407139940519,3
-0.7938140128638685,1.3541584741024457,6
-0.45429713102147223,1.0151455499399278,6
-0.7938140128638685,1.3541584741024457,6
-0.7938140128638685,1.3541584741024457,6
-0.9648337574165199,-0.7143536381565697,3
-1.3169107186287534,-0.96171208533821,3
-0.7938140128638685,1.3541584741024457,6
-1.9316734695960318,-0.5439351792440469,3
-1.002198885272309,-1.217554384452436,3
-1.007658268407822,-0.45339440668209063,2
-1.1536759364368578,-0.8586558109512353,3
-0.6240555719426704,1.1846520120211868,6
0.49992910809777,0.7909950860933183,2
-1.1241540654480726,-0.6242384525758832,3
-1.0808427636348463,-1.0350111971435976,2
-0.9696428683418148,1.1985603074225069,6
-0.7998844274206166,1.0290538453412477,6
-1.1827030929279554,-0.8660298866081483,3
0.37571586219203673,0.6606382833775749,2
-1.1319519321126998,-1.6801348564963383,2
1.0267517264058188,1.2631864124290286,1
-0.2101584914093129,1.0286333880334666,6
-0.32736320109157613,1.106598319333148,2
-0.7938140128638685,1.3541584741024457,6
0.5176909021905293,0.8350683460704411,2
0.5387788543234835,0.5488159802449343,2
-0.7938140128638685,1.3541584741024457,6
0.875159334219014,0.8194745935932561,1
-0.9535594536927411,-1.0686525744580333,3
-0.3727542998586762,-1.703752903419105,2
-0.6301259864994185,0.8595473832599889,6
-0.6240555719426704,1.1846520120211868,6
-1.4868356889310825,-1.0955948882139612,3
-0.6944504291980391,-1.125748869983656,2
0.8340336691492333,1.0041373512526142,2
1.5144084503984139,1.1387588416592644,1
-1.5119019082759904,-1.0067917564216238,3
1.1757316970857739,0.5295881083946999,1
-0.4044665560225584,0.8833237505469211,6
-0.5161401028211169,0.8707232818118635,6
-0.9307597348566007,-1.3557981360050468,3
-0.9696428683418148,1.1985603074225069,6
-0.9696428683418148,1.1985603074225069,6
-0.9696428683418148,1.1985603074225069,6
-0.7998844274206166,1.0290538453412477,6
-0.9696428683418148,1.1985603074225069,6
-0.7998844274206166,1.0290538453412477,6
-1.5896433176301787,-1.1630267549427067,3
-1.3170772480098842,-1.2651013502952202,3
-0.6301259864994185,0.8595473832599889,6
-0.47123207426873537,-1.062474503251467,3
0.49237526324019476,0.837848285150788,1
1.3407958558058506,0.35158564855169433,2
0.20830100406971372,0.8078069579224993,2
-1.352432067633257,-1.7151586305186373,3
-0.047340121665897544,-1.1081514957803604,2
-0.8441756322234025,-1.674075250683777,3
-0.45429713102147223,1.0151455499399278,6
1.7287741435697652,0.32538629518101975,1
0.2539894709631286,1.169335819098013,1
-0.07483756451276039,0.9533145030851592,6
-1.1765017411250422,-0.5409968103248572,3
-1.4288432540146576,-0.9990470801295701,3
-0.7938140128638685,1.3541584741024457,6
-0.7938140128638685,1.3541584741024457,6
-0.6240555719426704,1.1846520120211868,6
-0.7938140128638685,1.3541584741024457,6
-0.7938140128638685,1.3541584741024457,6
-0.45429713102147223,1.0151455499399278,6
-0.45429713102147223,1.0151455499399278,6
0.07646201396495056,1.0686045961288098,1
-1.63249039232604,-1.2846624686493417,3
-0.6240555719426704,1.1846520120211868,6
-1.4806904530908118,-0.7705311465829966,3
-0.7938140128638685,1.3541584741024457,6
-0.6240555719426704,1.1846520120211868,6
-0.6240555719426704,1.1846520120211868,6
-1.5899910075359538,-0.9091685303413991,3
-1.4202325666147557,-1.0786749924226582,3
-0.42748325531515813,-0.9390973092989447,3
0.005607887065741036,0.5952644308730549,1
-0.18328242496094924,-1.074779714381389,3
-0.4910669285138662,0.8222343084784012,6
-1.5277063166516458,-1.257243256005337,3
-0.13875030661502286,0.614551749370204,6
-1.694309736164092,-1.8240477038219503,3
-0.8158808603818276,-0.6478356730674073,3
-1.4741090801801142,-0.20583425191279275,3
0.12375030251514077,1.2112907495963106,1
-1.651184913642489,-1.313126890168921,3
-1.6650830850907787,-1.380219778614786,3
0.06413277888600653,0.6954757168573681,1
-0.3517419742239114,0.5336821142895636,6
-0.8441456283527294,-1.1211626434020496,3
-1.5921565877536354,-0.8829481034065648,3
-1.7619150286748337,-0.7134416413253059,3
-2.0419598427284398,-0.8955148905173852,3
-1.6272793145404052,-1.8614168405247056,3
-1.2904537614681657,-1.7249164510835533,3
-2.211718283649638,-0.7260084284361262,3
-2.211718283649638,-0.7260084284361262,3
-2.211718283649638,-0.7260084284361262,3
-1.675967124683183,-1.0913248483719662,3
-1.3234343773580561,-0.6891493488699763,3
-1.8546595719415677,-1.4601926362004947,3
-2.1607721861047335,-1.2935129303079138,3
-1.8012999654306725,-0.9549964147218809,3
0.963375794210296,0.282728973989004,2
-1.205574305663122,-1.2952986389950607,3
-0.9763581335592968,-0.9725931349180906,3
-1.3465999916343805,-1.7640296958378383,3
-1.8397694363528028,-0.733219820170263,3
-0.8171399345681165,-1.1875712206897455,3
1.2502708968546843,0.8911190260556636,1
0.8487710292281404,0.7417448867465297,2
0.19315850833538586,0.6956557543640638,1
0.548827986141601,0.9459887364235967,1
-1.3082023678621653,-0.37631920936058794,3
-0.4623810291025819,-0.7813809790399997,3
-0.6737171491448647,-1.0046334365567935,3
0.9163410522074155,0.7416327158504405,1
-0.4338391095992118,-1.062857797929775,3
-0.47994035237958693,-0.91302916342965,3
0.1599072767036962,0.8385270844647927,1
0.20839260310094862,1.1611275671478756,1
-0.26967258323459536,1.0281829442922128,6
0.16988088986199093,0.8329710567283046,1
0.880085132466184,0.6378725830822325,1
-0.7348680102767093,-0.9705626161310255,3
-0.869818751189618,-0.7454559158852521,3
-0.36986908659491763,-0.8990501364374419,3
-1.4779608087833633,-0.2068127472793288,3
-0.7749540697179756,-1.6707828372511,3
0.9577110225738383,0.32019584176660154,1
0.5786187761276576,0.9465781027251786,1
-1.4779608087833633,-0.2068127472793288,3
-0.43590584993613657,-0.8623875035688061,3
-1.011509997011071,-0.4543729020486267,2
-1.4779608087833633,-0.2068127472793288,3
-1.552671242960322,-1.3627617516882633,3
-1.1970165207434067,-1.2412813142668844,3
-1.7297005967676158,-0.9941346705813883,3
0.46595236896589515,0.9428668859894381,1
-1.3082023678621653,-0.37631920936058794,3
4.7000240851743325,-0.8165130274103052,5
0.17957083691095646,0.9025977232575535,1
1.446336206209333,0.7228434950326196,1
-0.9768378272829492,-0.486359782995717,3
1.7554921707370221,1.4719060948310048,1
-1.0349466655730908,-1.8759880942665053,3
-1.366290555366662,-1.5415279305980265,3
-0.34837067796327115,-1.0236018394111768,2
0.12067504250342166,0.6608619918304973,1
-1.0213225749094332,-1.2100184885125187,3
0.30541122120226083,0.4830167550540194,1
-0.7728748584767288,-0.6749265786851902,3
-0.7594617557178283,-0.9568557964480243,3
-1.4779608087833633,-0.2068127472793288,3
-0.8330504965478377,-1.1153983020649305,3
-1.1384439269409672,-0.5458256714418468,3
-0.3888545265710734,-1.2382238971430017,3
-0.16982023557336015,0.6441169139929276,6
-1.3082023678621653,-0.37631920936058794,3
-1.6314187019644324,-0.9196928458423254,3
-1.1384439269409672,-0.5458256714418468,3
-1.1384439269409672,-0.5458256714418468,3
-1.0556673357469981,-1.0286156168532208,2
-1.4616602610432343,-1.0891993079235844,3
-1.4779608087833633,-0.2068127472793288,3
0.7814232767564994,0.779170623755498,2
-1.0981424667260908,-0.8927505320863975,3
-1.4779608087833633,-0.2068127472793288,3
-0.06494362375180099,0.8391997886669634,6
-1.1826012656768943,-1.120068386246441,3
-1.4779608087833633,-0.2068127472793288,3
-0.2896517223349766,-1.3933579818481419,3
-1.3082023678621653,-0.37631920936058794,3
-1.3082023678621653,-0.37631920936058794,3
-1.3082023678621653,-0.37631920936058794,3
-1.1384439269409672,-0.5458256714418468,3
-0.9547155942094278,-0.8104934257575434,2
-0.8115397995858565,-1.8008781557655016,3
-1.4779608087833633,-0.2068127472793288,3
-1.6314187019644324,-0.9196928458423254,3
-1.8768012430495031,-1.587468037159737,3
0.07566252682702485,0.9604115184109868,1
-0.7015471482681271,-1.662618977961749,3
-1.6633793544014077,-1.5051415132677004,3
-0.7517333219962691,-1.4351682977088347,3
-1.4752907831929805,-1.7177017841559,2
-1.4779608087833633,-0.2068127472793288,3
0.3477846552255825,1.0084933802696758,1
-0.09000948307267652,0.9281881457105801,6
0.4742456812152745,0.6262700096431539,2
-1.3117658074553562,-1.6092641742531488,2
-1.3082023678621653,-0.37631920936058794,3
-1.3518049580257214,-0.6764525231586416,3
-1.3082023678621653,-0.37631920936058794,3
0.9925266498650263,0.6619461014996104,2
0.3923338540453759,0.6341176101817382,1
-0.2550602951046407,-1.2373687241913063,3
-1.1384439269409672,-0.5458256714418468,3
-1.2101227310985145,-0.8302981240909469,3
-1.3082023678621653,-0.37631920936058794,3
-1.291901820122036,-1.2587057700048434,3
-1.3082023678621653,-0.37631920936058794,3
-1.3082023678621653,-0.37631920936058794,3
-1.5242350054610116,-0.9794796660990629,3
-1.2514079650605219,-0.7324397330695045,3
-1.5709608154883765,-1.2278366916819876,3
-1.1384439269409672,-0.5458256714418468,3
-1.3082023678621653,-0.37631920936058794,3
-0.9686854860197691,-0.7153321335231057,3
2.5381170113979357,0.45679162317615607,1
5.389080854017801,-0.7834789377461184,5
2.5686929667080567,0.28823946432880365,1
0.6874536924509962,1.0169786743275897,2
0.10823931215054071,1.402311869099571,1
0.3327114464917697,1.078195848406752,1
-0.7662834886953789,-0.6175421095602687,3
0.7529085068254644,0.3823867878430877,2
-1.1438682503831856,-0.6067785264421524,3
-1.1556450756305745,-0.5501954612234218,3
-1.166884698632947,-1.1428015379296261,3
-1.3254035165517728,-0.3806889991421629,3
-1.2952552338785133,-1.5950299785191924,3
-0.9858866347093765,-0.7197019233046807,3
2.2347397325796066,-0.20038942351410105,1
1.278358508083321,0.2635792095154855,2
4.266051996248377,-1.0461634928750931,5
5.267491562642432,-1.2287964666226054,5
0.9065117066973234,0.533892031311044,1
-0.8186607461881582,-1.5363348139767572,3
0.8312342562476019,0.9257156552892941,1
1.4100090524137345,1.6011570268508455,1
-0.32362519539404383,-0.9268565232360629,2
0.6773963007195596,0.4617054180218243,1
1.370660043615682,0.4283066557558797,1
0.5944636871456936,0.9443072960551822,2
-0.6365964687552962,-1.2387236611322212,3
0.44505280113455137,0.5908293509316981,1
0.27975770517141113,0.6828739341014698,1
0.05123733391816323,-1.3454256132610367,3
0.8128629580928117,0.18732729973113899,1
-1.1556450756305745,-0.5501954612234218,3
1.0630352446715639,0.7218596072927341,1
0.3140824800316468,1.2878565113008085,1
-0.0006974078044089959,1.1511687445750791,2
-0.5042302680743653,-0.7513063212829901,2
-0.8589504901879594,-1.7133451274389582,3
-0.5251427306074031,-0.976742303187991,3
1.144088544734684,1.31258709908132,2
-0.4480293428967349,-0.8575131283262847,2
0.6487802827759312,1.226106189684024,1
0.8527724713122118,1.000188460095704,2
-1.4951619574729709,-0.21118253706090379,3
-1.0287111457006786,-0.45874269183020167,2
-0.6061015655558842,-1.4037749628254643,3
0.736942275410263,0.5528278585920844,1
0.2787920510754653,0.8335260874456658,1
1.392659978616395,0.6152287254490587,1
-0.05238516353196742,-1.507875737940375,2
-1.4911461692101584,-0.5514461076354117,3
0.3932866447549299,0.9692902429789928,1
0.027548593742228806,0.9732527252100704,1
5.500756094682412,-0.9968888763685205,5
0.9949219755395347,0.9587782707802298,1
10.72921210266237,-3.5653890914094206,4
0.6932399159888066,1.0021670890929408,1
-1.1984695866218766,-0.2892362297489426,2
-0.6891942638582823,-0.7977556159927194,2
-1.1408776364789373,-1.0824553885667527,3
-0.04028784041834466,1.0860325659646413,6
3.4491722441312325,-0.02703065577140842,5
0.16430249008118736,0.6977595600901252,1
-1.0287111457006786,-0.45874269183020167,2
-1.054583932518216,-2.003407604839451,3
-1.0336450218385616,-1.6161802244031205,3
-1.0458284161613607,1.1792060867031267,6
0.530587999736366,0.3438793893284155,1
-0.7336167309285528,-0.7107472712421187,3
0.43965746710389825,0.7128470703689241,1
-1.0729039568964673,-1.1952182601750836,3
-1.1257739138353438,-0.41728419719662957,3
-0.6051518023198327,-2.0093663645536024,3
0.5971510968063841,1.52936257883822,1
-0.8589527047794805,-0.6282491539114605,2
-0.5368340794542351,-1.0947733243963067,3
-1.3254035165517728,-0.3806889991421629,3
-1.4179235959679382,-1.1275626554080491,3
-0.9422709817197787,-1.5918537161215027,3
4.486948022984694,-0.5138267206414209,5
0.05283768193875023,0.9218010094137777,2
0.1563676053259539,0.7021673693206045,1
-1.4951619574729709,-0.21118253706090379,3
6.101807411801117,-2.0110994960910484,5
-1.64861985065404,-0.9240626356239002,3
-0.8589527047794805,-0.6282491539114605,2
-0.5038105451578927,-0.9136869321479841,3
1.7233140810571206,1.901742993240654,1
0.12532568906536512,1.0452611290612985,1
1.835001279076048,0.4662689225038044,1
-0.7769898379197344,-0.6115869714281907,3
3.355440698240622,-0.060190863785986724,5
-1.2861424451536616,-1.874593195509203,3
-1.319182764539536,-1.7811765704393143,3
-1.0287111457006786,-0.45874269183020167,2
0.9946369579002593,0.28585132866492835,1
-1.4951619574729709,-0.21118253706090379,3
-1.4538439250586974,-0.8331043524288162,3
2.3024203220569164,0.16035102576482088,1
-1.539319296208898,-0.7854252518654977,3
-1.1556450756305745,-0.5501954612234218,3
3.1135204372470358,-0.2113974713628421,5
-1.3254035165517728,-0.3806889991421629,3
0.4105001930309781,0.4858095113317105,1
-1.6285336469233826,-2.207435689469402,3
0.22081487778255907,0.7906575911493917,1
-1.159177622058822,-0.5982436915705831,3
0.6239071496995625,0.8413585422994005,1
0.34356492146100887,1.1963208938383365,1
-1.20368748053381,-2.244032452762662,3
-1.0040391481875157,-1.4822812038588544,3
-1.1556450756305745,-0.5501954612234218,3
-0.965609966649662,-1.0928131140217658,2
-0.7769898379197344,-0.6115869714281907,3
-0.9599605680065814,-0.7092349165078818,3
0.7825738972230649,0.6779990688222731,1
-0.8589527047794805,-0.6282491539114605,2
-1.4951619574729709,-0.21118253706090379,3
-0.7133713606451266,-2.143949914467946,3
0.18177674301505764,0.3405403750037235,1
0.16187602727170197,-1.3585633419864007,3
-1.1984695866218766,-0.2892362297489426,2
1.0727110965936983,0.716503744353027,1
-0.025559940834452975,0.8784344473359136,1
1.2281625226147643,0.2047852912313154,1
0.3327114464917697,1.078195848406752,1
0.41692878908392234,0.40703414462436105,1
-0.8801752476360366,-0.9766462311965898,3
0.17531127891113454,0.4684438831085787,1
-0.5250725418297563,-2.0978376911170513,3
-1.0021964940765342,-1.3739459717165476,3
-1.3091029688116436,-1.2630755597864183,3
-0.7327968540218386,-1.0978889297907735,2
-0.8440464969741464,-1.7216269442914032,3
-1.4701257380726984,-0.472919567335942,3
0.8040542997740483,0.9520769332179904,2
-1.14153620711569,-1.6309653387525858,3
-1.199247665794131,-0.8503287750214755,3
-0.9858866347093765,-0.7197019233046807,3
-0.7206876713908796,-1.7901296343069708,3
-0.2791217453307847,-1.1511409175313563,2
2.5535904474964264,-0.025679987742634604,1
-1.1556450756305745,-0.5501954612234218,3
1.1176015177507155,0.7297917904458067,2
-1.3254035165517728,-0.3806889991421629,3
-1.2893773623333475,-1.1243191033958824,3
-0.7173016878250613,-0.7198328995137796,3
-0.8009226389254596,-0.6732526285949514,3
-1.0049703728085164,-1.0335105581806052,3
-0.12631221120318334,1.133907408971006,6
-1.1747288137297147,-0.8640040960993464,3
-0.9226066404918325,-1.925900857362516,3
-1.4931850702399074,-1.684320446704284,3
-0.24578148241428005,1.7244709902932276,6
-0.30410991031563417,0.5457825914087149,6
0.35321608127550125,0.4424691055692128,1
0.12147106492922473,1.5944501226196528,6
-1.4951619574729709,-0.21118253706090379,3
-1.1556450756305745,-0.5501954612234218,3
-1.4951619574729709,-0.21118253706090379,3
1.6548582729260484,0.3946523375733601,1
-1.1556450756305745,-0.5501954612234218,3
-1.3254035165517728,-0.3806889991421629,3
-1.3254035165517728,-0.3806889991421629,3
-1.1984695866218766,-0.2892362297489426,2
-1.1556450756305745,-0.5501954612234218,3
-1.1556450756305745,-0.5501954612234218,3
-1.4951619574729709,-0.21118253706090379,3
-0.6891942638582823,-0.7977556159927194,2
-1.0287111457006786,-0.45874269183020167,2
-0.18990660783781385,-1.163369958926513,3
-0.7602272042325167,-0.6959255560177485,3
-1.0066921785958822,-0.4836774961342593,3
-1.736800066559319,-2.072121097199975,3
-1.5124899598198258,-2.4713003022379385,3
-1.4124208387388635,-0.8562053360125655,3
-1.3254035165517728,-0.3806889991421629,3
-1.3254035165517728,-0.3806889991421629,3
-1.1984695866218766,-0.2892362297489426,2
-1.3254035165517728,-0.3806889991421629,3
-1.4951619574729709,-0.21118253706090379,3
-1.3254035165517728,-0.3806889991421629,3
-1.3254035165517728,-0.3806889991421629,3
-1.4951619574729709,-0.21118253706090379,3
-0.8589527047794805,-0.6282491539114605,2
-1.4951619574729709,-0.21118253706090379,3
-1.3254035165517728,-0.3806889991421629,3
-1.1556450756305745,-0.5501954612234218,3
-1.3254035165517728,-0.3806889991421629,3
-0.962338130113921,0.9877840125633294,6
-1.1556450756305745,-0.5501954612234218,3
-1.4951619574729709,-0.21118253706090379,3
-1.3254035165517728,-0.3806889991421629,3
-1.0287111457006786,-0.45874269183020167,2
-1.1556450756305745,-0.5501954612234218,3
-0.8627553029919209,-1.7112306829453976,3
-0.5398547049735173,-1.168095335839161,3
-1.5708446409663026,-1.441470622630662,3
-1.2247564017861254,-1.035696374931027,3
-1.2882310406163253,-1.1998844995120095,3
-0.7797079497532127,-0.6850729922677978,3
-1.4179235959679382,-1.1275626554080491,3
-1.557013009728644,-1.6487563200848907,3
-1.1936326766397714,-0.5790327863213405,3
-1.539319296208898,-0.7854252518654977,3
-0.6668999419903927,-0.747892491129966,3
-1.2426269253578037,-0.8634789445535366,2
-1.1984695866218766,-0.2892362297489426,2
-0.5321774548393974,-0.8978951657968366,3
-1.5027988249530677,-1.2798242513315323,3
-0.7758267335733023,-1.2361332460304904,3
-0.5194358229370841,-0.9672620780739786,2
-1.0294892248729328,-1.0198352371027346,3
-1.2011110591044243,-0.774434204117788,3
-1.4951619574729709,-0.21118253706090379,3
-1.1747288137297147,-0.8640040960993464,3
-1.5552816590861909,-1.2505493998000567,3
-1.64861985065404,-0.9240626356239002,3
-0.22526250788682003,-1.4556190279817707,2
1.2563141439581105,0.7010678254253311,2
-1.3934421545452833,-1.1412175329208034,3
-1.0728684844366057,-1.0329854066347957,2
-1.3254035165517728,-0.3806889991421629,3
-0.9025552949430368,-0.9283824677095143,2
-1.311294648036888,-1.4614588766713268,3
-1.3254035165517728,-0.3806889991421629,3
-1.3254035165517728,-0.3806889991421629,3
-0.946421345328634,-0.7917191241483403,3
-1.3254035165517728,-0.3806889991421629,3
-0.8589527047794805,-0.6282491539114605,2
-1.3254035165517728,-0.3806889991421629,3
-1.3254035165517728,-0.3806889991421629,3
-1.1556450756305745,-0.5501954612234218,3
-1.1556450756305745,-0.5501954612234218,3
-1.4951619574729709,-0.21118253706090379,3
-1.4951619574729709,-0.21118253706090379,3
-1.1556450756305745,-0.5501954612234218,3
-1.0549979608649271,-1.205202837012286,3
-1.0559089529825834,-0.9302542900811621,3
-1.5969035888240513,-1.152507016692568,3
-1.3575031201336436,-1.4356860576825952,3
-1.1556450756305745,-0.5501954612234218,3
-1.3254035165517728,-0.3806889991421629,3
-0.8589527047794805,-0.6282491539114605,2
-1.1984695866218766,-0.2892362297489426,2
-1.1556450756305745,-0.5501954612234218,3
-1.4951619574729709,-0.21118253706090379,3
-1.3254035165517728,-0.3806889991421629,3
-1.4951619574729709,-0.21118253706090379,3
-1.3254035165517728,-0.3806889991421629,3
-1.1556450756305745,-0.5501954612234218,3
-1.3254035165517728,-0.3806889991421629,3
-1.1984695866218766,-0.2892362297489426,2
-1.3254035165517728,-0.3806889991421629,3
-1.4951619574729709,-0.21118253706090379,3
-0.33447182715316714,-0.9208127833642491,2
0.033124993755735806,0.6956732376631871,1
0.5903481245499549,0.3107031693575229,1
-0.8863176642265965,-1.6981346219672881,3
-0.6805969903628519,-0.8152094107317489,3
-0.8534933216439679,-1.3924091316818057,3
-1.3254035165517728,-0.3806889991421629,3
-1.4951619574729709,-0.21118253706090379,3
-1.1556450756305745,-0.5501954612234218,3
-1.1707247516611423,-2.0511946184263663,2
-0.49123541262769355,0.6821992303448325,6
-1.2686091137501294,-0.7368095228510794,3
-1.4951619574729709,-0.21118253706090379,3
-0.28687373192420285,1.023813154510638,6
-1.5632005954664814,-0.9717110708395444,3
-0.5812810476134767,-0.8705498346660112,3
-0.04028784041834466,1.0860325659646413,6
-0.36057042636903686,-1.3429085557164409,3
-0.23701251558717998,0.6484972192829446,6
0.6576752471543222,0.94657981091572,1
2.6341447278655243,-0.07012716337382364,1
-1.0287111457006786,-0.45874269183020167,2
0.6642988434404744,1.3794377081213811,2
-1.1734333672216042,-0.5509732600239806,2
-1.4951619574729709,-0.21118253706090379,3
0.13880682387162346,0.7989668142943701,2
4.48995677143271,-0.410933415989044,5
-1.2648381686698305,-0.8868955288488073,3
-1.4701257380726984,-0.472919567335942,3
-0.6609938535488917,0.8517056924260915,6
-1.1306088562303023,-0.8119324914984597,3
-0.6609938535488917,0.8517056924260915,6
-1.3254035165517728,-0.3806889991421629,3
-1.7182210867065077,-2.157530910403321,3
-0.8161281937881784,-0.8892083853859397,3
-1.3254035165517728,-0.3806889991421629,3
0.7003840861980422,0.9228648421258795,1
0.47083383273012075,1.3249710852890106,1
0.2787920510754653,0.8335260874456658,1
-1.4951619574729709,-0.21118253706090379,3
0.06881683993067378,1.424259618260315,6
0.5102625057127006,0.9535210845753331,1
-1.4951619574729709,-0.21118253706090379,3
-1.4951619574729709,-0.21118253706090379,3
-1.3254035165517728,-0.3806889991421629,3
0.3976301561650706,0.6549150255367403,2
0.38541011196949015,0.9736646087441422,1
-1.3254035165517728,-0.3806889991421629,3
-1.3254035165517728,-0.3806889991421629,3
0.03217819137176284,1.0457360444602484,1
-0.6631319627660248,-0.8623020290539087,2
1.9172441083923244,1.0459668383826397,1
2.4931993573882174,0.8511859346084173,1
7.333413258563661,-1.9598352314607463,5
5.539351905966966,-1.0654093013921857,5
4.688094668467229,-0.3307030187140966,5
2.3626852431112297,0.4402134048506939,2
1.5508029475465253,0.850311526594751,1
0.1280128753734013,1.19186745082448,1
2.5097739478367607,0.44397120660747347,1
1.4968536882550245,1.2305941723985976,1
3.0301216483270417,-0.07975358757496294,5
1.167616280268342,0.7396072530791139,1
0.9230327603353302,0.6757496471790098,1
1.389672140681901,0.266429926168123,1
1.3289768016799761,1.247716415241461,1
1.1005079547189691,0.2551178360233643,1
1.3178543213456466,0.6669874597399018,2
0.3933857197651959,1.243828167487939,1
0.8551240099295038,0.6378011428880945,1
0.6052868445136487,0.45327623208666146,1
-1.4951619574729709,-0.21118253706090379,3
1.152663949032441,0.6722581261948192,1
-0.2163582613648468,-3.4157410932026764,3
0.08107280178636052,0.8192225556012999,1
-0.33329376079672374,-2.554226271317853,3
-0.06628454710738395,0.8259986641301813,6
0.8981226294317205,0.8886837286785696,1
1.2802037051602926,0.32697078599736634,1
-1.1556450756305745,-0.5501954612234218,3
0.4285292561336052,0.6751407684228776,1
-1.3254035165517728,-0.3806889991421629,3
-1.4951619574729709,-0.21118253706090379,3
-1.4951619574729709,-0.21118253706090379,3
-0.03386307747145247,0.883047796199968,1
-0.946421345328634,-0.7917191241483403,3
-0.8792671331833783,-0.5546657915403385,3
0.738616265246649,0.9770191377919951,1
-1.3254035165517728,-0.3806889991421629,3
-1.227323879788122,-0.8346679138725218,3
-1.539319296208898,-0.7854252518654977,3
-1.4951619574729709,-0.21118253706090379,3
-1.4931850702399074,-1.684320446704284,3
-0.27965975793983344,-1.0383123543736468,3
-1.2851020563368967,-0.7276138597867133,3
-1.3085856308810349,-0.9889457152147625,3
-1.2133100269646238,-0.5680599659961264,3
-1.031352618183226,-0.943940666199047,3
-1.2840854841374993,-1.0026108145100752,3
-1.6157208402413659,-0.9424157757429523,3
-1.5027988249530677,-1.2798242513315323,3
-0.9858866347093765,-0.7197019233046807,3
0.46783399610315407,1.4018229551138008,1
1.945499443165412,1.3809188536073493,1
0.5400365318132876,0.8878530857482417,1
-0.09765379294572007,1.3174615650144743,6
0.4008271404450222,0.7657881628971162,1
-1.2019192723082228,-1.3228623800431558,3
-1.4572033741932346,-1.903846341775342,3
-1.6554870207465446,-1.9929610597079226,3
0.13589536344974565,0.7135413341187089,1
-0.36371120261253576,1.0666263047907751,6
-1.4951619574729709,-0.21118253706090379,3
0.16539523550002783,0.6220255262964145,1
-1.2090681870067599,-1.7671266374868169,3
0.4057259810053614,0.9249788568388861,2
-1.0076439037901281,-1.7548947439219762,3
-1.1756892699664698,-0.589037806723659,3
-1.289148261504224,-1.7978789046557373,3
-1.3254035165517728,-0.3806889991421629,3
-1.4951619574729709,-0.21118253706090379,3
-1.3254035165517728,-0.3806889991421629,3
-1.4951619574729709,-0.21118253706090379,3
-1.5677287042416024,-1.642784132690984,3
-1.4951619574729709,-0.21118253706090379,3
-1.3254035165517728,-0.3806889991421629,3
-1.4951619574729709,-0.21118253706090379,3
-1.4951619574729709,-0.21118253706090379,3
-1.3254035165517728,-0.3806889991421629,3
-1.4951619574729709,-0.21118253706090379,3
-1.3254035165517728,-0.3806889991421629,3
-1.3254035165517728,-0.3806889991421629,3
0.25675621146038136,0.5712113044931567,1
-0.268787334527399,1.0137392827509653,6
-1.2016073991074836,-2.4330082807345135,2
-1.4029554239423878,-2.0090517603885587,3
-1.8066062618050234,-1.8338330516987107,3
-0.7900760071663363,-0.6792963684667652,3
-1.0692932359501879,-0.9227937240812499,3
-1.7579204050991821,-1.0627000193823037,3
-1.4951619574729709,-0.21118253706090379,3
-1.64861985065404,-0.9240626356239002,3
-1.47624969036427,-1.7686516034160786,3
-1.4951619574729709,-0.21118253706090379,3
-1.1295827745383171,-0.6147418742846109,3
-1.0435515860434257,-0.7375664280773855,3
-1.3366431395541454,-0.9732950758483669,3
-1.1556450756305745,-0.5501954612234218,3
-1.3254035165517728,-0.3806889991421629,3
-1.4951619574729709,-0.21118253706090379,3
-1.3695608552876999,-0.9549317139467567,3
-1.4951619574729709,-0.21118253706090379,3
-1.3085856308810349,-0.9889457152147625,3
-1.3254035165517728,-0.3806889991421629,3
-1.3695608552876999,-0.9549317139467567,3
-1.1556450756305745,-0.5501954612234218,3
-1.4951619574729709,-0.21118253706090379,3
-1.4810530889580864,-1.2919524145900678,3
-1.3254035165517728,-0.3806889991421629,3
-1.6157208402413659,-0.9424157757429523,3
2.7016941057663018,1.1313508425800156,1
1.0967503209626825,1.4204238466398589,1
-0.6416845704256094,-1.1802213601932472,2
-1.7273259720249634,-2.383395004022412,3
-1.1452876637254854,-1.4608026433294288,3
0.739429152595093,0.47130004354416233,1
-1.0005107353912879,1.1907186165886094,6
-1.2899117693066173,-1.1473296087774767,3
-1.0240610685715563,-2.806278305875819,2
-1.4951619574729709,-0.21118253706090379,3
